pillar,keyword,search_volume,cpc,competition,competition_level,low_bid,high_bid,keyword_difficulty,main_intent
core,affirmations daily,368000,3.54,0.97,HIGH,0.02,3.4,40,informational
core,affirmations for day,368000,3.54,0.97,HIGH,0.02,3.4,45,informational
core,daily affirmations,368000,3.54,0.97,HIGH,0.02,3.4,40,informational
core,affirmations for positivity,74000,2.19,1,HIGH,0.02,5.13,42,informational
core,affirmations positives,74000,2.19,1,HIGH,0.02,5.13,47,informational
core,affirmations positive affirmations,74000,2.19,1,HIGH,0.02,5.13,42,informational
core,affirmations positive,74000,2.19,1,HIGH,0.02,5.13,42,informational
core,affirmations for positive,74000,2.19,1,HIGH,0.02,5.13,42,informational
core,affirmations about positivity,74000,2.19,1,HIGH,0.02,5.13,42,informational
core,affirmations positivity,74000,2.19,1,HIGH,0.02,5.13,42,informational
core,positive affirmations,74000,2.19,1,HIGH,0.02,5.13,42,informational
core,affirmations,49500,2.26,0.63,MEDIUM,0.02,2.68,48,informational
core,affirmations affirmations,49500,2.26,0.63,MEDIUM,0.02,2.68,44,informational
core,word of affirmations,49500,2.52,0.21,LOW,0.03,20,9,informational
core,definition affirmations,14800,,0,LOW,,,47,informational
core,define affirmations,14800,,0,LOW,,,25,informational
core,meaning of affirmations,14800,,0,LOW,,,25,informational
core,definition of affirmations,14800,,0,LOW,,,43,informational
core,childhood affirmations,12100,0.29,1,HIGH,0.03,1.32,0,informational
core,affirmations definition,9900,,0,LOW,,,43,informational
core,positive affirmations for women,8100,1.2,1,HIGH,0.02,0.85,20,informational
core,affirmations for the morning,8100,3.88,0.36,MEDIUM,0.03,3.06,15,informational
core,daily affirmations for woman,8100,1.53,1,HIGH,0.02,1.23,16,informational
core,women's affirmations,8100,2.21,1,HIGH,0.02,0.22,12,informational
core,women affirmations,8100,2.21,1,HIGH,0.02,0.22,12,informational
core,morning affirmations,8100,3.88,0.36,MEDIUM,0.03,3.06,15,informational
core,daily affirmations for women,8100,1.53,1,HIGH,0.02,1.23,15,informational
core,affirmations for women,8100,2.21,1,HIGH,0.02,0.22,12,informational
core,affirmations for morning,8100,3.88,0.36,MEDIUM,0.03,3.06,5,informational
core,affirmations morning,8100,3.88,0.36,MEDIUM,0.03,3.06,15,informational
core,flippa t affirmations,6600,,0,LOW,,,0,informational
core,affirmations for self,5400,1.69,0.48,MEDIUM,0.02,3.13,48,informational
core,affirmations for the day,5400,6.23,0.62,MEDIUM,0.02,1.46,30,informational
core,self-affirmations,5400,1.69,0.48,MEDIUM,0.02,3.13,48,informational
core,affirmations self,5400,1.69,0.48,MEDIUM,0.02,3.13,48,informational
core,self affirmations,5400,1.69,0.48,MEDIUM,0.02,3.13,26,informational
core,snoop dogg affirmations,5400,0.09,0,LOW,,,18,informational
core,affirmations of the day,5400,6.23,0.62,MEDIUM,0.02,1.46,45,informational
core,loving self affirmations,4400,1.39,0.84,HIGH,0.02,0.97,2,informational
core,loving the self affirmations,4400,1.39,0.84,HIGH,0.02,0.97,2,informational
core,affirmations on money,4400,1.15,0.47,MEDIUM,0.21,13.72,0,informational
core,affirmations songs,4400,0.05,0,LOW,0.04,1.06,0,informational
core,affirmations self love,4400,1.39,0.84,HIGH,0.02,0.97,3,informational
core,affirmations of self love,4400,1.39,0.84,HIGH,0.02,0.97,0,informational
core,love self affirmations,4400,1.39,0.84,HIGH,0.02,0.97,2,informational
core,affirmations on self love,4400,1.39,0.84,HIGH,0.02,0.97,2,informational
core,affirmations of self-love,4400,1.39,0.84,HIGH,0.02,0.97,2,informational
core,i.am affirmations,4400,1.04,1,HIGH,0.04,20,32,informational
core,iam affirmations,4400,1.04,1,HIGH,0.04,20,23,informational
core,i am affirmations,4400,1.04,1,HIGH,0.04,20,24,informational
core,affirmations for self-love,4400,1.39,0.84,HIGH,0.02,0.97,2,informational
core,affirmations i am,4400,1.04,1,HIGH,0.04,20,32,informational
core,self love affirmations,4400,1.39,0.84,HIGH,0.02,0.97,2,informational
core,affirmations for self love,4400,1.39,0.84,HIGH,0.02,0.97,2,informational
core,affirmations money,4400,1.15,0.47,MEDIUM,0.21,13.72,0,informational
core,self-love affirmations,4400,1.39,0.84,HIGH,0.02,0.97,0,informational
core,affirmations on self-love,4400,1.39,0.84,HIGH,0.02,0.97,2,informational
core,affirmations about self love,4400,1.39,0.84,HIGH,0.02,0.97,0,informational
core,today's affirmations,4400,3.37,0.32,LOW,0.02,2.22,45,informational
core,affirmations for money,4400,1.15,0.47,MEDIUM,0.21,13.72,0,informational
core,affirmations about money,4400,1.15,0.47,MEDIUM,0.21,13.72,1,informational
core,money affirmations,4400,1.15,0.47,MEDIUM,0.21,13.72,0,informational
core,i am that i am affirmations,4400,1.04,1,HIGH,0.04,20,8,informational
core,affirmations about self-love,4400,1.39,0.84,HIGH,0.02,0.97,2,informational
core,self loving affirmations,4400,1.39,0.84,HIGH,0.02,0.97,0,informational
core,affirmations for today,4400,3.37,0.32,LOW,0.02,2.22,45,informational
core,affirmations song,4400,0.05,0,LOW,0.04,1.06,13,informational
core,today affirmations,4400,3.37,0.32,LOW,0.02,2.22,45,informational
core,quotes positive affirmations,3600,1.73,1,HIGH,0.03,3.08,14,informational
core,positive affirmations quotes,3600,1.73,1,HIGH,0.03,3.08,28,informational
core,male positive affirmations,3600,3.7,0.6,MEDIUM,0.02,9.73,0,informational
core,louise hay affirmations,3600,1.64,0.08,LOW,0.28,2.21,8,informational
core,affirmations positive quotes,3600,1.73,1,HIGH,0.03,3.08,14,informational
core,quotes on positive affirmations,3600,1.73,1,HIGH,0.03,3.08,14,informational
core,affirmations louise hay,3600,1.64,0.08,LOW,0.28,2.21,8,informational
core,positive affirmations man,3600,3.7,0.6,MEDIUM,0.02,9.73,,informational
core,positive affirmations sayings,3600,1.73,1,HIGH,0.03,3.08,24,informational
core,positive affirmations and quotes,3600,1.73,1,HIGH,0.03,3.08,23,informational
core,positive affirmations phrases,3600,1.73,1,HIGH,0.03,3.08,4,informational
core,powerful daily affirmations,3600,5.55,1,HIGH,0.03,20,40,informational
core,affirmations from louise hay,3600,1.64,0.08,LOW,0.28,2.21,8,informational
core,positive affirmations quote,3600,1.73,1,HIGH,0.03,3.08,14,informational
core,positive affirmations for men,3600,3.7,0.6,MEDIUM,0.02,9.73,4,informational
core,positive affirmations men,3600,3.7,0.6,MEDIUM,0.02,9.73,5,informational
core,quotes about positive affirmations,3600,1.73,1,HIGH,0.03,3.08,14,informational
core,affirmations by louise hay,3600,1.64,0.08,LOW,0.28,2.21,8,informational
core,affirmations card,3600,0.8,1,HIGH,0.33,1.08,36,transactional
core,positive quotes affirmations,3600,1.73,1,HIGH,0.03,3.08,24,informational
core,positive quotes and affirmations,3600,1.73,1,HIGH,0.03,3.08,37,informational
core,daily positive affirmations,2900,4.27,1,HIGH,0.04,3.52,40,informational
core,positive affirmations of the day,2900,4.34,0.99,HIGH,0.03,3.98,39,informational
core,positive affirmations for the day,2900,4.34,0.99,HIGH,0.03,3.98,28,informational
core,bible affirmations,2900,5.7,0.57,MEDIUM,0.03,20,0,informational
core,positive affirmations day,2900,4.34,0.99,HIGH,0.03,3.98,28,informational
core,positive daily affirmations,2900,4.27,1,HIGH,0.04,3.52,40,informational
core,biblical affirmations,2900,5.7,0.57,MEDIUM,0.03,20,0,informational
core,positive affirmations daily,2900,4.27,1,HIGH,0.04,3.52,40,informational
core,affirmations synonym,2900,,0,LOW,,,0,informational
core,scriptural affirmations,2900,5.7,0.57,MEDIUM,0.03,20,0,informational
core,what affirmations,2900,1.33,0.11,LOW,0.03,3.11,23,informational
core,positive affirmations everyday,2900,4.27,1,HIGH,0.04,3.52,42,informational
core,affirmations example,2900,3.31,0.55,MEDIUM,0.02,1.3,15,informational
core,gender affirmations,2900,6.98,0.03,LOW,2.5,5.96,0,informational
core,daily affirmations positive,2900,4.27,1,HIGH,0.04,3.52,40,informational
core,example of affirmations,2900,3.31,0.55,MEDIUM,0.02,1.3,42,informational
core,another word for affirmations,2900,,0,LOW,,,0,informational
core,disappointed affirmations,2900,0.37,0.89,HIGH,0.22,0.55,0,informational
core,positive short affirmations,2900,1.71,1,HIGH,0.04,20,23,informational
core,affirmations biblical,2900,5.7,0.57,MEDIUM,0.03,20,0,informational
core,affirmations bible,2900,5.7,0.57,MEDIUM,0.03,20,0,informational
core,short positive affirmations,2900,1.71,1,HIGH,0.04,20,23,informational
core,affirmations scripture,2900,5.7,0.57,MEDIUM,0.03,20,0,informational
core,example affirmations,2900,3.31,0.55,MEDIUM,0.02,1.3,15,informational
core,positive day affirmations,2900,4.34,0.99,HIGH,0.03,3.98,15,informational
core,affirmations in the bible,2900,5.7,0.57,MEDIUM,0.03,20,0,informational
core,disappointing affirmations,2900,0.37,0.89,HIGH,0.22,0.55,0,informational
core,affirmations from the bible,2900,5.7,0.57,MEDIUM,0.03,20,0,informational
core,daily affirmations for positivity,2900,4.27,1,HIGH,0.04,3.52,39,informational
core,affirmations synonyms,2900,,0,LOW,,,0,informational
core,scripture affirmations,2900,5.7,0.57,MEDIUM,0.03,20,0,informational
daily,daily affirmations positivity,2900,4.27,1,HIGH,0.04,3.52,39,informational
biblical,bible affirmations scriptures,2900,5.7,0.57,MEDIUM,0.03,20,8,informational
daily,daily affirmations for men,2400,4.53,0.66,MEDIUM,0.03,2.13,8,informational
daily,daily affirmations men,2400,4.53,0.66,MEDIUM,0.03,2.13,8,informational
men,affirmations for men,2400,4.34,0.52,MEDIUM,0.02,5.5,0,informational
positive,positive affirmations in the morning,1900,6.68,0.42,MEDIUM,0.05,20,6,informational
positive,positive affirmations for mental health,1900,1.72,1,HIGH,0.05,20,17,informational
positive,positive affirmations for morning,1900,6.68,0.42,MEDIUM,0.05,20,2,informational
positive,positive morning affirmations,1900,6.68,0.42,MEDIUM,0.05,20,6,informational
positive,morning positive affirmations,1900,6.68,0.42,MEDIUM,0.05,20,7,informational
positive,positive mental health affirmations,1900,1.72,1,HIGH,0.05,20,17,informational
positive,positive affirmations for the morning,1900,6.68,0.42,MEDIUM,0.05,20,6,informational
positive,positive affirmations mental health,1900,1.72,1,HIGH,0.05,20,30,informational
positive,positive affirmations morning,1900,6.68,0.42,MEDIUM,0.05,20,6,informational
positive,mental health positive affirmations,1900,1.72,1,HIGH,0.05,20,30,informational
morning,morning affirmations for positivity,1900,6.68,0.42,MEDIUM,0.05,20,6,informational
anxiety,affirmations for anxiety,1900,3.7,0.38,MEDIUM,0.02,3.73,11,informational
confidence,affirmations self confidence,1900,7.07,0.82,HIGH,0.02,20,2,informational
confidence,self-confidence affirmations,1900,7.07,0.82,HIGH,0.02,20,12,informational
confidence,affirmations for self-confidence,1900,7.07,0.82,HIGH,0.02,20,16,informational
confidence,affirmations for self confidence,1900,7.07,0.82,HIGH,0.02,20,16,informational
confidence,self confidence affirmations,1900,7.07,0.82,HIGH,0.02,20,16,informational
manifestation,manifestation affirmations,1900,2.04,0.46,MEDIUM,0.04,5.63,0,informational
manifestation,affirmations for manifestation,1900,2.04,0.46,MEDIUM,0.04,5.63,0,informational
manifestation,affirmations manifestation,1900,2.04,0.46,MEDIUM,0.04,5.63,0,informational
gratitude,affirmations for gratitude,1900,5.62,0.33,LOW,0.03,20,1,informational
gratitude,affirmations of gratitude,1900,5.62,0.33,LOW,0.03,20,5,informational
gratitude,affirmations on gratitude,1900,5.62,0.33,LOW,0.03,20,5,informational
gratitude,gratitude affirmations,1900,5.62,0.33,LOW,0.03,20,5,informational
gratitude,affirmations gratitude,1900,5.62,0.33,LOW,0.03,20,5,informational
positive,positive affirmations for work,1600,2.13,0.97,HIGH,0.07,20,2,informational
positive,positive affirmations at work,1600,2.13,0.97,HIGH,0.07,20,4,informational
positive,positive affirmations work,1600,2.13,0.97,HIGH,0.07,20,2,informational
positive,positive affirmations for workplace,1600,2.13,0.97,HIGH,0.07,20,0,informational
positive,positive affirmations that work,1600,2.13,0.97,HIGH,0.07,20,39,informational
positive,positive affirmations about work,1600,2.13,0.97,HIGH,0.07,20,2,informational
confidence,affirmations confidence,1600,5.99,0.88,HIGH,0.02,20,12,informational
confidence,affirmations on confidence,1600,5.99,0.88,HIGH,0.02,20,12,informational
confidence,affirmations about confidence,1600,5.99,0.88,HIGH,0.02,20,15,informational
confidence,affirmations for confidence,1600,5.99,0.88,HIGH,0.02,20,16,informational
work,affirmations for work,1600,2.1,0.53,MEDIUM,0.05,20,0,informational
work,affirmations at work,1600,2.1,0.53,MEDIUM,0.05,20,11,informational
work,affirmations that work,1600,2.1,0.53,MEDIUM,0.05,20,15,informational
work,work affirmations,1600,2.1,0.53,MEDIUM,0.05,20,4,informational
work,affirmations work,1600,2.1,0.53,MEDIUM,0.05,20,10,informational
work,affirmations about work,1600,2.1,0.53,MEDIUM,0.05,20,0,informational
positive,self positive affirmations,1300,1.51,1,HIGH,0.02,2.03,39,informational
positive,positive self affirmations,1300,1.51,1,HIGH,0.02,2.03,30,informational
positive,today's positive affirmations,1300,2.95,0.84,HIGH,0.03,2.86,20,informational
positive,positive self-affirmations,1300,1.51,1,HIGH,0.02,2.03,28,informational
positive,positive affirmations for self,1300,1.51,1,HIGH,0.02,2.03,30,informational
positive,positive affirmations list,1300,3.75,1,HIGH,0.03,20,17,informational
positive,list of positive affirmations,1300,3.75,1,HIGH,0.03,20,15,informational
positive,inspirational positive affirmations,1300,0.15,1,HIGH,0.08,20,30,informational
positive,list positive affirmations,1300,3.75,1,HIGH,0.03,20,42,informational
positive,positive affirmations for today,1300,2.95,0.84,HIGH,0.03,2.86,20,informational
positive,what are positive affirmations,1300,7.16,0.09,LOW,0.03,20,40,informational
positive,positive affirmations about self,1300,1.51,1,HIGH,0.02,2.03,30,informational
positive,motivational positive affirmations,1300,0.15,1,HIGH,0.08,20,22,informational
positive,motivation positive affirmations,1300,0.15,1,HIGH,0.08,20,22,informational
positive,what is positive affirmations,1300,7.16,0.09,LOW,0.03,20,45,informational
positive,what is a positive affirmations,1300,7.16,0.09,LOW,0.03,20,41,informational
positive,lists of positive affirmations,1300,3.75,1,HIGH,0.03,20,42,informational
positive,positive affirmations for motivation,1300,0.15,1,HIGH,0.08,20,9,informational
daily,daily affirmations apps,1300,2,0.06,LOW,0.76,2.33,50,informational
daily,daily affirmations app,1300,2,0.06,LOW,0.76,2.33,50,informational
morning,morning affirmations for women,1300,1.19,0.99,HIGH,0.02,0.85,12,informational
morning,morning affirmations women,1300,1.19,0.99,HIGH,0.02,0.85,12,informational
abundance,affirmations on abundance,1300,1.27,0.31,LOW,0.18,6.52,0,informational
abundance,affirmations of abundance,1300,1.27,0.31,LOW,0.18,6.52,0,informational
abundance,affirmations for abundance,1300,1.27,0.31,LOW,0.18,6.52,0,informational
abundance,affirmations abundance,1300,1.27,0.31,LOW,0.18,6.52,8,informational
abundance,abundance affirmations,1300,1.27,0.31,LOW,0.18,6.52,8,informational
chakra,throat chakra affirmations,1300,0.06,0.14,LOW,0.02,0.09,0,informational
chakra,affirmations throat chakra,1300,0.06,0.14,LOW,0.02,0.09,0,informational
chakra,affirmations for throat chakra,1300,0.06,0.14,LOW,0.02,0.09,0,informational
sleep,affirmations for sleep,1300,2.21,0.02,LOW,0.65,3.27,0,informational
sleep,sleep affirmations,1300,2.21,0.02,LOW,0.65,3.27,0,informational
sleep,affirmations sleep,1300,2.21,0.02,LOW,0.65,3.27,0,informational
love,love affirmations,1300,2.24,0.2,LOW,0.02,6.02,0,informational
short,affirmations short,1300,1.85,1,HIGH,0.02,20,17,informational
short,short affirmations,1300,1.85,1,HIGH,0.02,20,15,informational
funny,funny affirmations,1300,2.01,0.41,MEDIUM,0.23,20,0,informational
funny,affirmations funny,1300,2.01,0.41,MEDIUM,0.23,20,0,informational
positive,workplace positive affirmations,1000,0.66,1,HIGH,0.05,20,0,informational
positive,positive affirmations for positive thinking,1000,2.96,0.98,HIGH,0.03,5.12,39,informational
positive,positive thought affirmations,1000,2.96,0.98,HIGH,0.03,5.12,21,informational
positive,affirmations and positive thinking,1000,2.96,0.98,HIGH,0.03,5.12,42,informational
positive,positive affirmations in the workplace,1000,0.66,1,HIGH,0.05,20,0,informational
positive,youtube positive affirmations,1000,,0,LOW,,,22,informational
positive,positive word affirmations,1000,0.37,1,HIGH,0.65,20,16,informational
positive,affirmations positive thinking,1000,2.96,0.98,HIGH,0.03,5.12,39,informational
positive,positive affirmations self love,1000,4.79,0.65,MEDIUM,0.02,1.07,6,informational
positive,positive self-love affirmations,1000,4.79,0.65,MEDIUM,0.02,1.07,6,informational
positive,positive affirmations colouring pages,1000,1.98,0.49,MEDIUM,0.2,20,0,informational
positive,affirmations of positive thinking,1000,2.96,0.98,HIGH,0.03,5.12,39,informational
positive,positive affirmations coloring pages,1000,1.98,0.49,MEDIUM,0.2,20,0,informational
positive,morning affirmations for positive energy,1000,27.22,0.42,MEDIUM,1.25,20,5,informational
positive,self love positive affirmations,1000,4.79,0.65,MEDIUM,0.02,1.07,10,informational
positive,affirmations for positive thinking,1000,2.96,0.98,HIGH,0.03,5.12,14,informational
positive,positive self love affirmations,1000,4.79,0.65,MEDIUM,0.02,1.07,6,informational
positive,positive affirmations for the workplace,1000,0.66,1,HIGH,0.05,20,0,informational
positive,positive workplace affirmations,1000,0.66,1,HIGH,0.05,20,0,informational
positive,positive work affirmations,1000,0.66,1,HIGH,0.05,20,5,informational
positive,positive thinking and affirmations,1000,2.96,0.98,HIGH,0.03,5.12,13,informational
positive,positive words affirmations,1000,0.37,1,HIGH,0.65,20,24,informational
positive,positive thoughts affirmations,1000,2.96,0.98,HIGH,0.03,5.12,34,informational
positive,positive affirmations on youtube,1000,,0,LOW,,,24,informational
positive,affirmations positive thoughts,1000,2.96,0.98,HIGH,0.03,5.12,39,informational
positive,positive thinking affirmations,1000,2.96,0.98,HIGH,0.03,5.12,39,informational
positive,positive affirmations for self love,1000,4.79,0.65,MEDIUM,0.02,1.07,12,informational
positive,positive affirmations for teens,1000,0.47,1,HIGH,0.03,20,0,informational
positive,thinking positive affirmations,1000,2.96,0.98,HIGH,0.03,5.12,39,informational
positive,think positive affirmations,1000,2.96,0.98,HIGH,0.03,5.12,39,informational
positive,positive affirmations self-love,1000,4.79,0.65,MEDIUM,0.02,1.07,3,informational
positive,positive mind affirmations,1000,2.96,0.98,HIGH,0.03,5.12,18,informational
positive,positive affirmations for self-love,1000,4.79,0.65,MEDIUM,0.02,1.07,6,informational
positive,positive mindset affirmations,1000,2.96,0.98,HIGH,0.03,5.12,34,informational
positive,positive affirmations youtube,1000,,0,LOW,,,19,informational
positive,positive affirmations words,1000,0.37,1,HIGH,0.65,20,17,informational
positive,work positive affirmations,1000,0.66,1,HIGH,0.05,20,3,informational
daily,daily affirmations by stuart smalley,1000,,0.01,LOW,,,9,informational
daily,daily affirmations stuart smalley,1000,,0.01,LOW,,,18,informational
daily,stuart smalley daily affirmations,1000,,0.01,LOW,,,7,informational
daily,365 daily affirmations,1000,10.28,0.72,HIGH,0.45,20,2,informational
daily,daily affirmations 365,1000,10.28,0.72,HIGH,0.45,20,0,informational
daily,daily affirmations with stuart smalley,1000,,0.01,LOW,,,18,informational
women,bible affirmations for women,1000,4.52,0.98,HIGH,0.13,20,0,informational
women,biblical affirmations for women,1000,4.52,0.98,HIGH,0.13,20,0,informational
women,scripture affirmations for women,1000,4.52,0.98,HIGH,0.13,20,0,informational
christian,affirmations for christian,1000,4.17,0.69,HIGH,0.04,20,0,informational
christian,affirmations christian,1000,4.17,0.69,HIGH,0.04,20,3,informational
christian,christian affirmations,1000,4.17,0.69,HIGH,0.04,20,3,informational
chakra,affirmations for the root chakra,1000,0.84,0.29,LOW,0.02,1.33,0,informational
chakra,solar plexus chakra affirmations,1000,0.08,0.25,LOW,0.03,20,0,informational
chakra,affirmations for solar plexus chakra,1000,0.08,0.25,LOW,0.03,20,0,informational
chakra,affirmations for chakra,1000,0.18,1,HIGH,,,0,informational
chakra,chakra and affirmations,1000,0.18,1,HIGH,,,0,informational
chakra,affirmations for root chakra,1000,0.84,0.29,LOW,0.02,1.33,0,informational
chakra,third chakra affirmations,1000,0.08,0.25,LOW,0.03,20,0,informational
chakra,affirmations chakra,1000,0.18,1,HIGH,,,0,informational
chakra,manipura chakra affirmations,1000,0.08,0.25,LOW,0.03,20,0,informational
chakra,root chakra affirmations,1000,0.84,0.29,LOW,0.02,1.33,0,informational
chakra,chakra affirmations,1000,0.18,1,HIGH,,,0,informational
chakra,base chakra affirmations,1000,0.84,0.29,LOW,0.02,1.33,0,informational
chakra,first chakra affirmations,1000,0.84,0.29,LOW,0.02,1.33,0,informational
love,5 affirmations of love quiz,1000,2.65,0.34,MEDIUM,0.85,2.08,23,informational
healing,affirmations of healing,1000,2.3,0.57,MEDIUM,0.04,20,0,informational
healing,affirmations healing,1000,2.3,0.57,MEDIUM,0.04,20,0,informational
healing,healing affirmations,1000,2.3,0.57,MEDIUM,0.04,20,0,informational
healing,affirmations for healing,1000,2.3,0.57,MEDIUM,0.04,20,0,informational
healing,affirmations on healing,1000,2.3,0.57,MEDIUM,0.04,20,0,informational
positive,positive affirmations definition,880,0.05,0,LOW,,,48,informational
positive,define positive affirmations,880,0.05,0,LOW,,,45,informational
positive,anxiety positive affirmations,880,1.61,0.44,MEDIUM,0.04,3.83,1,informational
positive,positive words of affirmations,880,1.93,1,HIGH,20,20,6,informational
positive,definition of positive affirmations,880,0.05,0,LOW,,,48,informational
positive,positive anxiety affirmations,880,1.61,0.44,MEDIUM,0.04,3.83,22,informational
positive,meaning of positive affirmations,880,0.05,0,LOW,,,48,informational
positive,positive affirmations for anxiety,880,1.61,0.44,MEDIUM,0.04,3.83,22,informational
positive,positive affirmations anxiety,880,1.61,0.44,MEDIUM,0.04,3.83,11,informational
positive,positive affirmations meaning,880,0.05,0,LOW,,,45,informational
positive,positive affirmations for stress and anxiety,880,1.61,0.44,MEDIUM,0.04,3.83,11,commercial
daily,i am daily affirmations app,880,3.51,0.01,LOW,0.7,1.99,19,informational
daily,unique daily affirmations,880,30.52,0.56,MEDIUM,20,20,40,informational
daily,what are daily affirmations,880,10.01,0.08,LOW,0.03,2.92,35,informational
daily,what is daily affirmations,880,10.01,0.08,LOW,0.03,2.92,45,informational
chakra,affirmations for sacral chakra,880,6.54,0.11,LOW,0.02,0.11,0,informational
chakra,sacral chakra affirmations,880,6.54,0.11,LOW,0.02,0.11,0,informational
love,affirmations love,880,2.81,0.06,LOW,0.02,8.15,0,informational
love,affirmations for love,880,2.81,0.06,LOW,0.02,8.15,0,informational
love,affirmations on love,880,2.81,0.06,LOW,0.02,8.15,0,informational
love,affirmations of love,880,2.81,0.06,LOW,0.02,8.15,3,informational
love,affirmations about love,880,2.81,0.06,LOW,0.02,8.15,0,informational
spiritual,affirmations spiritual,880,2.07,0.44,MEDIUM,0.04,20,0,informational
spiritual,spiritual affirmations,880,2.07,0.44,MEDIUM,0.04,20,0,informational
positive,positive affirmations cards,720,0.59,1,HIGH,0.33,0.97,0,transactional
positive,humorous positive affirmations,720,14.59,0.88,HIGH,20,20,0,informational
positive,funny positive affirmations,720,14.59,0.88,HIGH,20,20,0,informational
positive,positive affirmations card,720,0.59,1,HIGH,0.33,0.97,0,transactional
positive,positive affirmations to say everyday,720,3.63,0.73,HIGH,0.03,20,40,informational
positive,best positive affirmations,720,9.86,0.95,HIGH,0.04,20,41,informational
positive,positive affirmations funny,720,14.59,0.88,HIGH,20,20,0,informational
daily,positive affirmations to say daily,720,3.63,0.73,HIGH,0.03,20,42,informational
morning,morning affirmations by louise hay,720,,0,LOW,,,4,informational
morning,best morning affirmations,720,2.14,0.56,MEDIUM,0.04,20,12,informational
morning,louise hay morning affirmations,720,,0,LOW,,,17,informational
morning,morning affirmations louise hay,720,,0,LOW,,,7,informational
morning,good morning affirmations,720,2.14,0.56,MEDIUM,0.04,20,15,informational
money,manifesting money affirmations,720,0.09,0.19,LOW,0.05,5.85,0,informational
money,money manifesting affirmations,720,0.09,0.19,LOW,0.05,5.85,0,informational
money,money manifest affirmations,720,0.09,0.19,LOW,0.05,5.85,0,informational
money,money manifestation affirmations,720,0.09,0.19,LOW,0.05,5.85,0,informational
money,affirmations for manifesting money,720,0.09,0.19,LOW,0.05,5.85,8,informational
money,affirmations to manifest money,720,0.09,0.19,LOW,0.05,5.85,0,informational
money,manifest money affirmations,720,0.09,0.19,LOW,0.05,5.85,0,informational
women,affirmations for pregnant women,720,0.11,0.71,HIGH,0.47,4.61,0,informational
chakra,heart chakra affirmations,720,0.08,0.08,LOW,0.02,0.08,0,informational
chakra,affirmations for heart chakra,720,0.08,0.08,LOW,0.02,0.08,3,informational
chakra,affirmations for the heart chakra,720,0.08,0.08,LOW,0.02,0.08,0,informational
funny,positive funny affirmations,720,14.59,0.88,HIGH,20,20,0,informational
daily,daily affirmations for workplace,590,3.32,0.53,MEDIUM,0.16,20,0,informational
daily,saturday night live daily affirmations,590,,0,LOW,,,15,informational
daily,snl daily affirmations,590,,0,LOW,,,20,informational
daily,100 powerful daily affirmations,590,13.68,0.87,HIGH,19.43,20,26,informational
daily,humorous daily affirmations,590,1.79,0.46,MEDIUM,0.02,7.86,0,informational
daily,daily affirmations snl,590,,0,LOW,,,15,informational
daily,daily affirmations quotes,590,1.9,1,HIGH,0.04,0.72,30,informational
daily,funny daily affirmations,590,1.79,0.46,MEDIUM,0.02,7.86,0,informational
daily,daily affirmations saturday night live,590,,0,LOW,,,15,informational
daily,daily affirmations quote,590,1.9,1,HIGH,0.04,0.72,42,informational
daily,daily affirmations for work,590,3.32,0.53,MEDIUM,0.16,20,4,informational
daily,daily funny affirmations,590,1.79,0.46,MEDIUM,0.02,7.86,0,informational
daily,daily work affirmations,590,3.32,0.53,MEDIUM,0.16,20,4,informational
daily,daily affirmations funny,590,1.79,0.46,MEDIUM,0.02,7.86,0,informational
confidence,confidence affirmations,590,4.46,0.36,MEDIUM,0.02,20,16,informational
confidence,10 positive affirmations to boost confidence,590,16.44,0.59,MEDIUM,0.19,20,16,informational
confidence,positive self confidence affirmations,590,2.07,0.86,HIGH,0.03,6,12,informational
confidence,positive affirmations self confidence,590,2.07,0.86,HIGH,0.03,6,16,informational
biblical,positive affirmations from bible,590,3.33,0.67,HIGH,0.03,20,4,informational
biblical,positive affirmations bible,590,3.33,0.67,HIGH,0.03,20,3,informational
biblical,positive bible affirmations,590,3.33,0.67,HIGH,0.03,20,0,informational
biblical,bible positive affirmations,590,3.33,0.67,HIGH,0.03,20,3,informational
biblical,positive affirmations from the bible,590,3.33,0.67,HIGH,0.03,20,5,informational
biblical,positive affirmations in the bible,590,3.33,0.67,HIGH,0.03,20,8,informational
chakra,crown chakra affirmations,590,0.21,0.06,LOW,,,0,informational
chakra,affirmations for crown chakra,590,0.21,0.06,LOW,,,1,informational
sleep,positive affirmations for sleep,590,2.46,0.04,LOW,0.65,3.76,0,informational
sleep,positive sleep affirmations,590,2.46,0.04,LOW,0.65,3.76,2,informational
sleep,positive affirmations sleep,590,2.46,0.04,LOW,0.65,3.76,2,informational
work,does affirmations work,590,28.5,0,LOW,,,22,informational
work,do affirmations work,590,28.5,0,LOW,,,15,informational
i-am,i am positive affirmations,590,1.23,0.99,HIGH,0.04,20,39,informational
i-am,positive affirmations i am,590,1.23,0.99,HIGH,0.04,20,36,informational
i-am,positive i am affirmations,590,1.23,0.99,HIGH,0.04,20,41,informational
daily,daily affirmations christian,480,1.48,0.56,MEDIUM,0.18,20,0,informational
daily,daily religious affirmations,480,1.48,0.56,MEDIUM,0.18,20,0,informational
daily,christian daily affirmations,480,1.48,0.56,MEDIUM,0.18,20,0,informational
daily,daily affirmations for christians,480,1.48,0.56,MEDIUM,0.18,20,4,informational
daily,daily affirmations definition,480,,0,LOW,,,48,informational
daily,i am daily affirmations,480,0.73,0.58,MEDIUM,0.29,1.55,32,informational
daily,daily christian affirmations,480,1.48,0.56,MEDIUM,0.18,20,0,informational
daily,today's daily affirmations,480,6.44,0.07,LOW,0.17,5.95,45,informational
daily,daily affirmations meaning,480,,0,LOW,,,48,informational
morning,morning affirmations for men,480,0.19,0.2,LOW,0.03,1.52,8,informational
confidence,positive affirmations for confidence,480,3.49,0.5,MEDIUM,0.03,20,16,informational
confidence,positive confidence affirmations,480,3.49,0.5,MEDIUM,0.03,20,19,informational
confidence,confidence positive affirmations,480,3.49,0.5,MEDIUM,0.03,20,10,informational
confidence,positive affirmations confidence,480,3.49,0.5,MEDIUM,0.03,20,7,informational
money,money affirmations that work instantly,480,3.38,0.16,LOW,0.08,2.27,1,informational
women,christian affirmations for women,480,4.3,1,HIGH,0.03,20,0,informational
christian,positive affirmations christian,480,2.07,0.94,HIGH,0.04,20,1,informational
christian,positive christian affirmations,480,2.07,0.94,HIGH,0.04,20,1,informational
christian,christian positive affirmations,480,2.07,0.94,HIGH,0.04,20,1,informational
christian,christian affirmations for woman,480,4.3,1,HIGH,0.03,20,0,informational
christian,positive affirmations for christian,480,2.07,0.94,HIGH,0.04,20,1,informational
love,affirmations love language,480,0.89,0.14,LOW,0.02,0.04,41,informational
healing,yogananda scientific healing affirmations,480,0.56,0.96,HIGH,0.19,1.11,0,informational
healing,scientific healing affirmations yogananda,480,0.56,0.96,HIGH,0.19,1.11,0,informational
healing,scientific healing affirmations,480,0.56,0.96,HIGH,0.19,1.11,0,informational
healing,scientific healing affirmations book,480,0.56,0.96,HIGH,0.19,1.11,5,informational
daily,examples of daily affirmations,390,1.03,0.73,HIGH,0.02,0.18,35,informational
daily,daily affirmations example,390,1.03,0.73,HIGH,0.02,0.18,39,informational
daily,sample daily affirmations,390,1.03,0.73,HIGH,0.02,0.18,40,informational
daily,daily affirmations examples,390,1.03,0.73,HIGH,0.02,0.18,41,informational
daily,example of daily affirmations,390,1.03,0.73,HIGH,0.02,0.18,38,informational
daily,thinkup daily affirmations app,390,,0,LOW,,,59,navigational
morning,powerful morning affirmations,390,34.68,0.66,MEDIUM,20,20,14,informational
self-love,self love affirmations for women,390,0.93,1,HIGH,0.02,0.45,20,informational
self-love,self-love affirmations for women,390,0.93,1,HIGH,0.02,0.45,20,informational
women,affirmations cards for women,390,0.75,1,HIGH,0.33,0.79,0,informational
biblical,i am affirmations from the bible,390,0.09,1,HIGH,,,1,informational
short,short funny sarcastic affirmations,390,0.22,0.31,LOW,0.15,0.66,0,informational
short,short positive affirmations for others,390,13.28,0.74,HIGH,20,20,12,informational
short,short positive affirmations for the day,390,10.71,0.75,HIGH,0.04,20,14,informational
short,short affirmations quotes,390,1.05,1,HIGH,0.03,20,10,informational
daily,daily bible affirmations,320,5.52,0.87,HIGH,0.8,9.71,3,informational
daily,louise hay daily affirmations,320,0.38,0.06,LOW,,,6,informational
daily,daily affirmations by louise hay,320,0.38,0.06,LOW,,,7,informational
daily,bible daily affirmations,320,5.52,0.87,HIGH,0.8,9.71,3,informational
daily,daily affirmations for self love,320,2.11,0.96,HIGH,0.02,6.42,0,informational
daily,daily self-love affirmations,320,2.11,0.96,HIGH,0.02,6.42,0,informational
daily,daily affirmations for self-love,320,2.11,0.96,HIGH,0.02,6.42,0,informational
daily,biblical daily affirmations,320,5.52,0.87,HIGH,0.8,9.71,0,informational
daily,good daily affirmations,320,3.45,0.76,HIGH,0.02,0.67,40,informational
daily,self love daily affirmations,320,2.11,0.96,HIGH,0.02,6.42,0,informational
daily,self-love daily affirmations,320,2.11,0.96,HIGH,0.02,6.42,,informational
daily,positive daily affirmations for women,320,1.48,1,HIGH,0.03,1.76,11,informational
daily,daily affirmations from the bible,320,5.52,0.87,HIGH,0.8,9.71,3,informational
daily,great daily affirmations,320,3.45,0.76,HIGH,0.02,0.67,42,informational
daily,daily biblical affirmations,320,5.52,0.87,HIGH,0.8,9.71,1,informational
daily,best daily affirmations,320,3.45,0.76,HIGH,0.02,0.67,33,informational
daily,daily positive affirmations for women,320,1.48,1,HIGH,0.03,1.76,14,informational
daily,daily self love affirmations,320,2.11,0.96,HIGH,0.02,6.42,0,informational
daily,daily affirmations louise hay,320,0.38,0.06,LOW,,,6,informational
morning,monday morning affirmations,320,2.78,0.27,LOW,0.02,20,0,informational
women,i am affirmations for women,320,2.33,1,HIGH,0.02,5.12,18,informational
chakra,affirmations for third eye chakra,320,5.48,0.02,LOW,,,0,informational
chakra,third eye chakra affirmations,320,5.48,0.02,LOW,,,0,informational
sleep,before sleep affirmations,320,,0.04,LOW,,,2,informational
work,monday affirmations for work,320,5.15,0.14,LOW,,,0,informational
work,how affirmations work,320,9.23,0.1,LOW,0.17,4.44,48,informational
i-am,list of i am affirmations,320,0.41,0.99,HIGH,0.03,20,40,informational
i-am,i am affirmations app,320,,0.02,LOW,0.82,2.1,25,informational
i-am,i am positive affirmations app,320,,0,LOW,,,25,informational
i-am,i am affirmations list,320,0.41,0.99,HIGH,0.03,20,22,informational
i-am,i am: positive affirmations app,320,,0,LOW,,,25,informational
i-am,best positive affirmations i am affirmations,320,9.19,0.34,MEDIUM,0.03,20,21,informational
daily,book of daily affirmations,260,0.41,1,HIGH,0.24,0.7,0,informational
daily,daily affirmations book,260,0.41,1,HIGH,0.24,0.7,0,informational
daily,daily cards affirmations,260,1,1,HIGH,0.31,1.01,0,informational
daily,daily affirmations books,260,0.41,1,HIGH,0.24,0.7,0,informational
daily,free daily affirmations apps,260,1.63,0.37,MEDIUM,0.69,1.83,50,informational
daily,free daily affirmations app,260,1.63,0.37,MEDIUM,0.69,1.83,50,informational
daily,daily affirmations cards,260,1,1,HIGH,0.31,1.01,0,informational
daily,snoop dogg daily affirmations,260,,0,LOW,,,9,informational
daily,motivation daily affirmations,260,0.13,1,HIGH,0.61,8.38,27,informational
daily,motivational daily affirmations,260,0.13,1,HIGH,0.61,8.38,45,informational
morning,morning affirmations quotes,260,1.47,0.98,HIGH,0.03,20,14,informational
confidence,self confidence positive affirmations,260,0.13,1,HIGH,,,12,informational
manifestation,positive affirmations for manifestation,260,,0.06,LOW,,,5,informational
women,positive affirmations for pregnant women,260,0.29,0.44,MEDIUM,,,0,informational
women,positive affirmations quotes for women,260,6.41,1,HIGH,0.04,20,24,informational
women,positive affirmations for women quotes,260,6.41,1,HIGH,0.04,20,23,informational
men,biblical affirmations for men,260,4.03,0.6,MEDIUM,0.03,20,2,informational
men,bible affirmations for men,260,4.03,0.6,MEDIUM,0.03,20,2,informational
work,do positive affirmations work,260,,0,LOW,,,35,informational
work,tuesday affirmations for work,260,0.19,0.09,LOW,,,0,informational
work,friday affirmations for work,260,0.38,0.23,LOW,,,0,informational
work,positive affirmations for work colleagues,260,4.41,0.52,MEDIUM,1.39,20,0,informational
work,does positive affirmations work,260,,0,LOW,,,45,informational
healing,positive affirmations healing,260,9.51,0.49,MEDIUM,0.24,20,0,informational
healing,positive affirmations for healing,260,9.51,0.49,MEDIUM,0.24,20,0,informational
healing,positive healing affirmations,260,9.51,0.49,MEDIUM,0.24,20,0,informational
healing,healing positive affirmations,260,9.51,0.49,MEDIUM,0.24,20,0,informational
daily,daily affirmations meme,210,,0,LOW,,,0,informational
daily,daily affirmations for money,210,0.06,0.64,MEDIUM,,,0,informational
daily,daily affirmations song,210,,0,LOW,,,7,informational
daily,daily affirmations money,210,0.06,0.64,MEDIUM,,,8,informational
daily,daily money affirmations,210,0.06,0.64,MEDIUM,,,0,informational
self-love,self love affirmations quotes,210,0.09,1,HIGH,,,12,informational
self-love,self-love affirmations quotes,210,0.09,1,HIGH,,,12,informational
money,money affirmations quotes,210,0.03,0.77,HIGH,,,10,informational
money,money affirmations for wealth and prosperity,210,0.29,0.25,LOW,0.18,4.46,0,informational
money,bob proctor money affirmations,210,,0.01,LOW,,,0,informational
money,the secret money affirmations,210,0.23,0.73,HIGH,,,0,informational
money,7 most powerful money affirmations,210,0.12,0.23,LOW,,,0,informational
money,money positive affirmations,210,0.02,0.05,LOW,,,0,informational
money,10 money affirmations that really work,210,0.33,0.34,MEDIUM,1.46,3.13,0,informational
money,positive affirmations about money,210,0.02,0.05,LOW,,,0,informational
money,bob proctor affirmations for money,210,,0.01,LOW,,,0,informational
money,positive affirmations for money,210,0.02,0.05,LOW,,,8,informational
money,positive affirmations money,210,0.02,0.05,LOW,,,15,informational
money,money affirmations bob proctor,210,,0.01,LOW,,,0,informational
manifestation,best positive affirmations manifestation affirmations,210,12.28,0.2,LOW,0.07,20,7,informational
biblical,30 positive affirmations using bible verses pdf,210,13.72,0.16,LOW,1.1,20,0,informational
work,short positive affirmations for work,210,1.32,0.85,HIGH,0.04,20,9,informational
work,wednesday affirmations for work,210,28.01,0.02,LOW,,,0,informational
work,funny work affirmations,210,0.2,0.62,MEDIUM,,,0,informational
work,thursday affirmations for work,210,19.88,0.01,LOW,,,0,informational
love,love affirmations for him,210,0.17,0.76,HIGH,0.02,0.04,0,informational
love,5 love affirmations,210,0.03,0.34,MEDIUM,0.02,0.04,22,informational
love,positive love affirmations,210,2.91,0.67,MEDIUM,,,0,informational
love,five affirmations of love,210,0.03,0.34,MEDIUM,0.02,0.04,20,informational
love,5 affirmations of love,210,0.03,0.34,MEDIUM,0.02,0.04,20,informational
gratitude,youtube gratitude affirmations,210,,0,LOW,,,7,informational
gratitude,gratitude affirmations youtube,210,,0,LOW,,,3,informational
healing,louise hay healing affirmations,210,0.26,0.06,LOW,,,14,informational
healing,healing affirmations louise hay,210,0.26,0.06,LOW,,,6,informational
healing,louise hay affirmations for healing,210,0.26,0.06,LOW,,,2,informational
healing,affirmations for healing louise hay,210,0.26,0.06,LOW,,,13,informational
healing,louise hay affirmations healing,210,0.26,0.06,LOW,,,17,informational
i-am,who i am in christ affirmations,210,2.09,0.92,HIGH,14.14,20,0,informational
i-am,affirmations of who god says i am,210,0.12,0.99,HIGH,1.01,20,0,informational
i-am,who am i in christ affirmations,210,2.09,0.92,HIGH,14.14,20,0,informational
daily,daily affirmations for teens,170,0.44,0.98,HIGH,0.03,1.79,0,informational
daily,daily affirmations list,170,10.33,0.93,HIGH,0.03,20,6,informational
daily,unique daily affirmations app,170,,0,LOW,,,43,navigational
daily,list of daily affirmations,170,10.33,0.93,HIGH,0.03,20,12,informational
daily,daily affirmations generator,170,,0.02,LOW,,,0,informational
daily,list daily affirmations,170,10.33,0.93,HIGH,0.03,20,12,informational
morning,positive morning affirmations to start the day,170,30.27,0.52,MEDIUM,1.63,20,10,informational
morning,morning affirmations youtube,170,,0,LOW,,,12,informational
morning,good morning affirmations for him,170,0.04,0.12,LOW,0.01,0.04,8,informational
self-love,affirmations for women self love,170,0.24,1,HIGH,0.02,0.36,16,informational
self-love,affirmations for women self-love,170,0.24,1,HIGH,0.02,0.36,17,informational
self-love,self worth self love affirmations,170,0.15,1,HIGH,,,0,informational
money,affirmations to attract money,170,0.01,0.12,LOW,,,0,informational
money,affirmations attract money,170,0.01,0.12,LOW,,,0,informational
money,affirmations attracting money,170,0.01,0.12,LOW,,,0,informational
money,affirmations for attracting money,170,0.01,0.12,LOW,,,0,informational
money,affirmations money attraction,170,0.01,0.12,LOW,,,0,informational
abundance,abundance wealth affirmations,170,0.09,0.18,LOW,0.03,3.37,1,informational
abundance,wealth abundance affirmations,170,0.09,0.18,LOW,0.03,3.37,1,informational
abundance,affirmations financial abundance,170,3.43,0.55,MEDIUM,,,0,informational
abundance,financial abundance affirmations,170,3.43,0.55,MEDIUM,,,0,informational
abundance,affirmations for abundance and wealth,170,0.09,0.18,LOW,0.03,3.37,21,informational
abundance,affirmations for abundance wealth,170,0.09,0.18,LOW,0.03,3.37,0,informational
abundance,affirmations for financial abundance,170,3.43,0.55,MEDIUM,,,0,informational
abundance,affirmations wealth abundance,170,0.09,0.18,LOW,0.03,3.37,1,informational
abundance,affirmations for wealth and abundance,170,0.09,0.18,LOW,0.03,3.37,0,informational
abundance,wealth and abundance affirmations,170,0.09,0.18,LOW,0.03,3.37,11,informational
manifestation,affirmations for manifestation love,170,0.21,0.17,LOW,,,0,informational
manifestation,love manifestation affirmations,170,0.21,0.17,LOW,,,0,informational
women,powerful affirmations for women,170,5.76,1,HIGH,0.02,3.39,15,informational
women,spiritual affirmations for women,170,7.41,0.96,HIGH,0.04,20,0,informational
men,30 positive affirmations for men,170,7.93,0.25,LOW,,,10,informational
biblical,spiritual affirmations from the bible,170,2.3,0.22,LOW,0.4,20,0,informational
biblical,30 positive affirmations using bible verses,170,,0.06,LOW,,,0,informational
biblical,bible verse affirmations,170,4.83,0.37,MEDIUM,0.04,20,0,informational
christian,christian birth affirmations,170,0.02,1,HIGH,,,0,informational
chakra,affirmations for each chakra,170,0.09,1,HIGH,,,0,informational
work,workplace teamwork positive affirmations for work,170,0.11,0.44,MEDIUM,,,0,informational
love,affirmations to attract love,170,0.31,0.16,LOW,,,0,informational
love,positive affirmations of love,170,0.75,0.32,LOW,,,2,informational
love,affirmations for attracting love,170,0.31,0.16,LOW,,,0,informational
love,affirmations attracting love,170,0.31,0.16,LOW,,,0,informational
love,positive affirmations for love,170,0.75,0.32,LOW,,,0,informational
love,affirmations for finding love,170,0.31,0.16,LOW,,,0,informational
love,positive affirmations love,170,0.75,0.32,LOW,,,0,informational
love,positive affirmations about love,170,0.75,0.32,LOW,,,0,informational
love,love positive affirmations,170,0.75,0.32,LOW,,,8,informational
love,affirmations attract love,170,0.31,0.16,LOW,,,0,informational
love,affirmations for love attraction,170,0.31,0.16,LOW,,,0,informational
love,affirmations for manifesting love,170,0.21,0.17,LOW,,,0,informational
love,love affirmations to attract specific person,170,3.63,0.01,LOW,,,0,informational
love,positive affirmations on love,170,0.75,0.32,LOW,,,0,informational
love,love affirmations for her,170,0.28,0.83,HIGH,0.01,0.02,0,informational
healing,health healing affirmations,170,27.93,0.12,LOW,,,0,informational
healing,health affirmations healing,170,27.93,0.12,LOW,,,0,informational
healing,healing affirmations for health,170,27.93,0.12,LOW,,,1,informational
healing,affirmations health healing,170,27.93,0.12,LOW,,,6,informational
healing,affirmations for healing and health,170,27.93,0.12,LOW,,,0,informational
healing,health and healing affirmations,170,27.93,0.12,LOW,,,0,informational
healing,affirmations for health and healing,170,27.93,0.12,LOW,,,2,informational
i-am,joel osteen i am affirmations,170,3.01,0.16,LOW,,,0,informational
i-am,i am affirmations for wealth,170,,0.06,LOW,,,0,informational
i-am,i am rich affirmations,170,,0.06,LOW,,,5,informational
i-am,affirmations i am worthy,170,0.16,0.48,MEDIUM,0.02,3.06,0,informational
i-am,i am worthy affirmations,170,0.16,0.48,MEDIUM,0.02,3.06,0,informational
i-am,i am enough affirmations,170,4.79,1,HIGH,0.04,20,3,informational
i-am,i am affirmations joel osteen,170,3.01,0.16,LOW,,,1,informational
daily,daily affirmations free,140,15.44,0.38,MEDIUM,0.63,3.12,52,informational
daily,daily affirmations for motivation,140,2.84,0.73,HIGH,0.03,5.34,18,informational
daily,morning daily affirmations,140,5.58,0.78,HIGH,0.04,3.08,3,informational
daily,daily affirmations calendar,140,1.01,0.86,HIGH,0.28,0.74,0,informational
daily,daily morning affirmations,140,5.58,0.78,HIGH,0.04,3.08,11,informational
daily,daily positive affirmations for men,140,0.14,0.97,HIGH,0.04,20,8,informational
daily,daily affirmations journal,140,0.74,0.93,HIGH,0.4,1.05,0,informational
daily,daily affirmations for today,140,3.76,0.69,HIGH,0.02,3.66,45,informational
daily,daily affirmations for mental health,140,1.2,0.74,HIGH,0.18,4.93,1,informational
daily,free daily affirmations,140,15.44,0.38,MEDIUM,0.63,3.12,52,informational
daily,short daily affirmations,140,3.55,0.99,HIGH,0.02,20,17,informational
daily,daily mental health affirmations,140,1.2,0.74,HIGH,0.18,4.93,17,informational
daily,positive daily affirmations for men,140,0.14,0.97,HIGH,0.04,20,8,informational
morning,miracle morning affirmations,140,,0.13,LOW,,,0,informational
morning,morning affirmations for him,140,10.09,0.22,LOW,0.01,0.21,8,informational
morning,joe dispenza morning affirmations,140,,0,LOW,,,0,informational
morning,good morning affirmations for her,140,0.02,0.04,LOW,,,7,informational
morning,morning gratitude affirmations,140,,0.1,LOW,,,18,informational
morning,morning miracle affirmations,140,,0.13,LOW,,,0,informational
anxiety,affirmations for health anxiety,140,,0.14,LOW,,,7,informational
anxiety,affirmations for depression and anxiety,140,0.69,0.56,MEDIUM,0.03,3.04,17,informational
anxiety,affirmations for anxiety and depression,140,0.69,0.56,MEDIUM,0.03,3.04,17,informational
confidence,positive affirmations for self-confidence,140,0.1,0.45,MEDIUM,0.05,9.68,15,informational
confidence,positive affirmations for self confidence,140,0.1,0.45,MEDIUM,0.05,9.68,18,informational
self-love,self love mental health affirmations,140,0.2,0.99,HIGH,,,0,informational
self-love,powerful self love affirmations,140,0.15,1,HIGH,,,12,informational
self-love,affirmations for self-love and healing,140,0.17,0.75,HIGH,0.19,20,12,informational
self-love,powerful self-love affirmations,140,0.15,1,HIGH,,,12,informational
self-love,affirmations for self love and healing,140,0.17,0.75,HIGH,0.19,20,2,informational
money,positive money affirmations,140,0.14,0.32,LOW,,,0,informational
money,louise hay affirmations money,140,,0.01,LOW,,,0,informational
money,money and abundance affirmations,140,0.25,0.48,MEDIUM,,,0,informational
money,money abundance affirmations,140,0.25,0.48,MEDIUM,,,0,informational
money,affirmations for abundance of money,140,0.25,0.48,MEDIUM,,,0,informational
money,affirmations money abundance,140,0.25,0.48,MEDIUM,,,0,informational
money,affirmations for money louise hay,140,,0.01,LOW,,,0,informational
money,abundance of money affirmations,140,0.25,0.48,MEDIUM,,,0,informational
money,money affirmations youtube,140,,0,LOW,,,8,informational
money,youtube money affirmations,140,,0,LOW,,,4,informational
money,money affirmations louise hay,140,,0.01,LOW,,,0,informational
money,affirmations for money abundance,140,0.25,0.48,MEDIUM,,,0,informational
money,abundance money affirmations,140,0.25,0.48,MEDIUM,,,0,informational
money,louise hay money affirmations,140,,0.01,LOW,,,0,informational
money,money affirmations on youtube,140,,0,LOW,,,5,informational
money,louise hay affirmations for money,140,,0.01,LOW,,,0,informational
abundance,abundance prosperity affirmations,140,0.25,0.31,LOW,0.03,6.62,0,informational
abundance,prosperity and abundance affirmations,140,0.25,0.31,LOW,0.03,6.62,0,informational
abundance,prosperity abundance affirmations,140,0.25,0.31,LOW,0.03,6.62,2,informational
abundance,affirmations for prosperity and abundance,140,0.25,0.31,LOW,0.03,6.62,0,informational
abundance,affirmations for abundance and prosperity,140,0.25,0.31,LOW,0.03,6.62,1,informational
abundance,abundance and prosperity affirmations,140,0.25,0.31,LOW,0.03,6.62,0,informational
abundance,best positive affirmations abundance affirmations,140,14.75,0.37,MEDIUM,20,20,0,commercial
manifestation,11 11 manifestation affirmations,140,,0,LOW,,,0,informational
manifestation,11:11 manifestation affirmations,140,,0,LOW,,,0,informational
manifestation,manifestation love affirmations,140,,0.08,LOW,,,0,informational
manifestation,positive manifestation affirmations,140,0.1,0.37,MEDIUM,,,0,informational
manifestation,11/11 manifestation affirmations,140,,0,LOW,,,0,informational
women,short affirmations for women,140,3.24,1,HIGH,0.02,20,23,informational
women,funny affirmations for women,140,0.19,0.78,HIGH,,,0,informational
women,self affirmations for women,140,1.35,0.99,HIGH,0.02,1.03,12,informational
women,sinister affirmations for formidable women,140,0.74,0.83,HIGH,0.5,1.1,0,informational
women,godly affirmations for women,140,5.04,1,HIGH,0.03,20,0,informational
biblical,encouraging bible affirmations,140,0.12,1,HIGH,,,0,informational
chakra,7 chakra affirmations,140,0.09,1,HIGH,,,0,informational
work,how do affirmations work,140,,0,LOW,,,18,informational
work,how does affirmations work,140,,0,LOW,,,35,informational
work,do affirmations really work,140,,0,LOW,,,12,informational
work,does affirmations really work,140,,0,LOW,,,9,informational
love,manifesting love affirmations,140,,0.08,LOW,,,0,informational
love,love myself affirmations,140,0.11,0.57,MEDIUM,0.02,9.37,2,informational
love,affirmations love myself,140,0.11,0.57,MEDIUM,0.02,9.37,2,informational
love,manifest love affirmations,140,,0.08,LOW,,,0,informational
love,love yourself affirmations,140,0.11,0.57,MEDIUM,0.02,9.37,2,informational
love,affirmations love yourself,140,0.11,0.57,MEDIUM,0.02,9.37,2,informational
healing,youtube healing affirmations,140,,0,LOW,,,5,informational
healing,healing affirmations youtube,140,,0,LOW,,,4,informational
spiritual,positive spiritual affirmations,140,1.85,0.87,HIGH,0.11,5.72,6,informational
spiritual,spiritual positive affirmations,140,1.85,0.87,HIGH,0.11,5.72,4,informational
i-am,i am safe affirmations,140,,0,LOW,,,0,informational
i-am,powerful i am affirmations,140,0.16,0.94,HIGH,,,18,informational
i-am,i am powerful affirmations,140,0.16,0.94,HIGH,,,12,informational
i-am,i am beautiful affirmations,140,,0.34,MEDIUM,,,5,informational
i-am,i am affirmations youtube,140,,0,LOW,,,12,informational
short,short positive affirmations for mental health,140,15.05,0.64,MEDIUM,1.76,20,4,informational
short,positive affirmations short,140,8.09,0.99,HIGH,0.06,20,22,informational
funny,funny affirmations for coworkers,140,0.03,0.85,HIGH,,,0,informational
funny,witty funny affirmations,140,0.1,0.95,HIGH,,,0,informational
funny,negative affirmations funny,140,0.23,0.12,LOW,,,0,informational
funny,funny sarcastic affirmations,140,0.04,0.92,HIGH,,,0,informational
daily,daily confidence affirmations,110,0.17,0.79,HIGH,0.02,2.6,10,informational
daily,daily affirmations self esteem,110,0.21,1,HIGH,0.02,0.65,20,informational
daily,positive daily affirmations for work,110,2.4,0.95,HIGH,,,19,informational
daily,daily affirmations wayne dyer,110,,0,LOW,,,0,informational
daily,joel osteen daily affirmations,110,12.27,0.03,LOW,4.64,13.54,11,informational
daily,daily affirmations gratitude,110,3.74,0.87,HIGH,0.05,2.16,4,informational
daily,daily affirmations joel osteen,110,12.27,0.03,LOW,4.64,13.54,0,informational
daily,daily affirmations jessica,110,,0,LOW,,,6,informational
daily,daily positive affirmations for work,110,2.4,0.95,HIGH,,,3,informational
daily,daily affirmations for self worth,110,0.21,1,HIGH,0.02,0.65,12,informational
daily,daily affirmations short positive affirmations,110,5.86,1,HIGH,20,20,14,informational
daily,wayne dyer daily affirmations,110,,0,LOW,,,0,informational
morning,morning affirmations for work,110,0.16,0.48,MEDIUM,,,5,informational
morning,wednesday morning affirmations,110,3.32,0.02,LOW,,,0,informational
morning,i am morning affirmations,110,,0.03,LOW,,,31,informational
morning,youtube morning affirmations,110,,0,LOW,,,6,navigational
morning,tuesday morning affirmations,110,,0.27,LOW,,,0,informational
anxiety,daily affirmations for anxiety,110,7.22,0.7,HIGH,0.03,4.59,10,informational
confidence,daily affirmations for confidence,110,0.17,0.79,HIGH,0.02,2.6,16,informational
confidence,self affirmations for confidence,110,1.03,0.65,MEDIUM,0.04,1.81,16,informational
confidence,daily affirmations confidence,110,0.17,0.79,HIGH,0.02,2.6,6,informational
confidence,confidence daily affirmations,110,0.17,0.79,HIGH,0.02,2.6,8,informational
confidence,self-affirmations for confidence,110,1.03,0.65,MEDIUM,0.04,1.81,,informational
confidence,self affirmations confidence,110,1.03,0.65,MEDIUM,0.04,1.81,15,informational
money,money attraction affirmations,110,0.03,0.28,LOW,,,0,informational
money,money affirmations that work,110,0.09,0.27,LOW,,,0,informational
money,attract money affirmations,110,0.03,0.28,LOW,,,0,informational
money,vision board money affirmations,110,0.07,1,HIGH,,,0,informational
money,money magnet affirmations,110,0.04,0.46,MEDIUM,,,0,informational
money,attracting money affirmations,110,0.03,0.28,LOW,,,0,informational
money,money attracting affirmations,110,0.03,0.28,LOW,,,0,informational
abundance,i am affirmations abundance,110,,0.02,LOW,,,9,informational
abundance,i am affirmations for abundance,110,,0.02,LOW,,,10,informational
abundance,i am abundance affirmations,110,,0.02,LOW,,,6,informational
women,daily affirmations affirmations for women,110,0.08,0.83,HIGH,,,14,informational
women,positive affirmations for men from women,110,9.83,0.5,MEDIUM,,,3,informational
men,spiritual affirmations for men,110,3.61,0.69,HIGH,0.56,20,3,informational
men,christian affirmations for men,110,3.61,0.69,HIGH,0.56,20,0,informational
biblical,positive affirmations bible verses,110,0.16,1,HIGH,0.03,20,0,informational
biblical,i am affirmations from the bible pdf,110,,0,LOW,,,0,informational
sleep,sleep affirmations law of attraction,110,,0,LOW,,,0,informational
work,work affirmations quotes,110,0.12,1,HIGH,0.04,6.9,0,informational
work,daily positive work affirmations,110,2.4,0.95,HIGH,,,3,informational
work,short funny sarcastic affirmations for work,110,0.17,0.38,MEDIUM,,,0,informational
work,funny affirmations for work,110,0.03,0.46,MEDIUM,,,0,informational
work,work affirmations for team,110,3.38,0.34,MEDIUM,0.54,3.09,0,informational
work,positive work affirmations for team,110,0.67,1,HIGH,1.57,20,0,informational
gratitude,daily gratitude affirmations,110,3.74,0.87,HIGH,0.05,2.16,5,informational
healing,affirmations for healing the body,110,,0.12,LOW,,,0,informational
spiritual,daily spiritual affirmations,110,3.03,0.81,HIGH,0.53,4.58,7,informational
i-am,i am abundant affirmations,110,,0.02,LOW,,,3,informational
i-am,youtube i am affirmations,110,,0,LOW,,,15,informational
i-am,i am statements affirmations,110,4.87,1,HIGH,,,2,informational
short,short inappropriate daily affirmations,110,0.16,0.08,LOW,,,0,informational
morning,daily positive morning affirmations,90,0.3,1,HIGH,0.21,1.68,5,informational
morning,thursday morning affirmations,90,,0.19,LOW,,,0,informational
morning,positive good morning affirmations,90,0.09,1,HIGH,,,3,informational
morning,morning affirmations for today,90,0.82,0.33,LOW,0.07,1.27,9,informational
morning,morning affirmations meditation,90,4.22,0.01,LOW,,,5,informational
morning,morning meditation affirmations,90,4.22,0.01,LOW,,,10,informational
morning,good morning affirmations quotes,90,0.05,0.8,HIGH,0.03,0.31,10,informational
morning,snoop dogg morning affirmations,90,,0,LOW,,,7,informational
morning,sunday morning affirmations,90,0.09,0.75,HIGH,,,0,informational
anxiety,affirmations for anxiety and stress,90,0.14,0.29,LOW,0.04,1.92,12,informational
anxiety,louise hay affirmations for anxiety,90,,0.01,LOW,,,0,informational
anxiety,affirmations for anxiety louise hay,90,,0.01,LOW,,,0,informational
anxiety,positive affirmations for anxiety and depression,90,3.22,0.69,HIGH,0.04,20,11,informational
anxiety,positive affirmations for depression and anxiety,90,3.22,0.69,HIGH,0.04,20,17,informational
anxiety,calming affirmations for anxiety,90,0.02,0.63,MEDIUM,,,16,informational
confidence,self-talk confidence affirmations,90,0.06,1,HIGH,,,17,informational
confidence,positive affirmations for self love and confidence,90,5.11,0.5,MEDIUM,0.06,20,16,informational
confidence,positive affirmations for self-love and confidence,90,5.11,0.5,MEDIUM,0.06,20,16,informational
confidence,affirmations to build confidence,90,0.32,0.71,HIGH,0.02,0.92,10,informational
confidence,affirmations to boost confidence,90,0.32,0.71,HIGH,0.02,0.92,12,informational
confidence,self talk confidence affirmations,90,0.06,1,HIGH,,,16,informational
confidence,confidence affirmations for women,90,0.03,0.85,HIGH,0.02,0.2,16,informational
self-love,louise hay self love affirmations,90,0.05,0.17,LOW,,,2,informational
self-love,law of attraction affirmations for self love,90,,0.02,LOW,,,0,informational
self-love,motivation self love affirmations,90,0.18,0.87,HIGH,,,2,informational
self-love,self love affirmations louise hay,90,0.05,0.17,LOW,,,5,informational
self-love,self-love affirmations louise hay,90,0.05,0.17,LOW,,,0,informational
self-love,louise hay affirmations for self love,90,0.05,0.17,LOW,,,0,informational
self-love,louise hay self-love affirmations,90,0.05,0.17,LOW,,,2,informational
self-love,louise hay affirmations for self-love,90,0.05,0.17,LOW,,,0,informational
self-love,law of attraction affirmations for self-love,90,,0.02,LOW,,,0,informational
money,powerful money affirmations,90,0.04,0.38,MEDIUM,,,0,informational
money,positive affirmations for wealth money,90,0.05,0.53,MEDIUM,,,0,informational
money,powerful affirmations for money,90,0.04,0.38,MEDIUM,,,0,informational
money,bob baker money affirmations,90,0.98,0.01,LOW,,,0,informational
money,money bowl affirmations,90,0.43,0.12,LOW,,,0,informational
abundance,abundance manifestation affirmations,90,0.91,0.72,HIGH,,,1,informational
manifestation,powerful manifestation affirmations,90,0.22,0.96,HIGH,,,0,informational
manifestation,daily manifestation affirmations,90,1.24,0.9,HIGH,0.61,20,0,informational
women,daily biblical affirmations for women,90,0.43,1,HIGH,0.85,5.16,0,informational
women,sinister affirmations mantras for formidable women,90,0.56,0.59,MEDIUM,0.49,1.16,0,informational
women,list of affirmations for women,90,0.83,0.99,HIGH,0.02,20,14,informational
women,book of affirmations for women,90,0.53,0.99,HIGH,0.3,1.18,0,informational
women,affirmations book for women,90,0.53,0.99,HIGH,0.3,1.18,0,informational
women,best affirmations for women,90,4.27,1,HIGH,0.02,7.37,5,informational
women,encouragement positive affirmations for women,90,0.21,1,HIGH,,,13,informational
women,daily bible affirmations for women,90,0.43,1,HIGH,0.85,5.16,0,informational
women,sinister affirmations: mantras for formidable women,90,0.56,0.59,MEDIUM,0.49,1.16,,informational
men,good affirmations for men,90,14.65,0.5,MEDIUM,0.02,0.13,9,informational
biblical,bible affirmations for healing,90,6.15,0.31,LOW,0.03,0.43,0,informational
biblical,list of i am affirmations from the bible,90,0.1,0.25,LOW,,,3,informational
biblical,affirmations bible verses,90,2.9,0.44,MEDIUM,0.03,20,0,informational
biblical,healing affirmations from the bible,90,6.15,0.31,LOW,0.03,0.43,0,informational
biblical,healing affirmations bible,90,6.15,0.31,LOW,0.03,0.43,0,informational
biblical,i am bible affirmations,90,3.77,0.98,HIGH,,,1,informational
work,do daily affirmations work,90,,0,LOW,,,14,informational
work,does listening to affirmations while sleeping work,90,,0,LOW,,,0,informational
work,positive affirmations for work stress,90,0.69,0.74,HIGH,0.07,1.57,5,informational
work,does daily affirmations work,90,,0,LOW,,,34,informational
work,positive affirmations quotes for work,90,0.12,0.92,HIGH,0.04,0.08,7,informational
love,soulmate love affirmations,90,0.05,0.33,LOW,,,0,informational
love,daily affirmations love affirmations,90,,0,LOW,,,0,informational
gratitude,powerful gratitude affirmations,90,0.63,0.19,LOW,0.02,20,3,informational
healing,powerful healing affirmations for fast recovery,90,20.3,0.09,LOW,,,0,informational
healing,biblical affirmations for healing,90,6.15,0.31,LOW,0.03,0.43,0,informational
healing,scripture affirmations for healing,90,6.15,0.31,LOW,0.03,0.43,0,informational
healing,biblical healing affirmations,90,6.15,0.31,LOW,0.03,0.43,0,informational
i-am,i am biblical affirmations,90,3.77,0.98,HIGH,,,0,informational
i-am,i am healthy affirmations,90,1.67,0.41,MEDIUM,,,4,informational
i-am,i am health affirmations,90,1.67,0.41,MEDIUM,,,1,informational
i-am,i am wealthy affirmations,90,,0.05,LOW,,,0,informational
short,short funny positive affirmations,90,0.1,0.78,HIGH,,,0,informational
short,short funny sarcastic affirmations for adults,90,0.45,0.33,LOW,,,0,informational
short,short positive affirmations for coworkers,90,10.02,0.47,MEDIUM,5.04,20,0,informational
short,short positive affirmations for friends,90,0.08,1,HIGH,,,0,informational
short,short positive affirmations quotes,90,0.16,1,HIGH,,,20,informational
short,short positive affirmations to say to others,90,19.91,0.35,MEDIUM,20,20,9,informational
funny,friday affirmations funny,90,1.25,0.2,LOW,,,0,informational
morning,saturday morning affirmations,70,0.06,0.42,MEDIUM,,,0,informational
morning,morning affirmations videos,70,,0,LOW,,,15,informational
morning,friday morning affirmations,70,1.03,0.01,LOW,,,0,informational
morning,morning affirmations success,70,30.02,0.34,MEDIUM,,,2,informational
morning,louise hay morning affirmations all is well,70,,0.01,LOW,,,3,informational
morning,morning affirmations for positive energy for others,70,27.84,0.68,HIGH,0.55,20,6,informational
morning,bob baker morning affirmations,70,,0,LOW,,,3,informational
morning,morning affirmations video,70,,0,LOW,,,12,informational
morning,louise hay morning affirmations: all is well,70,,0.01,LOW,,,5,informational
morning,morning affirmations abraham hicks,70,,0,LOW,,,0,informational
morning,mel robbins morning affirmations,70,,0.01,LOW,,,1,informational
morning,5 minute morning affirmations,70,,0,LOW,,,3,informational
morning,morning affirmations lavendaire,70,,0,LOW,,,14,informational
morning,morning affirmations for success,70,30.02,0.34,MEDIUM,,,5,informational
morning,abraham hicks morning affirmations,70,,0,LOW,,,0,informational
anxiety,spiritual affirmations for anxiety,70,0.06,0.12,LOW,,,0,informational
anxiety,affirmations for confidence and anxiety,70,14.64,0.16,LOW,0.03,8.22,11,informational
anxiety,short positive affirmations for anxiety,70,1.02,0.68,HIGH,0.06,3.33,11,informational
confidence,affirmations confidence self esteem,70,0.67,0.85,HIGH,0.05,20,7,informational
confidence,affirmations for self esteem and confidence,70,0.67,0.85,HIGH,0.05,20,12,informational
confidence,affirmations for self-esteem and confidence,70,0.67,0.85,HIGH,0.05,20,12,informational
confidence,affirmations for confidence and self-esteem,70,0.67,0.85,HIGH,0.05,20,12,informational
confidence,affirmations for confidence and self esteem,70,0.67,0.85,HIGH,0.05,20,12,informational
self-love,self love affirmations for men,70,0.05,0.38,MEDIUM,,,0,informational
self-love,i am affirmations for self-love,70,,0.34,MEDIUM,,,11,informational
self-love,i am affirmations for self love,70,,0.34,MEDIUM,,,11,informational
self-love,daily affirmations self-love affirmations,70,0.1,0.77,HIGH,,,12,informational
self-love,daily affirmations self love affirmations,70,0.1,0.77,HIGH,,,12,informational
money,powerful money affirmations for abundance in 24 hours,70,,0.1,LOW,,,3,informational
money,best affirmations for money,70,0.02,0.09,LOW,,,0,informational
money,affirmations for money and wealth,70,0.21,0.59,MEDIUM,,,0,informational
money,money and wealth affirmations,70,0.21,0.59,MEDIUM,,,0,informational
money,rich affirmations money,70,0.21,0.59,MEDIUM,,,8,informational
money,money affirmations for wealth,70,0.21,0.59,MEDIUM,,,2,informational
money,money wealth affirmations,70,0.21,0.59,MEDIUM,,,0,informational
money,best money affirmations,70,0.02,0.09,LOW,,,8,informational
money,money affirmations wallpaper,70,0.04,0.24,LOW,,,0,informational
money,wealth and money affirmations,70,0.21,0.59,MEDIUM,,,0,informational
money,affirmations money wealth,70,0.21,0.59,MEDIUM,,,8,informational
abundance,positive affirmations abundance,70,,0.03,LOW,,,0,informational
abundance,positive affirmations for abundance,70,,0.03,LOW,,,15,informational
abundance,abundance positive affirmations,70,,0.03,LOW,,,0,informational
abundance,positive abundance affirmations,70,,0.03,LOW,,,0,informational
manifestation,health manifestation affirmations,70,0.49,0.13,LOW,,,0,informational
manifestation,powerful manifestation affirmations for success,70,1.74,0.3,LOW,,,1,informational
manifestation,sex magic manifestation affirmations,70,,0,LOW,,,0,informational
women,positive affirmations for women at work,70,7.73,1,HIGH,,,7,informational
women,positive affirmations for women in recovery,70,16.72,0.3,LOW,0.03,20,0,informational
women,monday affirmations for women,70,0.13,0.69,HIGH,,,0,informational
women,simple affirmations for women,70,0.11,1,HIGH,0.02,0.11,23,informational
women,motivational affirmations for women,70,0.13,1,HIGH,0.02,2.82,30,informational
women,friday affirmations for women,70,1.02,0.57,MEDIUM,,,0,informational
women,positive affirmations for women pdf,70,15.23,0.84,HIGH,20,20,0,informational
women,wednesday affirmations for women,70,,0.03,LOW,,,0,informational
women,positive christian affirmations for women,70,4.47,0.99,HIGH,20,20,0,informational
men,i am affirmations for men,70,0.08,0.42,MEDIUM,,,0,informational
biblical,what does the bible say about affirmations,70,30.12,0.03,LOW,,,0,informational
christian,christian affirmations for positive thinking,70,0.09,0.42,MEDIUM,,,0,informational
chakra,printable chakra affirmations,70,0.13,1,HIGH,,,0,informational
sleep,affirmations during sleep,70,2.33,0.07,LOW,0.92,2.24,0,informational
sleep,affirmations while sleep,70,2.33,0.07,LOW,0.92,2.24,3,informational
sleep,night affirmations before sleep,70,,0.06,LOW,0.65,2,0,informational
sleep,louise hay sleep affirmations,70,,0,LOW,,,0,informational
sleep,positive affirmations sleep meditation,70,,0.04,LOW,1.35,3.82,4,informational
sleep,sleep affirmations for healing,70,,0.02,LOW,,,0,informational
sleep,louise hay sleep meditation affirmations,70,,0.01,LOW,,,3,informational
sleep,affirmations while you sleep,70,0.89,0.04,LOW,,,0,informational
sleep,positive affirmations meditation sleep,70,,0.04,LOW,1.35,3.82,0,informational
sleep,positive affirmations during sleep,70,,0.02,LOW,,,0,informational
sleep,sleep meditation positive affirmations,70,,0.04,LOW,1.35,3.82,3,informational
sleep,sleep meditation affirmations,70,,0.06,LOW,,,0,informational
sleep,sleep affirmations meditation,70,,0.06,LOW,,,1,informational
sleep,affirmations for sleep louise hay,70,,0,LOW,,,2,informational
sleep,meditation sleep affirmations,70,,0.06,LOW,,,0,informational
work,positive affirmations for work success,70,4.35,0.58,MEDIUM,,,0,informational
work,tuesday work affirmations,70,,0.1,LOW,,,0,informational
work,funny positive affirmations for work,70,2.55,0.84,HIGH,,,0,informational
work,positive affirmations for success at work,70,4.35,0.58,MEDIUM,,,0,informational
work,wednesday work affirmations,70,27.75,0.03,LOW,,,0,informational
work,positive energy positive work affirmations,70,0.04,1,HIGH,,,20,informational
work,affirmations for work success,70,0.15,0.23,LOW,0.02,0.21,0,informational
work,mirror work affirmations,70,,0.14,LOW,,,0,informational
work,affirmations for success at work,70,0.15,0.23,LOW,0.02,0.21,0,informational
work,work success affirmations,70,0.15,0.23,LOW,0.02,0.21,0,informational
work,monday work affirmations,70,,0.2,LOW,,,0,informational
work,work affirmations for success,70,0.15,0.23,LOW,0.02,0.21,0,informational
work,weekly affirmations for work,70,8.84,0.19,LOW,,,2,informational
love,affirmations for him to fall in love,70,,0.02,LOW,,,0,informational
love,attract love affirmations,70,,0.01,LOW,,,0,informational
love,love affirmations to attract love,70,,0.01,LOW,,,0,informational
love,i am affirmations for love,70,0.02,0.64,MEDIUM,,,0,informational
love,i love me affirmations,70,0.08,0.61,MEDIUM,,,0,informational
love,attracting love affirmations,70,,0.01,LOW,,,0,informational
love,love affirmations for couples,70,0.02,0.89,HIGH,,,0,informational
love,i am love affirmations,70,0.02,0.64,MEDIUM,,,1,informational
love,affirmations to find love,70,,0.01,LOW,,,0,informational
love,love language affirmations,70,0.03,0.13,LOW,0.02,0.03,12,informational
love,i love myself affirmations,70,0.08,0.61,MEDIUM,,,3,informational
love,finding love affirmations,70,,0.01,LOW,,,0,informational
love,boyfriend love affirmations for him,70,0.17,1,HIGH,,,0,informational
gratitude,positive affirmations for gratitude,70,,0.64,MEDIUM,,,0,informational
gratitude,positive gratitude affirmations,70,,0.64,MEDIUM,,,7,informational
gratitude,10 gratitude affirmations,70,,0.04,LOW,,,0,informational
gratitude,positive affirmations gratitude,70,,0.64,MEDIUM,,,3,informational
gratitude,the most powerful gratitude affirmations,70,31.74,0.29,LOW,,,2,informational
healing,emotional healing affirmations,70,0.15,0.73,HIGH,,,0,informational
healing,affirmations for emotional healing,70,0.15,0.73,HIGH,,,2,informational
i-am,who i am in christ affirmations pdf,70,,1,HIGH,,,0,informational
i-am,i am loved affirmations,70,0.02,0.64,MEDIUM,,,9,informational
i-am,daily affirmations i am,70,0.05,0.93,HIGH,,,41,informational
i-am,i am grateful affirmations,70,0.03,0.13,LOW,,,7,informational
i-am,daily i am affirmations,70,0.05,0.93,HIGH,,,31,informational
i-am,i am strong affirmations,70,0.12,0.97,HIGH,0.02,20,13,informational
i-am,i am rich affirmations youtube,70,,0,LOW,,,4,informational
short,short affirmations for others,70,0.16,0.92,HIGH,,,9,informational
short,short funny affirmations,70,0.97,0.82,HIGH,,,0,informational
funny,funny affirmations memes,70,,0,LOW,,,0,informational
funny,funny teacher affirmations,70,0.07,1,HIGH,,,0,informational
morning,funny morning affirmations,50,0.18,0.39,MEDIUM,,,0,informational
morning,morning manifestation affirmations,50,0.29,0.22,LOW,,,3,informational
morning,monday morning affirmations for work,50,0.06,0.19,LOW,,,0,informational
morning,miracle morning affirmations pdf,50,,0.22,LOW,,,0,informational
morning,5 minute morning meditation positive affirmations,50,,0.01,LOW,,,4,informational
morning,morning bible affirmations,50,0.03,0.93,HIGH,,,2,informational
morning,positive morning affirmations youtube,50,,0,LOW,,,12,navigational
morning,miracle morning bedtime affirmations,50,,0.01,LOW,,,0,informational
morning,bedtime affirmations miracle morning,50,,0.01,LOW,,,0,informational
morning,good morning affirmations for women,50,0.22,0.53,MEDIUM,0.02,0.65,23,informational
morning,louise hay 20 minute morning affirmations,50,,0,LOW,,,10,informational
morning,mel robbins 8 morning affirmations,50,,0.03,LOW,,,0,navigational
morning,morning manifest affirmations,50,0.29,0.22,LOW,,,0,informational
morning,christian morning affirmations,50,31.14,0.17,LOW,,,2,informational
morning,morning affirmations christian,50,31.14,0.17,LOW,,,0,informational
morning,morning biblical affirmations,50,0.03,0.93,HIGH,,,2,informational
morning,good morning positive affirmations,50,0.21,0.69,HIGH,,,7,informational
anxiety,positive affirmations for anxiety attacks,50,,0.13,LOW,0.18,2.31,12,informational
anxiety,self affirmations for anxiety,50,7.81,0.23,LOW,0.03,1.91,22,informational
anxiety,affirmations for women with anxiety,50,1.38,0.07,LOW,,,12,informational
anxiety,self-affirmations for anxiety,50,7.81,0.23,LOW,0.03,1.91,23,informational
anxiety,christian affirmations for anxiety,50,,0.03,LOW,,,0,informational
anxiety,positive affirmations for women with anxiety,50,0.54,0.86,HIGH,0.03,2.11,20,commercial
anxiety,100 positive affirmations for anxiety,50,30.12,0.26,LOW,,,8,informational
confidence,affirmations for confidence and self love,50,3.84,0.71,HIGH,0.02,18.08,12,informational
confidence,affirmations for confidence and success,50,0.36,0.65,MEDIUM,0.03,0.21,13,informational
confidence,affirmations for confidence and self-love,50,3.84,0.71,HIGH,0.02,18.08,12,informational
self-love,self love mirror affirmations,50,0.11,0.8,HIGH,,,0,informational
self-love,self-love mirror affirmations,50,0.11,0.8,HIGH,,,0,informational
self-love,self affirmations for self love,50,2.15,1,HIGH,0.02,1.46,11,informational
self-love,affirmations for self love spiritual,50,0.17,0.14,LOW,,,0,informational
self-love,self affirmations for self-love,50,2.15,1,HIGH,0.02,1.46,11,informational
self-love,affirmations for self-love spiritual,50,0.17,0.14,LOW,,,0,informational
money,positive affirmations to attract money,50,0.32,0.27,LOW,,,0,informational
money,positive affirmations money attraction,50,0.32,0.27,LOW,,,0,informational
money,lavendaire money affirmations,50,,0,LOW,,,0,commercial
money,i am a money magnet affirmations,50,0.09,0.27,LOW,,,0,informational
money,powerful money affirmations that work,50,0.27,0.25,LOW,,,6,informational
money,money spell affirmations,50,0.06,0.43,MEDIUM,,,0,informational
money,positive affirmations for attracting money,50,0.32,0.27,LOW,,,0,informational
money,money affirmations telugu,50,,0,LOW,,,0,informational
abundance,abundance affirmations while you sleep,50,,0,LOW,,,1,informational
abundance,abundance affirmations youtube,50,,0,LOW,,,9,informational
abundance,youtube affirmations for abundance,50,,0,LOW,,,13,informational
abundance,youtube abundance affirmations,50,,0,LOW,,,11,navigational
abundance,affirmations for success and abundance,50,,0.02,LOW,,,0,informational
manifestation,lottery manifestation affirmations,50,,0.05,LOW,,,0,informational
manifestation,affirmations and manifestation,50,,0,LOW,,,0,informational
manifestation,manifestation and affirmations,50,,0.04,LOW,,,0,informational
women,daily affirmations for women app,50,2.21,0.38,MEDIUM,0.77,1.97,50,navigational
women,self esteem affirmations for women,50,1.8,0.6,MEDIUM,0.02,0.74,20,informational
women,empowering affirmations for women,50,0.26,1,HIGH,0.02,0.72,6,informational
women,self-esteem affirmations for women,50,1.8,0.6,MEDIUM,0.02,0.74,22,informational
women,affirmations for young women,50,2.8,1,HIGH,0.02,20,5,informational
women,one word affirmations for women,50,0.12,0.89,HIGH,,,0,informational
women,affirmations for women in recovery,50,0.22,0.2,LOW,0.03,7.18,0,informational
women,work affirmations for women,50,0.19,1,HIGH,,,8,informational
women,affirmations for men from women,50,0.17,0.11,LOW,,,0,informational
women,100 affirmations for women,50,27.18,0.7,HIGH,0.03,20,12,informational
women,encouraging affirmations for women,50,1.43,0.99,HIGH,0.02,0.31,12,informational
women,mirror affirmations for women,50,0.42,0.92,HIGH,0.29,0.53,3,informational
women,bible verse affirmations for women,50,0.95,0.55,MEDIUM,0.04,2.31,0,informational
women,affirmations for women of god,50,0.32,0.99,HIGH,,,0,informational
women,short positive affirmations for women,50,2.82,1,HIGH,0.11,20,20,informational
women,one-word affirmations for women,50,0.12,0.89,HIGH,,,0,informational
women,positive self affirmations for women,50,2.53,1,HIGH,0.02,0.13,15,informational
women,weekly affirmations for women,50,0.14,0.68,HIGH,0.02,20,20,informational
men,positive affirmations for men pdf,50,18.02,0.46,MEDIUM,20,20,6,informational
men,powerful affirmations for men,50,0.34,0.55,MEDIUM,0.02,20,0,informational
men,affirmations for young men,50,0.16,0.96,HIGH,,,0,informational
biblical,i am affirmations bible,50,1.73,0.98,HIGH,7.7,20,0,informational
biblical,bible affirmations for success,50,1.19,0.19,LOW,1.23,20,0,informational
biblical,free printable bible affirmations,50,,0.01,LOW,,,0,informational
christian,christian affirmations anxiety,50,,0.03,LOW,,,0,informational
chakra,what are the 7 chakra affirmations,50,0.04,0.7,HIGH,,,0,informational
chakra,chakra affirmations chart,50,0.14,1,HIGH,,,0,informational
sleep,positive affirmations while you sleep,50,0.68,0.12,LOW,0.65,3.42,0,informational
sleep,nighttime affirmations for sleep,50,,0.03,LOW,,,0,informational
work,why affirmations don't work,50,,0,LOW,,,0,informational
work,funny daily affirmations for work,50,0.83,0.29,LOW,,,0,informational
work,do subliminal affirmations work,50,,0,LOW,,,2,informational
work,workplace positive affirmations for work,50,0.15,0.66,MEDIUM,,,0,informational
work,short inappropriate daily affirmations for work,50,,0.06,LOW,,,0,informational
work,why do affirmations work,50,,0,LOW,,,34,informational
work,daily affirmations for work team,50,0.18,1,HIGH,0.02,2.74,0,informational
work,friday work affirmations,50,,0,LOW,,,0,informational
work,thursday work affirmations,50,,0,LOW,,,0,informational
work,positive affirmations for work team,50,,0.29,LOW,,,0,informational
work,does subliminal affirmations work,50,,0,LOW,,,7,informational
love,louise hay affirmations for love,50,,0,LOW,,,0,informational
love,affirmations for love louise hay,50,,0,LOW,,,4,informational
love,daily affirmations of love,50,0.41,0.25,LOW,0.02,0.05,0,informational
love,daily affirmations love,50,0.41,0.25,LOW,0.02,0.05,0,informational
love,affirmations for love relationships,50,,0.15,LOW,,,0,informational
love,daily love affirmations,50,0.41,0.25,LOW,0.02,0.05,0,informational
love,louise hay-love affirmations,50,,0,LOW,,,0,informational
love,affirmations for relationships love,50,,0.15,LOW,,,0,informational
love,louise hay love affirmations,50,,0,LOW,,,0,informational
gratitude,gratitude affirmations list,50,29.23,0.44,MEDIUM,,,1,informational
gratitude,gratitude affirmations to god,50,,0.24,LOW,,,0,informational
healing,affirmations for self healing,50,,0.59,MEDIUM,0.09,3.36,0,informational
healing,affirmations for self-healing,50,,0.59,MEDIUM,0.09,3.36,0,informational
healing,healing affirmations for the body,50,0.01,0.23,LOW,,,0,informational
healing,affirmations for healing body,50,0.01,0.23,LOW,,,0,informational
healing,self-healing affirmations,50,,0.59,MEDIUM,0.09,3.36,1,informational
healing,i am healing affirmations,50,0.77,0.32,LOW,,,0,informational
healing,self healing affirmations,50,,0.59,MEDIUM,0.09,3.36,0,informational
healing,body healing affirmations,50,0.01,0.23,LOW,,,0,informational
i-am,i am daily affirmations app free,50,1.88,0.16,LOW,0.54,3.05,16,informational
i-am,i am capable affirmations,50,0.21,0.86,HIGH,,,6,informational
i-am,i am healed affirmations,50,0.77,0.32,LOW,,,0,informational
funny,funny affirmations for friends,50,20.94,0.24,LOW,,,0,informational
funny,funny quotes funny positive affirmations,50,0.15,0.86,HIGH,,,0,informational
funny,disappointing affirmations funny,50,0.16,0.85,HIGH,,,0,informational
funny,funny affirmations quotes,50,0.26,1,HIGH,,,0,informational
morning,morning affirmations for students,40,3.32,0.68,HIGH,,,4,informational
morning,morning anxiety affirmations,40,13.02,0.21,LOW,,,4,informational
morning,the secret morning affirmations,40,,0,LOW,,,0,informational
morning,morning gratitude affirmations law of attraction,40,,0,LOW,,,0,informational
morning,morning affirmations for self-love,40,0.07,0.59,MEDIUM,,,14,informational
morning,boho beautiful meditation morning affirmations,40,,0,LOW,,,3,informational
morning,spiritual morning affirmations,40,0.29,1,HIGH,,,0,informational
morning,positive thinking morning affirmations,40,0.2,1,HIGH,,,15,informational
morning,gratitude morning affirmations,40,0.36,0.33,LOW,,,20,informational
morning,honest guys morning affirmations,40,,0,LOW,,,0,informational
morning,morning prayer affirmations,40,,0.04,LOW,,,5,informational
morning,morning affirmations meaning,40,,0,LOW,,,45,informational
morning,positive morning affirmations for women,40,5.75,0.95,HIGH,,,12,informational
morning,morning affirmations for self love,40,0.07,0.59,MEDIUM,,,16,informational
morning,morning money affirmations,40,,0,LOW,,,3,informational
morning,morning affirmations the secret,40,,0,LOW,,,0,informational
morning,morning affirmations for abundance,40,,0.08,LOW,,,9,informational
morning,sandeep maheshwari morning affirmations,40,,0,LOW,,,9,informational
morning,lavendaire morning affirmations,40,,0,LOW,,,18,informational
morning,morning affirmations for anxiety,40,13.02,0.21,LOW,,,12,informational
anxiety,affirmations for stress and anxiety,40,0.09,0.55,MEDIUM,0.02,4.15,11,informational
anxiety,positive affirmations for anxiety relief,40,0.15,0.59,MEDIUM,,,10,informational
anxiety,affirmations for test anxiety,40,,0.01,LOW,,,0,informational
anxiety,affirmations for sleep anxiety,40,,0.1,LOW,1.01,2.35,0,informational
confidence,confidence boost affirmations,40,,0.21,LOW,,,10,informational
confidence,confidence booster affirmations,40,,0.21,LOW,,,12,informational
confidence,confidence boosting affirmations,40,,0.21,LOW,,,12,informational
confidence,confidence affirmations for men,40,,0.53,MEDIUM,,,0,informational
confidence,affirmations for self love and confidence,40,0.05,0.75,HIGH,0.01,0.05,2,informational
confidence,affirmations for self-love and confidence,40,0.05,0.75,HIGH,0.01,0.05,2,informational
self-love,best affirmations for self-love,40,0.05,0.37,MEDIUM,,,0,informational
self-love,self love affirmations youtube,40,,0,LOW,,,12,informational
self-love,self love and attracting love affirmations,40,,0.01,LOW,,,0,informational
self-love,self-love and attracting love affirmations,40,,0.01,LOW,,,0,commercial
self-love,youtube self love affirmations,40,,0,LOW,,,15,informational
self-love,self love affirmations wallpaper,40,0.11,0.99,HIGH,,,0,informational
self-love,youtube affirmations self love,40,,0,LOW,,,11,informational
self-love,self-love affirmations wallpaper,40,0.11,0.99,HIGH,,,0,informational
self-love,best affirmations for self love,40,0.05,0.37,MEDIUM,,,2,informational
money,111 money affirmations,40,,0.04,LOW,,,0,informational
money,affirmations for money manifestation,40,,0,LOW,,,0,informational
money,money affirmations that work fast,40,,0.6,MEDIUM,,,0,informational
money,i am money affirmations,40,,0.21,LOW,,,0,informational
money,florence scovel shinn affirmations money,40,,0.03,LOW,,,0,informational
money,affirmations for money and success,40,0.09,0.25,LOW,,,0,informational
money,law of attraction money affirmations,40,,0.17,LOW,,,2,informational
money,manifestation affirmations for money,40,,0.13,LOW,,,0,informational
money,i am affirmations for money,40,,0.21,LOW,,,10,informational
money,loa money affirmations,40,,0.17,LOW,,,0,informational
money,law of attraction for money affirmations,40,,0.17,LOW,,,0,informational
money,money affirmations law of attraction,40,,0.17,LOW,,,0,informational
money,law of attraction affirmations for money,40,,0.17,LOW,,,0,informational
money,manifesting affirmations for money,40,,0.13,LOW,,,0,informational
money,gratitude money affirmations,40,,0.83,HIGH,,,0,informational
abundance,manifest abundance affirmations,40,,0.66,MEDIUM,,,3,informational
abundance,louise hay affirmations for abundance,40,,0.06,LOW,,,0,informational
abundance,manifesting abundance affirmations,40,,0.66,MEDIUM,,,3,informational
manifestation,369 manifestation affirmations examples,40,,0.01,LOW,,,0,informational
manifestation,job manifestation affirmations,40,,0.03,LOW,,,0,informational
manifestation,positive affirmations manifestation,40,0.02,0,LOW,,,1,informational
manifestation,manifestation affirmations for love,40,,0.07,LOW,,,0,informational
women,short daily affirmations for women,40,0.09,0.91,HIGH,0.02,3.39,22,informational
women,christian positive affirmations for women,40,3.7,0.85,HIGH,,,0,informational
women,catholic affirmations for women,40,0.08,0.5,MEDIUM,,,0,informational
women,daily affirmations for women book,40,0.93,0.99,HIGH,,,0,informational
women,free daily affirmations for women,40,7.48,0.36,MEDIUM,0.62,20,25,informational
women,uplifting affirmations for women,40,0.18,1,HIGH,0.02,1.33,13,informational
women,self care affirmations for women,40,2.83,1,HIGH,0.02,20,20,informational
women,powerful daily affirmations for women,40,20.65,0.86,HIGH,20,20,20,informational
women,self-worth affirmations for women,40,80.96,0.61,MEDIUM,0.02,20,16,informational
women,self worth affirmations for women,40,80.96,0.61,MEDIUM,0.02,20,20,informational
women,self-care affirmations for women,40,2.83,1,HIGH,0.02,20,13,informational
women,night affirmations for women,40,,0,LOW,,,0,informational
women,thursday affirmations for women,40,0.1,0.91,HIGH,,,4,informational
women,positive affirmations for women youtube,40,,0,LOW,,,20,navigational
women,black affirmations for women,40,0.16,0.81,HIGH,,,0,informational
women,inspirational affirmations for women,40,6.59,1,HIGH,,,15,informational
women,healing affirmations for women,40,3.89,0.69,HIGH,0.04,20,7,informational
men,self affirmations for men,40,5.98,0.61,MEDIUM,,,8,informational
men,godly affirmations for men,40,0.37,0.37,MEDIUM,,,0,informational
men,positive affirmations for young men,40,0.03,1,HIGH,,,2,informational
biblical,motivation positive bible affirmations,40,0.2,1,HIGH,,,0,informational
biblical,bible verses affirmations,40,,0.34,MEDIUM,,,0,informational
biblical,bible i am affirmations,40,12.72,0.68,HIGH,,,4,informational
biblical,daily affirmations bible,40,0.57,0.44,MEDIUM,,,0,informational
christian,birth affirmations christian,40,14.73,0.68,HIGH,,,0,informational
christian,i am christian affirmations,40,2.29,0.96,HIGH,,,0,informational
christian,youtube christian affirmations,40,,0,LOW,,,2,informational
chakra,affirmations chakra mantras,40,0.11,1,HIGH,,,0,informational
chakra,chakra affirmations list,40,0.1,0.98,HIGH,,,0,informational
chakra,positive affirmations for solar plexus chakra,40,0.22,0.11,LOW,,,0,informational
sleep,youtube sleep affirmations,40,,0.02,LOW,,,1,informational
sleep,sleep hypnosis positive affirmations,40,,0.01,LOW,,,1,informational
sleep,positive affirmations sleep hypnosis,40,,0.01,LOW,,,4,informational
sleep,do sleep affirmations work,40,,0,LOW,,,0,informational
sleep,affirmations before sleep,40,,0.02,LOW,,,0,informational
sleep,does sleep affirmations work,40,,0,LOW,,,0,informational
sleep,best affirmations for sleep,40,,0.04,LOW,,,0,informational
sleep,sleep affirmations youtube,40,,0,LOW,,,2,informational
sleep,i am affirmations for sleep,40,,0.02,LOW,,,0,informational
sleep,subliminal affirmations for sleep,40,,0,LOW,,,0,informational
work,sp affirmations that work fast,40,,0,LOW,,,0,informational
work,do affirmations work reddit,40,,0,LOW,,,0,informational
work,love affirmations that work fast,40,,0.01,LOW,,,0,informational
work,motivation positive affirmations for work,40,0.02,1,HIGH,,,8,informational
work,do self affirmations work,40,,0,LOW,,,35,informational
work,does affirmations work reddit,40,,0,LOW,,,0,informational
healing,spiritual affirmations healing,40,,0.17,LOW,0.11,2.35,10,informational
healing,healing louise hay affirmations,40,0.04,0.27,LOW,,,7,informational
healing,i am affirmations for healing,40,,0.08,LOW,,,0,informational
healing,daily healing affirmations,40,,0.45,MEDIUM,0.02,1.26,6,informational
healing,affirmations for healing someone else,40,,0,LOW,,,0,informational
healing,daily affirmations healing,40,,0.45,MEDIUM,0.02,1.26,10,informational
healing,spiritual affirmations for healing,40,,0.17,LOW,0.11,2.35,0,informational
healing,spiritual healing affirmations,40,,0.17,LOW,0.11,2.35,0,informational
healing,daily affirmations for healing,40,,0.45,MEDIUM,0.02,1.26,0,informational
healing,affirmations for healing illness,40,0.4,0.1,LOW,,,0,informational
spiritual,affirmations for spiritual growth,40,,0.11,LOW,,,0,informational
spiritual,spiritual i am affirmations,40,0.2,1,HIGH,,,0,informational
i-am,i am affirmations for success wealth and happiness,40,0.03,0.28,LOW,,,7,informational
i-am,biblical i am affirmations,40,12.72,0.68,HIGH,,,2,informational
i-am,i am confident affirmations,40,,0.32,LOW,,,9,informational
i-am,i am successful affirmations,40,0.1,0.81,HIGH,,,17,informational
i-am,i am smart affirmations,40,,0.79,HIGH,,,2,informational
i-am,i am success affirmations,40,0.1,0.81,HIGH,,,3,informational
i-am,i am affirmations 8 hours,40,,0,LOW,,,0,informational
funny,funny positive affirmations to give others,40,0.15,0.47,MEDIUM,,,0,informational
funny,funny affirmations for others,40,0.18,0.18,LOW,,,0,informational
funny,funny birth affirmations,40,,0.57,MEDIUM,,,0,informational
funny,tuesday affirmations funny,40,0.56,0.16,LOW,,,0,informational
morning,positive morning affirmations for him,30,25.85,0.49,MEDIUM,20,20,4,informational
morning,morning motivation affirmations,30,,0.47,MEDIUM,,,12,informational
morning,good morning affirmations for friends,30,0.03,0.56,MEDIUM,,,0,informational
morning,morning affirmations prayer,30,,0.2,LOW,,,7,informational
morning,morning christian affirmations,30,0.06,0.17,LOW,,,2,informational
morning,what are morning affirmations,30,,0.13,LOW,,,8,informational
morning,morning affirmations songs,30,,0.01,LOW,,,0,informational
morning,jason stephenson morning affirmations,30,,0,LOW,,,11,informational
morning,morning i am affirmations,30,0.04,0.43,MEDIUM,,,14,informational
morning,morning spiritual affirmations,30,0.39,0.44,MEDIUM,,,12,informational
morning,biblical morning affirmations,30,0.2,0.41,MEDIUM,,,0,informational
morning,morning affirmations song,30,,0.01,LOW,,,2,informational
morning,bruce lee morning affirmations,30,,0,LOW,,,,informational
morning,youtube positive morning affirmations,30,,0,LOW,,,14,navigational
morning,good morning wednesday affirmations,30,,0,LOW,,,0,informational
morning,youtube louise hay morning affirmations,30,,0,LOW,,,0,informational
morning,buddhist morning affirmations,30,,0.01,LOW,,,,informational
morning,5 buddhist morning affirmations,30,0.12,0.16,LOW,,,,informational
morning,miracle morning weight loss affirmations,30,,0,LOW,,,0,informational
morning,morning work affirmations,30,0.11,0.61,MEDIUM,,,7,informational
anxiety,bible affirmations for anxiety,30,,0.79,HIGH,,,0,informational
anxiety,biblical affirmations for anxiety,30,,0.79,HIGH,,,0,informational
anxiety,best affirmations for anxiety,30,0.1,0.28,LOW,,,18,informational
anxiety,affirmations for moms with anxiety,30,0.82,0.79,HIGH,,,0,informational
anxiety,affirmations for anxiety and fear,30,2.98,0.12,LOW,,,11,informational
anxiety,daily affirmations positive affirmations for anxiety,30,,0.5,MEDIUM,,,15,informational
anxiety,affirmations for work anxiety,30,,0.22,LOW,0.09,1.41,10,informational
anxiety,positive affirmations for health anxiety,30,0.61,0.26,LOW,,,5,informational
anxiety,good affirmations for anxiety,30,0.1,0.28,LOW,,,11,informational
anxiety,affirmations for fear and anxiety,30,2.98,0.12,LOW,,,16,informational
confidence,affirmations for confidence and courage,30,11.06,0.49,MEDIUM,,,5,informational
confidence,positive affirmations for work confidence,30,18.24,0.83,HIGH,,,3,informational
confidence,daily affirmations for self-confidence,30,0.16,0.94,HIGH,,,13,informational
confidence,daily affirmations for self confidence,30,0.16,0.94,HIGH,,,9,informational
self-love,self-love affirmations pdf,30,,0.02,LOW,,,0,informational
self-love,short self love affirmations,30,0.45,0.83,HIGH,,,44,informational
self-love,night affirmations for self love,30,0.04,0.03,LOW,,,0,informational
self-love,self love manifestation affirmations,30,160.49,0.84,HIGH,,,12,informational
self-love,short self-love affirmations,30,0.45,0.83,HIGH,,,,informational
self-love,self love affirmations pdf,30,,0.02,LOW,,,1,informational
self-love,guided affirmations for self love,30,,0,LOW,,,,informational
self-love,sleep affirmations for self love,30,,0,LOW,,,0,informational
self-love,night affirmations for self-love,30,0.04,0.03,LOW,,,0,informational
self-love,self-love manifestation affirmations,30,160.49,0.84,HIGH,,,11,informational
money,money affirmations song,30,,0,LOW,,,0,informational
money,affirmations for making money,30,,0.03,LOW,,,0,informational
money,money affirmations that work immediately,30,7.52,0.04,LOW,,,0,informational
money,neville goddard money affirmations,30,,0,LOW,,,0,informational
money,florence scovel shinn money affirmations,30,,0.08,LOW,,,0,informational
money,money mantra affirmations,30,,0.02,LOW,,,1,informational
money,money comes to me easily affirmations,30,,0.01,LOW,,,0,informational
money,robotic affirmations for money,30,,0,LOW,,,0,informational
money,money making affirmations,30,,0.03,LOW,,,0,informational
money,money comes to me affirmations,30,,0,LOW,,,0,informational
money,i am rich money affirmations listen before you sleep,30,,0,LOW,,,2,informational
money,positive affirmations for manifesting money,30,,0.03,LOW,,,0,informational
money,money affirmations songs,30,,0,LOW,,,0,informational
money,full moon money affirmations,30,,0,LOW,,,0,informational
abundance,abundance affirmations list,30,0.16,0.35,MEDIUM,,,,informational
abundance,abundance affirmations louise hay,30,0.11,0.02,LOW,,,0,informational
abundance,abundance mindset affirmations,30,0.05,0.18,LOW,,,0,informational
abundance,positive affirmations for financial abundance,30,0.16,0.09,LOW,,,8,informational
abundance,abundance quotes and affirmations,30,7.43,0.6,MEDIUM,,,44,informational
abundance,louise hay abundance affirmations,30,0.11,0.02,LOW,,,0,informational
abundance,sleep affirmations for abundance,30,,0,LOW,,,5,informational
abundance,louise hay affirmations abundance,30,0.11,0.02,LOW,,,0,informational
manifestation,sex manifestation affirmations,30,,0,LOW,,,0,informational
manifestation,manifestation positive affirmations,30,,0.33,MEDIUM,,,0,informational
manifestation,marriage manifestation affirmations,30,,0.26,LOW,,,0,informational
manifestation,beauty manifestation affirmations,30,,0.75,HIGH,,,9,informational
manifestation,water manifestation affirmations,30,,0,LOW,,,0,informational
manifestation,weight loss manifestation affirmations,30,,0.02,LOW,,,0,informational
manifestation,wealth manifestation affirmations,30,0.51,0.35,MEDIUM,,,0,informational
manifestation,relationship manifestation affirmations,30,,0,LOW,,,0,informational
manifestation,how to write affirmations for manifestation examples,30,,0.4,MEDIUM,,,0,informational
manifestation,most powerful affirmations for manifestation,30,,0.31,LOW,,,0,informational
women,affirmations for african american women,30,,0.45,MEDIUM,,,0,informational
women,strength affirmations for women,30,0.12,0.9,HIGH,,,10,informational
women,bedtime affirmations for women,30,,0.02,LOW,,,,informational
women,night time affirmations for women,30,,0,LOW,,,0,informational
women,daily christian affirmations for women,30,0.67,0.84,HIGH,0.93,20,0,informational
women,best daily affirmations for women,30,0.02,0.94,HIGH,0.03,0.89,21,informational
women,positive affirmations for young women,30,1.81,0.92,HIGH,,,15,informational
women,biblical affirmations for women pdf,30,9.35,0.9,HIGH,,,0,informational
women,daily affirmations cards for women,30,1.02,1,HIGH,0.24,0.72,0,informational
women,youtube positive affirmations for women,30,,0,LOW,,,17,navigational
women,positive biblical affirmations for women,30,0.2,1,HIGH,,,0,informational
women,list of positive affirmations for women,30,0.07,0.99,HIGH,,,24,informational
women,positive affirmations list for women,30,0.07,0.99,HIGH,,,37,informational
women,weight loss affirmations for women,30,0.04,0.27,LOW,0.04,4.28,0,informational
women,personal affirmations for women,30,0.03,0.97,HIGH,0.02,0.21,12,informational
women,affirmations from the bible for women,30,,0.69,HIGH,20,20,,informational
women,evening affirmations for women,30,,0.03,LOW,,,0,informational
women,365 daily affirmations for women,30,21.67,0.75,HIGH,2.75,20,,informational
women,affirmations for strong women,30,0.28,0.85,HIGH,,,15,informational
women,beauty affirmations for women,30,,0.39,MEDIUM,,,10,informational
women,strong affirmations for women,30,0.08,1,HIGH,0.02,0.04,15,informational
women,beautiful affirmations for women,30,7.57,0.95,HIGH,,,10,informational
women,positive affirmations for women book,30,1,1,HIGH,,,0,transactional
men,positive affirmations for men success,30,19.09,0.45,MEDIUM,0.06,20,,informational
men,funny affirmations for men,30,,0.15,LOW,,,0,informational
biblical,prosperity affirmations bible,30,,0.1,LOW,,,0,informational
biblical,daily affirmations bible verses,30,18.14,0.23,LOW,,,0,informational
biblical,bible based affirmations,30,0.08,0.4,MEDIUM,,,1,informational
biblical,bible morning affirmations,30,0.2,0.41,MEDIUM,,,2,informational
christian,christian healing affirmations,30,0.16,0.43,MEDIUM,,,0,informational
christian,christian affirmations for healing,30,0.16,0.43,MEDIUM,,,0,informational
christian,christian hypnobirthing affirmations,30,0.02,0.73,HIGH,,,0,informational
christian,healing affirmations christian,30,0.16,0.43,MEDIUM,,,0,informational
christian,christian wealth affirmations,30,,0.02,LOW,,,0,informational
chakra,chakra healing affirmations,30,0.03,1,HIGH,,,0,informational
chakra,chakra affirmations pdf,30,0.18,0.86,HIGH,,,0,informational
chakra,all chakra affirmations,30,0.1,0.61,MEDIUM,,,2,informational
chakra,chakra affirmations for healing,30,0.03,1,HIGH,,,0,informational
chakra,solar chakra affirmations,30,,0.4,MEDIUM,,,0,informational
chakra,healing chakra affirmations,30,0.03,1,HIGH,,,0,informational
chakra,7 chakra affirmations i am i feel,30,0.13,0.81,HIGH,,,0,informational
chakra,3rd eye chakra affirmations,30,,0,LOW,,,0,informational
sleep,sleep positive affirmations,30,,0,LOW,,,3,informational
sleep,positive sleep affirmations female voice,30,,0,LOW,,,6,informational
sleep,sleep affirmations for positive thinking,30,,0.1,LOW,,,2,informational
sleep,bob baker sleep affirmations,30,,,,,,0,informational
sleep,sleep affirmations for success,30,,0.05,LOW,,,0,informational
sleep,bedtime affirmations for sleep,30,,0.01,LOW,,,0,informational
sleep,sleep affirmations no ads,30,,0.06,LOW,,,9,informational
sleep,subliminal sleep affirmations,30,,0.01,LOW,,,0,informational
work,shadow work affirmations,30,,0.35,MEDIUM,,,0,informational
work,does listening to affirmations work,30,,0,LOW,,,16,informational
work,how does positive affirmations work,30,,0.01,LOW,,,49,informational
work,positive affirmations for work printable,30,0.08,0.66,MEDIUM,,,0,informational
work,affirmations for work stress,30,0.14,0.43,MEDIUM,,,1,informational
work,how do positive affirmations work,30,,0.01,LOW,,,45,informational
work,monday affirmations for work funny,30,,0,LOW,,,0,informational
work,does listening to positive affirmations while sleeping work,30,,0,LOW,,,0,informational
work,hard work affirmations,30,0.28,0.82,HIGH,,,0,informational
work,positive affirmations for others at work,30,,0.04,LOW,,,0,informational
work,affirmations for hard work,30,0.28,0.82,HIGH,,,7,informational
work,what are affirmations and how do they work,30,0.46,0.06,LOW,,,48,informational
work,do affirmations actually work,30,,0,LOW,,,19,informational
work,how long does it take for affirmations to work,30,,0,LOW,,,0,informational
work,work stress affirmations,30,0.14,0.43,MEDIUM,,,1,informational
work,do listening to affirmations work,30,,0,LOW,,,9,informational
work,motivational affirmations for work,30,,1,HIGH,,,2,informational
work,good morning affirmations for work,30,,0.17,LOW,,,17,informational
gratitude,short gratitude affirmations,30,,0.48,MEDIUM,,,4,informational
gratitude,gratitude night affirmations,30,,0,LOW,,,0,informational
gratitude,gratitude affirmations quotes,30,0.04,0.88,HIGH,,,4,informational
gratitude,gratitude and affirmations,30,0.02,0.53,MEDIUM,0.03,1.94,0,informational
gratitude,self worth gratitude affirmations,30,0.2,0.76,HIGH,,,4,informational
gratitude,gratitude affirmations louise hay,30,,0.18,LOW,,,3,informational
gratitude,gratitude daily affirmations,30,0.01,0.98,HIGH,,,5,informational
gratitude,100 gratitude affirmations,30,0.28,0.55,MEDIUM,,,,informational
gratitude,gratitude affirmations for manifesting,30,,0.09,LOW,,,8,informational
gratitude,bob baker gratitude affirmations,30,,0,LOW,,,6,informational
gratitude,affirmations about gratitude,30,0.05,0.35,MEDIUM,,,5,informational
gratitude,louise hay gratitude affirmations,30,,0.18,LOW,,,8,informational
gratitude,daily affirmations for gratitude,30,0.03,0.01,LOW,,,5,informational
healing,joseph murphy healing affirmations,30,0.15,0.83,HIGH,,,0,informational
healing,scientific healing affirmations by paramahansa yogananda,30,2.94,0.79,HIGH,0.16,2.04,0,informational
healing,health affirmations for healing,30,,0,LOW,,,6,informational
healing,healing relationship affirmations,30,0.14,0.95,HIGH,,,0,informational
healing,scientific healing affirmations paramahansa yogananda,30,2.94,0.79,HIGH,0.16,2.04,0,informational
healing,paramahansa yogananda scientific healing affirmations,30,2.94,0.79,HIGH,0.16,2.04,0,informational
healing,affirmations for physical healing,30,0.82,0.28,LOW,,,0,informational
healing,15 health & healing affirmations,30,0.11,0.04,LOW,,,0,informational
healing,scientific healing affirmations pdf,30,0.07,0.28,LOW,,,0,informational
healing,positive affirmations for healing trauma,30,,0.32,LOW,,,0,informational
healing,healing affirmations for body,30,,0.08,LOW,,,0,informational
healing,physical healing affirmations,30,0.82,0.28,LOW,,,0,informational
spiritual,spiritual daily affirmations,30,5.75,0.7,HIGH,0.07,1.6,2,informational
spiritual,free daily spiritual affirmations,30,1.75,0.21,LOW,0.62,1.77,18,informational
spiritual,spiritual protection affirmations,30,,0,LOW,,,0,informational
spiritual,spiritual bedtime affirmations,30,0.09,0.77,HIGH,,,0,informational
i-am,i am affirmations wayne dyer,30,,0,LOW,,,1,informational
i-am,wayne dyer i am that i am affirmations,30,,0,LOW,,,0,informational
i-am,i am a millionaire affirmations,30,,0.65,MEDIUM,,,0,informational
i-am,wayne dyer i am affirmations,30,,0,LOW,,,0,informational
i-am,i am blessed affirmations,30,0.07,0.51,MEDIUM,,,0,informational
i-am,i am affirmations lavendaire,30,,0,LOW,,,24,informational
i-am,i am affirmations jason stephenson,30,,0,LOW,,,6,informational
i-am,i am the prize affirmations,30,,0,LOW,,,0,informational
i-am,i am positive affirmations list,30,0.1,0.96,HIGH,0.04,20,37,informational
i-am,i am a warrior affirmations,30,,0,LOW,,,0,informational
i-am,i am the best affirmations,30,0.05,0.55,MEDIUM,,,32,informational
i-am,i am affirmations for resilience,30,0.59,0.68,HIGH,,,0,informational
i-am,i am daily affirmations app cost,30,,0,LOW,,,18,informational
i-am,best i am affirmations,30,0.05,0.55,MEDIUM,,,15,informational
i-am,god says i am affirmations,30,0.23,1,HIGH,,,0,informational
i-am,i am in christ affirmations,30,0.86,0.77,HIGH,,,0,informational
i-am,i am scripture affirmations,30,15.67,1,HIGH,,,0,informational
i-am,i am affirmations in christ,30,0.86,0.77,HIGH,,,0,informational
i-am,jason stephenson i am affirmations,30,,0,LOW,,,2,informational
i-am,i am affirmations pdf,30,,0.26,LOW,,,0,informational
i-am,i am good enough affirmations,30,0.15,0.98,HIGH,,,11,informational
i-am,i am worthy of love affirmations,30,,0.61,MEDIUM,,,5,informational
i-am,i am god affirmations,30,,0.11,LOW,,,3,informational
i-am,i am affirmations for success,30,,0.44,MEDIUM,,,27,informational
short,short positive affirmations for teachers,30,0.17,0.89,HIGH,,,0,informational
short,short affirmations for students,30,0.14,0.97,HIGH,,,11,informational
short,short positive affirmations for students,30,0.13,1,HIGH,,,4,informational
funny,funny monday affirmations,30,,0,LOW,,,0,informational
funny,thursday affirmations funny,30,,0.03,LOW,,,0,informational
funny,funny positive affirmations meme,30,,0,LOW,,,0,informational
funny,funny negative affirmations,30,,0,LOW,,,0,informational
funny,funny wednesday affirmations,30,,0,LOW,,,0,informational
funny,funny thursday affirmations,30,,0,LOW,,,0,informational
anxiety,positive affirmations for anxiety pdf,20,,0.01,LOW,,,0,informational
anxiety,positive affirmations for test anxiety,20,0.03,0.36,MEDIUM,,,36,informational
anxiety,peaceful affirmations for anxiety,20,,0.03,LOW,,,23,informational
anxiety,affirmations for relationship anxiety,20,,0.05,LOW,,,0,informational
anxiety,pregnancy affirmations for anxiety,20,,0.32,LOW,,,0,informational
anxiety,buddhist affirmations for anxiety,20,,0.01,LOW,,,,informational
anxiety,peace affirmations for anxiety,20,2.09,0.39,MEDIUM,,,23,informational
anxiety,self worth positive affirmations for anxiety,20,0.14,0.75,HIGH,,,16,informational
anxiety,daily affirmations for anxiety and depression,20,,0.19,LOW,,,,informational
anxiety,daily affirmations for women with anxiety,20,,0.07,LOW,,,,informational
anxiety,affirmations for anxiety relief,20,1.03,0.62,MEDIUM,,,15,informational
anxiety,affirmations for people with anxiety,20,29.27,0.21,LOW,,,,informational
anxiety,positive affirmations for sleep anxiety,20,,0.31,LOW,,,0,informational
anxiety,daily affirmations for depression and anxiety,20,2.39,0.49,MEDIUM,0.13,4.66,1,informational
anxiety,bedtime affirmations for anxiety,20,,0.02,LOW,,,0,informational
anxiety,grounding affirmations for anxiety,20,,0.06,LOW,,,19,informational
anxiety,positive affirmations for anxiety and stress,20,,0.03,LOW,,,17,informational
confidence,affirmations of confidence,20,0.04,0.32,LOW,,,12,informational
confidence,sex confidence affirmations,20,,0,LOW,,,0,informational
confidence,best affirmations for confidence,20,0.03,0.44,MEDIUM,,,13,informational
confidence,self-love and confidence affirmations,20,,0.09,LOW,,,2,informational
confidence,affirmations for building confidence,20,0.05,0.09,LOW,,,10,informational
confidence,affirmations for positive thinking confidence and success,20,0.12,0.21,LOW,,,8,informational
confidence,morning affirmations for confidence,20,0.26,0.26,LOW,,,13,informational
confidence,confidence building affirmations,20,,0.63,MEDIUM,,,10,informational
confidence,affirmations for self worth and confidence,20,0.08,0.71,HIGH,,,48,informational
confidence,sexual confidence affirmations,20,,0,LOW,,,0,informational
confidence,affirmations for beauty and confidence,20,0.25,0.08,LOW,,,11,informational
confidence,extreme confidence affirmations,20,,0,LOW,,,0,informational
confidence,great affirmations for confidence,20,0.03,0.44,MEDIUM,,,3,informational
confidence,positive affirmations to build confidence,20,,0.33,MEDIUM,,,32,informational
confidence,subliminal affirmations for confidence,20,,0,LOW,,,,informational
confidence,subliminal affirmations confidence,20,,0,LOW,,,,informational
confidence,affirmations for self-worth and confidence,20,0.08,0.71,HIGH,,,,informational
confidence,confidence affirmations youtube,20,,0,LOW,,,20,informational
confidence,youtube confidence affirmations,20,,0,LOW,,,14,informational
confidence,affirmations for confidence at work,20,,0.07,LOW,,,0,informational
confidence,best confidence affirmations,20,0.03,0.44,MEDIUM,,,13,informational
confidence,self love and confidence affirmations,20,,0.09,LOW,,,2,informational
confidence,self-confidence affirmations for women,20,0.03,0.93,HIGH,,,,informational
confidence,affirmations for success and confidence,20,28.71,0.36,MEDIUM,,,17,informational
confidence,self confidence affirmations for women,20,0.03,0.93,HIGH,,,,informational
confidence,subliminal confidence affirmations,20,,0,LOW,,,,informational
self-love,self love affirmations aesthetic,20,0.17,0.44,MEDIUM,,,8,informational
self-love,self-love affirmations list,20,,0,LOW,,,2,informational
self-love,what are some affirmations for self love,20,,0.83,HIGH,0.02,0.51,31,informational
self-love,printable self-love affirmations,20,0.04,1,HIGH,,,0,informational
self-love,positive affirmations for women self-love,20,0.02,0.96,HIGH,0.02,0.13,34,informational
self-love,self love and acceptance affirmations,20,14.24,0.78,HIGH,,,37,informational
self-love,affirmations for self love and self worth,20,,0.24,LOW,,,37,informational
self-love,heart chakra affirmations for self-love,20,,0.25,LOW,,,,informational
self-love,positive affirmations quotes for self-love,20,0.06,0.93,HIGH,,,12,informational
self-love,heart chakra affirmations for self love,20,,0.25,LOW,,,,informational
self-love,self love affirmations list,20,,0,LOW,,,12,informational
self-love,printable self love affirmations,20,0.04,1,HIGH,,,0,informational
self-love,good daily affirmations for self love,20,0.03,0.34,MEDIUM,0.02,0.22,,informational
self-love,positive affirmations for women self love,20,0.02,0.96,HIGH,0.02,0.13,,informational
self-love,positive affirmations quotes for self love,20,0.06,0.93,HIGH,,,7,informational
self-love,louise hay affirmations self love,20,,0,LOW,,,0,informational
self-love,daily affirmations self love,20,0.23,0.9,HIGH,,,0,informational
self-love,self-love and acceptance affirmations,20,14.24,0.78,HIGH,,,,informational
self-love,self love weight loss affirmations,20,0.38,0.54,MEDIUM,,,,informational
self-love,self love affirmations pinterest,20,,0,LOW,,,0,informational
money,money affirmations for success,20,,0.05,LOW,,,0,informational
money,money success affirmations,20,,0.05,LOW,,,0,informational
money,100 money affirmations,20,,0.17,LOW,,,13,informational
money,i attract money affirmations,20,,0.01,LOW,,,0,informational
money,rev ike money affirmations,20,,0.04,LOW,,,0,informational
money,money affirmations list,20,,0.29,LOW,,,0,informational
money,full moon affirmations for money,20,,0,LOW,,,0,informational
money,money and success affirmations,20,,0.05,LOW,,,8,informational
money,affirmations for money and abundance,20,,0.01,LOW,,,0,informational
money,subliminal affirmations for money,20,,0,LOW,,,22,informational
abundance,abundance affirmations quotes,20,,0,LOW,,,0,informational
abundance,abundance sleep affirmations,20,,0,LOW,,,,informational
abundance,affirmations for gratitude and abundance,20,,0.13,LOW,,,33,informational
abundance,positive affirmations for abundance and happiness,20,,0.09,LOW,,,4,informational
manifestation,business manifestation affirmations,20,,0.5,MEDIUM,,,0,informational
manifestation,full moon manifestation affirmations,20,,0,LOW,,,0,informational
manifestation,healing manifestation affirmations,20,,0.44,MEDIUM,,,3,informational
manifestation,car manifestation affirmations,20,,0.05,LOW,,,0,informational
manifestation,family manifestation affirmations,20,0.01,1,HIGH,,,,informational
manifestation,i am affirmations for manifestation,20,0.02,0.35,MEDIUM,,,3,informational
manifestation,powerful affirmations for manifestation,20,,0.8,HIGH,,,0,informational
manifestation,most powerful manifestation affirmations,20,,0.02,LOW,,,0,informational
manifestation,affirmations manifestation quotes,20,,0,LOW,,,5,informational
manifestation,law of attraction manifestation affirmations,20,,0,LOW,,,0,informational
manifestation,money affirmations manifestation,20,,0,LOW,,,0,informational
manifestation,manifestation affirmations for success,20,,0.27,LOW,,,5,informational
manifestation,bay leaf manifestation affirmations,20,,0,LOW,,,,informational
manifestation,husband manifestation affirmations,20,,0,LOW,,,0,informational
manifestation,cinnamon manifestation affirmations,20,,0,LOW,,,,informational
manifestation,sp manifestation affirmations,20,,0,LOW,,,0,informational
manifestation,manifestation affirmations for wealth,20,,0.5,MEDIUM,,,0,informational
women,positive affirmations for women wallpaper,20,0.24,0.73,HIGH,,,0,informational
women,positive affirmations in spanish for women,20,0.04,0.78,HIGH,,,,informational
women,affirmations for women who do too much,20,8.57,0.75,HIGH,,,,informational
women,daily affirmations for women app free,20,1.69,0.54,MEDIUM,0.64,1.39,15,transactional
women,daily affirmations book for women,20,0.48,1,HIGH,0.54,0.92,0,informational
women,youtube affirmations for women,20,,0,LOW,,,25,informational
women,10 positive affirmations for women,20,11.01,0.87,HIGH,,,,informational
women,daily morning affirmations for women,20,1.81,1,HIGH,0.65,3.21,,informational
women,positive affirmations for women printable,20,16.28,1,HIGH,,,0,informational
men,positive self affirmations for men,20,14.25,0.79,HIGH,1.85,20,,informational
men,sexual affirmations for men,20,,0,LOW,,,0,informational
men,black affirmations for men,20,7.11,0.88,HIGH,,,,informational
men,daily affirmations for men app,20,2.15,0.5,MEDIUM,0.79,2.48,17,navigational
men,encouraging affirmations for men,20,0.06,0.63,MEDIUM,,,10,informational
men,positive affirmations for men in recovery,20,,0.22,LOW,,,,informational
men,positive morning affirmations for men,20,,0.18,LOW,,,,informational
men,short affirmations for men,20,,1,HIGH,,,,informational
men,affirmations for men with low self-esteem,20,,0.73,HIGH,,,,informational
men,asmr #affirmations for men,20,,0,LOW,,,,informational
men,positive thinking affirmations for men,20,0.1,1,HIGH,,,12,informational
men,positive affirmations for men to start the day,20,64.21,0.65,MEDIUM,20,20,,informational
men,asmr affirmations for men,20,,0,LOW,,,,informational
men,list of affirmations for men,20,,0.45,MEDIUM,,,,informational
men,daily affirmations for young men,20,0.12,0.7,HIGH,,,,informational
men,daily affirmations for men book,20,0.51,0.92,HIGH,0.32,3.21,0,informational
biblical,bible affirmations pdf,20,0.45,0.67,HIGH,,,0,informational
biblical,positive bible affirmations for women,20,,1,HIGH,,,,informational
biblical,printable i am affirmations from the bible,20,0.07,1,HIGH,,,0,informational
biblical,daily affirmations for women bible,20,,1,HIGH,,,0,informational
biblical,bible verses for positive affirmations,20,,0.58,MEDIUM,,,0,informational
biblical,bible affirmations app,20,1.34,0.18,LOW,0.45,5.77,52,informational
biblical,affirmations with bible verses,20,0.07,0.89,HIGH,,,2,informational
biblical,365 bible affirmations for women,20,0.9,0.83,HIGH,,,,informational
christian,christian sleep affirmations,20,,0,LOW,,,0,informational
christian,christian birth affirmations for labor,20,0.13,0.84,HIGH,,,,informational
christian,christian birthing affirmations,20,0.02,1,HIGH,,,0,informational
christian,christian affirmations for teens,20,0.34,1,HIGH,,,,informational
christian,christian pregnancy affirmations,20,0.02,0.92,HIGH,,,4,informational
christian,christian affirmations app,20,,0.13,LOW,0.57,2.55,10,informational
christian,daily christian affirmations app,20,,0.33,LOW,0.84,2.62,5,informational
christian,christian labor affirmations,20,,0.66,MEDIUM,,,22,informational
christian,christian i am affirmations,20,0.07,0.38,MEDIUM,,,0,informational
chakra,chakra affirmations i am,20,0.1,0.64,MEDIUM,,,0,informational
chakra,i am chakra affirmations,20,0.02,0.96,HIGH,,,0,informational
chakra,affirmations sacral chakra,20,0.08,0.47,MEDIUM,,,0,informational
chakra,root chakra affirmations pdf,20,0.05,0.37,MEDIUM,,,0,informational
chakra,sacral chakra affirmations i feel,20,,0,LOW,,,0,informational
chakra,positive chakra affirmations,20,0.04,1,HIGH,,,,informational
chakra,throat chakra affirmations meditation,20,,0,LOW,,,,informational
chakra,sacral chakra healing affirmations,20,1.62,0.15,LOW,,,0,informational
chakra,chakra affirmations i am i feel i do,20,0.21,1,HIGH,,,0,informational
chakra,affirmations for chakra balancing,20,,0.74,HIGH,,,0,informational
chakra,chakra balancing affirmations,20,,0.74,HIGH,,,0,informational
chakra,affirmations for sacral chakra healing,20,,0.21,LOW,,,0,informational
chakra,root chakra healing affirmations,20,,0.13,LOW,,,0,informational
chakra,seven chakra affirmations,20,0.08,1,HIGH,,,0,informational
chakra,affirmations for chakra healing,20,0.17,0.22,LOW,,,0,informational
chakra,yellow chakra affirmations,20,,0,LOW,,,0,informational
chakra,soul star chakra affirmations,20,,0.22,LOW,,,0,informational
chakra,7 chakra affirmations for wealth,20,0.15,0.45,MEDIUM,,,0,informational
sleep,youtube positive affirmations sleep,20,,0.02,LOW,,,1,informational
sleep,best sleep affirmations,20,,0,LOW,,,1,informational
sleep,positive affirmations before sleep,20,,0,LOW,,,0,informational
sleep,calm affirmations for sleep,20,,0,LOW,,,0,informational
sleep,i am sleep affirmations,20,,0.04,LOW,,,5,informational
sleep,sleep affirmations jason stephenson,20,,0,LOW,,,9,informational
sleep,healing sleep affirmations,20,,0,LOW,,,0,informational
sleep,guided sleep affirmations,20,,0.03,LOW,,,3,informational
sleep,abraham hicks sleep affirmations,20,,0,LOW,,,,informational
sleep,heal while you sleep with powerful affirmations,20,,0,LOW,,,12,informational
sleep,positive affirmations for sleep youtube,20,,0.02,LOW,,,1,informational
sleep,youtube positive affirmations for sleep,20,,0,LOW,,,1,informational
sleep,louise hay sleep affirmations youtube,20,,0,LOW,,,,navigational
sleep,sleep affirmations before bed,20,,0,LOW,,,0,informational
sleep,positive affirmations youtube sleep,20,,0.02,LOW,,,3,informational
sleep,good sleep affirmations,20,,0,LOW,,,3,informational
sleep,sleep affirmations for women,20,,0,LOW,,,,informational
sleep,deep sleep affirmations,20,,0,LOW,,,4,informational
sleep,affirmations for good sleep,20,,0,LOW,,,28,informational
sleep,sleep subliminal affirmations,20,,0.02,LOW,,,22,informational
sleep,positive affirmations to sleep,20,,0,LOW,,,2,informational
sleep,jason stephenson sleep affirmations,20,,0,LOW,,,0,informational
sleep,sleep hypnosis affirmations,20,,0,LOW,,,4,informational
sleep,calming affirmations for sleep,20,,0,LOW,,,0,informational
sleep,louise hay affirmations sleep,20,,0,LOW,,,2,informational
sleep,asmr sleep affirmations,20,,0.01,LOW,,,,informational
work,office positive affirmations for work,20,0.59,1,HIGH,,,21,informational
work,why do positive affirmations work,20,,0,LOW,,,43,informational
work,work out affirmations,20,0.62,0.38,MEDIUM,,,0,informational
work,does writing affirmations work,20,,0,LOW,,,60,informational
work,love affirmations that work instantly,20,,0,LOW,,,,informational
work,how long does affirmations take to work,20,,0,LOW,,,1,informational
work,louise hay affirmations for work,20,,0,LOW,,,0,informational
work,lottery affirmations that really work,20,,0.08,LOW,,,,informational
work,team work affirmations,20,0.04,0.61,MEDIUM,,,0,informational
work,work affirmations funny,20,0.61,0.76,HIGH,,,0,informational
work,do positive affirmations really work,20,,0,LOW,,,38,informational
gratitude,gratitude affirmations to the universe,20,,0,LOW,,,0,informational
gratitude,morning affirmations for gratitude,20,,0,LOW,,,20,informational
gratitude,gratitude positive affirmations,20,,0.4,MEDIUM,,,0,informational
gratitude,nightly gratitude affirmations,20,,0,LOW,,,0,informational
gratitude,nighttime gratitude affirmations,20,,0,LOW,,,0,informational
gratitude,21 gratitude affirmations,20,,0,LOW,,,,informational
gratitude,affirmations and gratitude,20,1.34,0.53,MEDIUM,,,0,informational
gratitude,powerful gratitude morning affirmations,20,0.94,0.56,MEDIUM,,,39,informational
gratitude,gratitude affirmations lavendaire,20,,0,LOW,,,27,informational
gratitude,night gratitude affirmations,20,,0,LOW,,,0,informational
gratitude,affirmations and gratitude journal,20,1.47,0.93,HIGH,0.29,1.29,30,informational
healing,affirmations for healing cancer,20,0.09,0.75,HIGH,,,0,informational
healing,womb healing affirmations,20,0.02,0.31,LOW,,,0,informational
healing,healing love affirmations,20,0.03,0.83,HIGH,,,,informational
healing,healing affirmations for cancer,20,0.09,0.75,HIGH,,,0,informational
healing,meditation affirmations for healing,20,,0,LOW,,,1,informational
healing,list of healing affirmations,20,,0.06,LOW,,,11,informational
healing,scientific healing affirmations by paramahansa yogananda pdf,20,0.46,0.58,MEDIUM,,,0,informational
healing,trauma healing affirmations,20,,0,LOW,,,0,informational
healing,morning affirmations for health and healing,20,,0,LOW,,,,informational
healing,cancer healing affirmations,20,0.09,0.75,HIGH,,,0,informational
healing,affirmations for love and healing,20,,0,LOW,,,4,informational
healing,joseph murphy affirmations for healing,20,,0,LOW,,,18,informational
healing,healing affirmations cancer,20,0.09,0.75,HIGH,,,0,informational
healing,affirmations for healing others,20,,0.24,LOW,,,0,informational
healing,healing affirmations list,20,,0.06,LOW,,,21,informational
healing,affirmations for chakras healing,20,0.17,0.22,LOW,,,0,informational
healing,healing affirmations for others,20,,0.24,LOW,,,15,informational
healing,louise hay self-healing affirmations,20,,0.06,LOW,,,1,informational
healing,louise hay self healing affirmations,20,,0.06,LOW,,,3,informational
healing,healing cancer affirmations,20,0.09,0.75,HIGH,,,0,informational
spiritual,spiritual birthday affirmations,20,0.68,1,HIGH,,,,informational
spiritual,affirmations for spiritual awakening,20,0.15,0.14,LOW,,,26,informational
spiritual,daily spiritual affirmations for women,20,0.1,0.56,MEDIUM,,,,informational
spiritual,spiritual affirmations for husband wife relationship,20,,0,LOW,,,,informational
spiritual,spiritual affirmations for husband #wife relationship,20,,0,LOW,,,,informational
spiritual,spiritual growth affirmations,20,,0,LOW,,,0,informational
spiritual,deep spiritual affirmations,20,0.02,0.19,LOW,,,0,informational
i-am,saint germain i am affirmations,20,,0.11,LOW,,,0,informational
i-am,is i am daily affirmations free,20,,0,LOW,,,15,informational
i-am,bruce lee affirmations i am the best,20,0.03,0.14,LOW,,,,informational
i-am,i am self affirmations,20,0.03,0.16,LOW,,,42,informational
i-am,i am lucky affirmations,20,,0,LOW,,,0,informational
i-am,i am a goddess affirmations,20,,0,LOW,,,0,informational
i-am,i am so happy and grateful now that affirmations,20,,0,LOW,,,0,informational
i-am,i am affirmations joe dispenza,20,,0,LOW,,,3,informational
i-am,i am presence affirmations,20,,0.05,LOW,,,0,informational
i-am,positive affirmations i am statements,20,0.23,0.92,HIGH,,,13,informational
i-am,i am affirmations st germain,20,,0.11,LOW,,,0,informational
short,daily affirmations short,20,5.98,0.99,HIGH,,,17,informational
short,short morning affirmations,20,0.04,0.08,LOW,,,10,informational
short,short powerful affirmations,20,,0.77,HIGH,,,9,informational
short,short self affirmations,20,0.02,1,HIGH,,,52,informational
short,list of short positive affirmations,20,0.05,0.72,HIGH,,,,informational
funny,funny self affirmations,20,0.22,0.45,MEDIUM,,,0,informational
funny,funny daily affirmations for women,20,0.43,0.63,MEDIUM,,,,informational
funny,funny mom affirmations,20,0.18,0.97,HIGH,,,0,informational
funny,friday affirmations funny for work,20,,0,LOW,,,,informational
anxiety,affirmations for anxiety phone case,10,0.54,1,HIGH,,,0,transactional
anxiety,positive affirmations for pregnancy anxiety,10,,0.86,HIGH,,,,informational
anxiety,jason stephenson affirmations for anxiety,10,,0,LOW,,,5,informational
anxiety,affirmations for surgery anxiety,10,,0,LOW,,,23,informational
anxiety,affirmations for anxiety and loneliness,10,,,,,,,informational
anxiety,positive affirmations for work anxiety,10,,0,LOW,,,33,informational
anxiety,positive affirmations for anxiety youtube,10,,0,LOW,,,6,informational
anxiety,positive affirmations for panic and anxiety,10,,0,LOW,,,,informational
anxiety,i am safe affirmations for anxiety,10,2.02,0.08,LOW,,,7,informational
anxiety,youtube positive affirmations for anxiety,10,,0,LOW,,,24,informational
anxiety,positive thinking positive affirmations for anxiety,10,0.2,1,HIGH,,,15,informational
anxiety,affirmations for pregnancy anxiety,10,,0.09,LOW,,,8,informational
anxiety,listen to daily affirmations positive affirmations for anxiety,10,,0.71,HIGH,,,,informational
anxiety,positive affirmations for anxiety and depression pdf,10,,0,LOW,,,9,informational
anxiety,affirmations for performance anxiety,10,,0,LOW,,,48,informational
anxiety,tapping affirmations for anxiety,10,,0.02,LOW,,,,informational
anxiety,positive affirmations for anxiety and worry,10,,,,,,,informational
anxiety,healthy affirmations for anxiety,10,,0.07,LOW,,,40,informational
anxiety,affirmations for anxiety printable,10,,,,,,40,informational
anxiety,affirmations for travel anxiety,10,,0.04,LOW,,,,informational
anxiety,list of positive affirmations for anxiety,10,,0.43,MEDIUM,,,,informational
anxiety,affirmations for new job anxiety,10,,0,LOW,,,39,informational
anxiety,affirmations for exam anxiety,10,,0.04,LOW,,,,informational
anxiety,affirmations for morning anxiety,10,,0.02,LOW,,,4,informational
anxiety,affirmations for anxiety blobs,10,,,,,,,informational
anxiety,powerful daily affirmations for anxiety,10,,0.05,LOW,,,17,informational
anxiety,positive affirmations for anxiety and fear,10,,0.26,LOW,,,,informational
anxiety,affirmations for anxiety meaning in hindi,10,,,,,,,informational
anxiety,affirmations for driving anxiety,10,,0.02,LOW,,,40,informational
anxiety,affirmations for dating anxiety,10,,0,LOW,,,,informational
anxiety,affirmations for anxiety at work,10,,0,LOW,,,10,informational
anxiety,scripture affirmations for anxiety,10,,0,LOW,,,,informational
anxiety,positive affirmations for worry and anxiety,10,,0,LOW,,,,informational
anxiety,positive affirmations for people with anxiety,10,,0.24,LOW,,,,informational
anxiety,nightly affirmations for anxiety,10,,0,LOW,,,24,informational
anxiety,anxiety affirmations for women,10,,0.49,MEDIUM,,,12,informational
anxiety,sleep affirmations for anxiety,10,,0.03,LOW,,,0,informational
anxiety,affirmations for anxiety disorders,10,,,,,,49,informational
anxiety,short affirmations for anxiety,10,,0.5,MEDIUM,,,,informational
anxiety,affirmations for anxiety about the future,10,,0.11,LOW,,,,informational
anxiety,affirmations for anxiety phone case shein,10,,,,,,,transactional
anxiety,short positive affirmations for anxiety and depression,10,,0.49,MEDIUM,,,,informational
anxiety,affirmations for anxiety and overthinking,10,0.71,0.13,LOW,0.02,1.85,,informational
anxiety,affirmations for anxiety case,10,,,,,,,informational
anxiety,powerful affirmations for anxiety,10,0.78,0.67,HIGH,,,,informational
anxiety,youtube affirmations for anxiety,10,,0,LOW,,,,informational
anxiety,relaxing affirmations for anxiety,10,,0.21,LOW,,,,informational
anxiety,affirmations for anxiety and confidence,10,,0.21,LOW,,,11,informational
anxiety,affirmations for anxiety and panic attacks,10,,,,,,,informational
anxiety,affirmations for men with anxiety,10,,0.07,LOW,,,,informational
anxiety,best affirmations for social anxiety,10,,0,LOW,,,,informational
anxiety,positive affirmations for relationship anxiety,10,,,,,,,commercial
anxiety,positive affirmations for men with anxiety,10,0.04,0.6,MEDIUM,,,,informational
anxiety,positive affirmations for fear and anxiety,10,23.3,0.18,LOW,0.03,4.9,47,informational
anxiety,positive affirmations for teens with anxiety,10,4.74,0.82,HIGH,,,,commercial
anxiety,affirmations for anxiety youtube,10,,0,LOW,,,55,informational
anxiety,night affirmations for anxiety,10,,,,,,24,informational
anxiety,panic attack affirmations for anxiety,10,,,,,,18,informational
anxiety,asmr affirmations for anxiety,10,,,,,,,informational
anxiety,positive affirmations for driving anxiety,10,,0,LOW,,,,informational
anxiety,short positive affirmations for stress and anxiety,10,15.1,0.06,LOW,,,,informational
anxiety,list of affirmations for anxiety,10,,0.14,LOW,,,,informational
anxiety,positive self affirmations for anxiety,10,,0,LOW,,,19,informational
anxiety,affirmations for calming anxiety,10,,0.17,LOW,,,10,informational
anxiety,powerful daily affirmations for anxiety chronic stress panic attacks,10,,,,,,,informational
confidence,spiritual affirmations for confidence,10,,1,HIGH,,,23,informational
confidence,good affirmations for confidence,10,,0.57,MEDIUM,,,,informational
confidence,daily affirmations for self love and confidence,10,,1,HIGH,,,,informational
confidence,confidence beauty affirmations,10,,0,LOW,,,,informational
confidence,personal affirmations for confidence,10,,0.21,LOW,,,,informational
confidence,affirmations for motivation and confidence,10,7.78,0.26,LOW,,,,informational
confidence,affirmations for sexual confidence,10,,0,LOW,,,11,informational
confidence,self love self confidence affirmations,10,,0.86,HIGH,,,,informational
confidence,male confidence affirmations,10,,0.57,MEDIUM,,,,informational
confidence,affirmations to increase self confidence,10,,0.55,MEDIUM,,,,informational
confidence,positive affirmations to boost confidence,10,,0.95,HIGH,,,,informational
confidence,bible affirmations for confidence,10,0.17,0.11,LOW,,,0,informational
confidence,biblical affirmations for confidence,10,0.17,0.11,LOW,,,0,informational
confidence,positive affirmations for success and confidence,10,,,,,,,informational
confidence,confidence affirmations meditation,10,,,,,,,informational
confidence,confidence and beauty affirmations,10,,0,LOW,,,11,informational
confidence,morning self confidence affirmations,10,,,,,,,informational
confidence,zii belief affirmations for confidence,10,,0,LOW,,,,informational
confidence,confidence affirmations pdf,10,,0.43,MEDIUM,,,,informational
confidence,short affirmations for confidence,10,,0.33,MEDIUM,,,26,informational
confidence,affirmations on self confidence,10,,,,,,16,informational
confidence,self confidence affirmations tamil,10,,,,,,,informational
confidence,affirmations for self-confidence and self belief,10,,0,LOW,,,,informational
confidence,alpha male affirmations extreme self confidence,10,,0,LOW,,,,informational
confidence,manifestation affirmations for confidence,10,,0,LOW,,,33,informational
confidence,positive affirmations for confidence and self-esteem,10,0.11,0.53,MEDIUM,0.05,20,,informational
confidence,courage and confidence affirmations,10,,,,,,5,informational
confidence,affirmations for social confidence,10,,0,LOW,,,,informational
confidence,strong affirmations for confidence,10,0.07,0.38,MEDIUM,,,,informational
confidence,confidence subliminal affirmations,10,,0,LOW,,,,informational
confidence,5 minute confidence affirmations,10,,0,LOW,,,,informational
confidence,list of positive affirmations for confidence,10,,,,,,,informational
confidence,self confidence self worth positive affirmations,10,,0,LOW,,,17,informational
confidence,self confidence affirmations list,10,,,,,,,informational
confidence,alpha male affirmations extreme self-confidence,10,,0,LOW,,,,informational
confidence,affirmations to increase confidence,10,0.7,0.86,HIGH,,,,informational
confidence,sleep affirmations confidence,10,,,,,,31,informational
confidence,30 affirmations to build confidence,10,,1,HIGH,,,,informational
confidence,self confidence positive affirmations in hindi,10,,,,,,,informational
confidence,powerful affirmations for confidence,10,,0,LOW,,,28,informational
confidence,i am affirmations for self confidence,10,,0,LOW,,,14,informational
self-love,affirmations for self-love quotes,10,,0,LOW,,,,informational
self-love,self-love affirmations to attract love,10,,0,LOW,,,,informational
self-love,self love powerful affirmations,10,,,,,,12,informational
self-love,morning affirmations self love,10,,0,LOW,,,14,informational
self-love,self love affirmations meditation,10,,0,LOW,,,11,informational
self-love,law of attraction self love affirmations,10,,,,,,0,informational
self-love,self love affirmations morning,10,,,,,,14,informational
self-love,30-day self-love affirmations,10,,,,,,,informational
self-love,50 self love affirmations,10,,0,LOW,,,,informational
self-love,affirmations for self love woman,10,,,,,,,informational
self-love,self love affirmations men,10,,,,,,0,informational
self-love,5-minute self love affirmations,10,,0,LOW,,,,informational
self-love,self concept affirmations for love,10,,0,LOW,,,20,informational
abundance,i am affirmations: spiritual abundance,10,,,,,,3,informational
abundance,i am abundance affirmations white glossy mug,10,,1,HIGH,,,0,transactional
abundance,affirmations for abundance and money,10,,0,LOW,,,,informational
abundance,affirmations for wealth prosperity and abundance,10,,0.18,LOW,,,10,informational
abundance,positive affirmations to attract abundance,10,,0.42,MEDIUM,,,,informational
abundance,affirmations for manifesting abundance,10,,0,LOW,,,1,informational
abundance,law of attraction affirmations for abundance,10,,0,LOW,,,32,informational
abundance,affirmations of wealth and abundance,10,,0.29,LOW,,,40,informational
abundance,attracting abundance affirmations,10,,0,LOW,,,48,informational
abundance,daily affirmations for wealth and abundance,10,,0.06,LOW,,,,informational
abundance,affirmations for health wealth happiness and abundance,10,,0.17,LOW,,,,informational
abundance,morning i am affirmations to attract wealth and abundance,10,,0,LOW,,,10,informational
abundance,bob baker affirmations abundance,10,,,,,,,informational
abundance,abundance affirmations pdf,10,,0,LOW,,,0,informational
abundance,top affirmations for abundance,10,,,,,,,informational
abundance,money affirmations for success abundance and wealth,10,,0,LOW,,,,informational
abundance,angel affirmations for abundance,10,,0,LOW,,,,informational
abundance,evening affirmations for financial abundance,10,,0,LOW,,,,informational
abundance,affirmations to attract abundance,10,,0.14,LOW,,,48,informational
abundance,abundance affirmations in hindi,10,,,,,,,informational
abundance,abundance affirmations sleep,10,,0,LOW,,,,informational
abundance,positive affirmations for financial freedom and abundance,10,,,,,,,commercial
abundance,affirmations about abundance,10,,0,LOW,,,8,informational
abundance,positive affirmations for wealth and abundance,10,,0.41,MEDIUM,,,43,informational
abundance,love and abundance affirmations,10,,0,LOW,,,22,informational
abundance,daily abundance affirmations,10,,0,LOW,,,22,informational
abundance,positive affirmations for abundance and success,10,,0,LOW,,,,informational
abundance,abundance frequency affirmations,10,,,,,,,informational
abundance,positive affirmations abundance affirmations,10,,,,,,,informational
abundance,prosperity abundance money affirmations,10,,0,LOW,,,,informational
abundance,daily affirmations for financial abundance,10,,0.34,MEDIUM,,,,informational
abundance,louise hay positive morning affirmations for gratitude and abundance,10,,0,LOW,,,,commercial
abundance,abundance and wealth affirmations,10,,0.31,LOW,,,40,informational
abundance,sleep affirmations abundance,10,,,,,,,informational
abundance,affirmations to attract wealth and abundance,10,0.02,0.33,LOW,,,,informational
abundance,abundance affirmations wealth health,10,,,,,,,informational
abundance,attract abundance affirmations,10,,0,LOW,,,48,informational
abundance,subliminal abundance affirmations,10,,0,LOW,,,23,informational
abundance,lil jon manifest abundance affirmations for personal growth,10,,0,LOW,,,,transactional
abundance,total abundance affirmations,10,,,,,,,informational
abundance,affirmations for abundance mindset,10,,0.1,LOW,,,0,informational
abundance,abundance i am affirmations,10,0.03,1,HIGH,,,3,informational
abundance,spiritual abundance affirmations,10,,0,LOW,,,18,informational
abundance,positive affirmations financial abundance,10,,0.13,LOW,,,37,informational
abundance,success and abundance affirmations,10,,1,HIGH,,,0,informational
abundance,morning abundance affirmations,10,,0.03,LOW,,,11,informational
abundance,affirmations for abundance and success,10,,0.3,LOW,,,0,informational
abundance,affirmations for wealth money and abundance,10,,,,,,,informational
abundance,abundance affirmations for money,10,,,,,,0,informational
abundance,abundance affirmations wallpaper,10,,0.14,LOW,,,,transactional
abundance,affirmations for health wealth and abundance,10,,,,,,,informational
abundance,universe abundance affirmations,10,,,,,,40,informational
abundance,daily affirmations for abundance and prosperity,10,,0.14,LOW,,,,informational
abundance,positive affirmations for love and abundance,10,,0,LOW,,,,informational
abundance,abundance morning affirmations,10,,0.14,LOW,,,11,informational
abundance,manifest abundance: affirmations for personal growth,10,,0.05,LOW,,,,informational
abundance,louise hay positive affirmations for abundance,10,,,,,,54,informational
abundance,abundance meditation affirmations,10,,0,LOW,,,,informational
abundance,abundance gratitude affirmations,10,,0,LOW,,,,informational
abundance,gratitude and abundance affirmations,10,,0.43,MEDIUM,,,33,informational
manifestation,astrology zodiac signs manifestation success affirmations,10,,,,,,,informational
manifestation,self-concept affirmations manifestation,10,,0,LOW,,,,informational
manifestation,positive affirmations manifestation quotes,10,,0.5,MEDIUM,,,,informational
manifestation,career manifestation affirmations,10,,0.01,LOW,,,0,informational
manifestation,8 manifestation affirmations,10,,,,,,,informational
manifestation,october manifestation affirmations,10,,,,,,,informational
manifestation,new moon manifestation affirmations,10,,0,LOW,,,,informational
manifestation,11/11 manifestation affirmations for money,10,,,,,,,informational
manifestation,dream body manifestation affirmations,10,,0,LOW,,,,informational
manifestation,manifestation affirmations for good grades,10,,,,,,,informational
manifestation,pregnancy manifestation affirmations,10,,0,LOW,,,,informational
manifestation,exam manifestation affirmations,10,,0,LOW,,,,informational
manifestation,writing affirmations manifestation,10,,0,LOW,,,38,informational
manifestation,11/11 manifestation affirmations for love,10,,0,LOW,,,,informational
manifestation,travel manifestation affirmations,10,,0.16,LOW,,,0,informational
manifestation,1111 manifestation affirmations,10,,0,LOW,,,,informational
manifestation,success manifestation affirmations,10,,0.14,LOW,,,,informational
manifestation,how to use affirmations for manifestation,10,,0,LOW,,,0,informational
manifestation,house manifestation affirmations,10,,0,LOW,,,0,informational
manifestation,11:11 manifestation affirmations for money,10,,,,,,,transactional
manifestation,moon water manifestation #affirmations,10,,0,LOW,,,,transactional
manifestation,boyfriend manifestation affirmations,10,,0.05,LOW,,,34,informational
manifestation,powerful manifestation affirmations for health,10,,0,LOW,,,,commercial
manifestation,affirmations manifestation journal,10,,0,LOW,,,,informational
manifestation,369 manifestation affirmations,10,,0.93,HIGH,,,14,informational
manifestation,financial manifestation affirmations,10,,0,LOW,,,,informational
manifestation,affirmations for manifestation candice nikeia,10,0.11,0.86,HIGH,,,,transactional
manifestation,manifestation affirmations for self-love,10,,,,,,11,informational
manifestation,manifestation affirmations for a specific person,10,,,,,,0,informational
manifestation,how to write manifestation affirmations,10,,0,LOW,,,4,informational
manifestation,crush manifestation affirmations,10,,0,LOW,,,23,informational
manifestation,new year manifestation affirmations,10,,0,LOW,,,,informational
manifestation,manifestation affirmations for relationship,10,,0,LOW,,,,informational
manifestation,manifestation affirmations for health,10,,0.43,MEDIUM,,,29,informational
manifestation,money manifestation affirmations telugu,10,,,,,,,transactional
manifestation,love manifestation affirmations for a specific person,10,,0,LOW,,,0,informational
manifestation,specific person manifestation affirmations,10,,0.04,LOW,,,0,informational
manifestation,mirror manifestation affirmations for love,10,,,,,,,informational
manifestation,powerful money manifestation affirmations,10,,0.19,LOW,,,,informational
manifestation,good manifestation affirmations,10,,,,,,21,informational
manifestation,money manifestation affirmations youtube,10,,0,LOW,,,,informational
manifestation,portals of manifestation affirmations,10,,,,,,,navigational
manifestation,create your reality manifestation journal plans affirmations gratitude,10,,,,,,,informational
manifestation,fertility manifestation affirmations,10,,0,LOW,,,,informational
manifestation,self concept affirmations for manifestation,10,,0,LOW,,,,informational
manifestation,difference between affirmations and manifestation,10,,0,LOW,,,,informational
manifestation,listen to positive affirmations manifestation affirmations,10,,0,LOW,,,,informational
manifestation,rose quartz manifestation affirmations,10,,0,LOW,,,0,informational
manifestation,money manifestation affirmations sleep,10,,0,LOW,,,,informational
manifestation,happiness manifestation affirmations,10,,0.12,LOW,,,39,informational
manifestation,new job manifestation affirmations,10,,0.02,LOW,,,,informational
manifestation,11 11 manifestation affirmations for love,10,,0,LOW,,,,informational
manifestation,protection manifestation affirmations,10,,0,LOW,,,0,informational
manifestation,manifestation affirmations for happiness,10,,0,LOW,,,39,informational
manifestation,body manifestation #affirmations,10,,,,,,22,informational
manifestation,how to write affirmations for manifestation,10,,0.33,LOW,,,4,informational
manifestation,best affirmations for manifestation,10,,0,LOW,,,0,informational
manifestation,height manifestation affirmations,10,,0,LOW,,,,informational
manifestation,lions gate portal manifestation affirmations,10,,,,,,,navigational
manifestation,affirmations for manifestation journal,10,,,,,,,informational
manifestation,dream job manifestation affirmations,10,,0,LOW,,,,informational
men,affirmations for men with depression,10,,0.24,LOW,,,,informational
men,affirmations for men of color,10,,0.25,LOW,,,,informational
men,sex affirmations for men,10,,,,,,2,informational
men,positive affirmations for men with depression,10,25.73,0.22,LOW,,,,informational
men,powerful daily affirmations for men,10,1.28,0.57,MEDIUM,,,,informational
men,list of positive affirmations for men,10,29.68,0.38,MEDIUM,,,,informational
men,one-word affirmations for men,10,0.23,0.92,HIGH,,,,informational
men,positive affirmations for men audio,10,8.15,0.21,LOW,,,,informational
men,scripture affirmations for men,10,0.01,0.08,LOW,,,,informational
men,10 positive affirmations for men,10,,0.97,HIGH,,,,informational
men,positive thinking positive affirmations for men,10,,0.95,HIGH,,,12,informational
men,affirmations for men from wife,10,,0.23,LOW,,,,informational
men,sleep affirmations for men,10,,0,LOW,,,,informational
men,self-esteem affirmations for men,10,,0.29,LOW,,,,informational
men,10 affirmations for men,10,1.27,0.79,HIGH,,,,informational
men,self esteem affirmations for men,10,,0.29,LOW,,,,informational
men,positive affirmations for men asmr,10,,,,,,,informational
men,overnight affirmations for anxious attachment styles for men,10,,,,,,,commercial
men,printable positive affirmations for men,10,,0.71,HIGH,,,,informational
men,one word affirmations for men,10,0.23,0.92,HIGH,,,,informational
biblical,bible affirmations for success pdf,10,,0.5,MEDIUM,,,26,informational
biblical,i am affirmations from the bible renew your mind,10,0.05,0.79,HIGH,,,0,informational
biblical,i am affirmations in the bible,10,,0.11,LOW,,,31,informational
biblical,365 daily affirmations from the bible,10,22.1,0.44,MEDIUM,,,,informational
biblical,what the bible says about affirmations,10,,0,LOW,,,,informational
biblical,daily bible affirmations tumblr,10,,,,,,,informational
biblical,self-worth affirmations bible,10,,,,,,,informational
biblical,bible verses for daily affirmations,10,0.24,0.81,HIGH,,,0,informational
biblical,money affirmations in the bible,10,,0,LOW,,,,informational
biblical,i am affirmations from the bible youtube,10,,0,LOW,,,63,informational
biblical,bible verses daily affirmations,10,0.01,0.73,HIGH,,,0,informational
biblical,my daily bible affirmations tumblr,10,,,,,,,informational
biblical,positive affirmations bible quotes,10,0.57,1,HIGH,,,,informational
biblical,bible affirmations for woman,10,0.15,0.21,LOW,,,18,informational
biblical,i am affirmations bible verses,10,,0.44,MEDIUM,,,2,informational
biblical,my daily bible affirmations tumbler,10,,0.29,LOW,,,,informational
biblical,bible affirmations for sleep,10,,0,LOW,,,52,informational
biblical,you are bible affirmations,10,0.06,0.88,HIGH,,,,informational
biblical,bible affirmations youtube,10,,0.11,LOW,,,10,informational
biblical,bible affirmations i am,10,,0.57,MEDIUM,,,7,informational
biblical,bible confidence affirmations,10,0.19,0.14,LOW,,,16,informational
biblical,my daily bible affirmations,10,0.22,0.78,HIGH,,,0,informational
biblical,110 affirmations using bible verses,10,,,,,,,informational
biblical,printable bible verse affirmations,10,,1,HIGH,,,,informational
biblical,bible affirmations cup,10,1.36,0.57,MEDIUM,,,,informational
biblical,self worth affirmations bible,10,,,,,,0,informational
biblical,daily bible verse affirmations,10,5.17,0.29,LOW,0.78,6.01,0,informational
biblical,affirmations from bible,10,27.88,0.3,LOW,,,0,informational
biblical,bible promises affirmations,10,,,,,,,informational
biblical,bible scripture affirmations,10,0.19,0.71,HIGH,,,32,informational
biblical,bible verses positive affirmations,10,0.06,0.31,LOW,,,0,informational
biblical,bible affirmations for wealth,10,,,,,,,informational
biblical,bible money affirmations,10,,0,LOW,,,,informational
biblical,30 positive affirmations using bible verses pdf free download,10,,0,LOW,,,,informational
biblical,positive bible verses affirmations,10,,,,,,,informational
biblical,sleep affirmations bible,10,,,,,,,informational
biblical,positive affirmations bible verse,10,,0.73,HIGH,,,0,informational
biblical,powerful daily affirmations from the bible,10,,0,LOW,,,0,informational
biblical,morning affirmations bible,10,,0.75,HIGH,,,2,informational
biblical,list of positive affirmations from the bible,10,,,,,,,informational
biblical,bible affirmations audio,10,,,,,,,informational
biblical,powerful bible affirmations,10,,0.64,MEDIUM,,,,informational
biblical,my daily bible affirmations svg,10,,,,,,,informational
biblical,bible affirmations for positive thinking,10,,0,LOW,,,,informational
biblical,bible based positive affirmations,10,,0.86,HIGH,,,,informational
biblical,what does the bible say about positive affirmations,10,,0,LOW,,,,informational
biblical,bible sleep affirmations,10,,0,LOW,,,,informational
biblical,morning affirmations from the bible,10,,0.01,LOW,,,2,informational
biblical,financial affirmations from the bible,10,,0.02,LOW,,,,informational
biblical,daily bible affirmations app,10,1.32,0.48,MEDIUM,0.81,2.93,11,informational
biblical,bible affirmations for self love,10,,0.71,HIGH,,,0,informational
christian,christian affirmations asmr,10,,,,,,,navigational
christian,christian money affirmations,10,,,,,,,informational
christian,are affirmations christian,10,,0,LOW,,,,informational
christian,audible christian affirmations,10,,0,LOW,,,,informational
christian,christian meditation affirmations,10,,0,LOW,,,,informational
christian,christian faith affirmations,10,,0,LOW,,,0,informational
christian,christian gratitude affirmations,10,,0.43,MEDIUM,,,,informational
christian,christian affirmations for pregnancy,10,,0,LOW,,,,informational
christian,positive christian affirmations youtube,10,,0,LOW,,,,informational
christian,christian self affirmations,10,0.12,0.74,HIGH,,,37,informational
christian,christian affirmations to start the day,10,,0.65,MEDIUM,,,,informational
christian,powerful christian affirmations,10,28.74,0.14,LOW,,,,informational
christian,christian affirmations mp3,10,,,,,,,informational
christian,christian affirmations for husband,10,28.98,0.11,LOW,,,,informational
christian,are affirmations a sin christian,10,,0,LOW,,,,informational
christian,christian affirmations for sleeping,10,,0.02,LOW,,,0,informational
christian,christian affirmations of faith,10,,0.43,MEDIUM,,,0,informational
christian,subliminal christian affirmations,10,,0,LOW,,,23,informational
christian,christian affirmations audio,10,,0.14,LOW,,,,informational
christian,positive christian affirmations audio,10,,0.5,MEDIUM,,,,informational
christian,christian affirmations for self esteem,10,,0,LOW,,,39,informational
christian,christian affirmations for health and healing,10,,,,,,,informational
christian,christian affirmations youtube,10,,0,LOW,,,2,informational
christian,affirmations christian faith,10,,0.36,MEDIUM,,,0,informational
christian,christian self love affirmations,10,,0.27,LOW,,,,informational
christian,i am affirmations christian,10,,0.21,LOW,,,0,informational
christian,christian affirmations for success,10,,0,LOW,,,0,informational
christian,christian marriage affirmations,10,,1,HIGH,,,,informational
christian,christian mirror affirmations,10,,1,HIGH,,,,informational
christian,christian affirmations for confidence,10,0.06,0.06,LOW,,,7,informational
christian,sleep christian affirmations,10,,0.14,LOW,,,0,informational
christian,christian subliminal affirmations,10,,0.05,LOW,,,,informational
christian,christian affirmations morning,10,,,,,,,informational
christian,christian affirmations for sleep,10,,0.02,LOW,,,0,informational
christian,christian positive affirmations for self esteem,10,,0,LOW,,,,informational
christian,christian positive affirmations for self-esteem,10,,0,LOW,,,,informational
christian,christian affirmations for weight loss,10,,0,LOW,,,16,informational
christian,list of christian affirmations,10,0.02,0.82,HIGH,,,44,informational
christian,christian prosperity affirmations,10,,0,LOW,,,,informational
christian,asmr christian affirmations,10,,,,,,,informational
christian,christian affirmations for a good morning,10,,,,,,0,informational
christian,christian affirmations for daughters,10,0.22,0.5,MEDIUM,,,,informational
christian,daily positive christian affirmations,10,0.5,0.8,HIGH,,,,informational
christian,christian affirmations pdf,10,,0.83,HIGH,,,,informational
christian,positive christian affirmations for anxiety,10,0.02,1,HIGH,,,26,informational
christian,daily affirmations for women christian,10,0.74,1,HIGH,0.93,20,,informational
christian,christian bedtime affirmations,10,,0,LOW,,,,informational
christian,christian affirmations for depression,10,28.76,0.1,LOW,,,,informational
christian,christian affirmations with scripture,10,0.01,0.95,HIGH,,,,informational
christian,christian weight loss affirmations,10,,0,LOW,,,16,informational
christian,list of positive christian affirmations,10,,0.43,MEDIUM,,,38,informational
christian,free daily christian affirmations,10,,0.14,LOW,,,,informational
chakra,chakra affirmations poster,10,,0,LOW,,,0,informational
chakra,20 throat chakra affirmations,10,,,,,,,informational
chakra,i am root chakra affirmations,10,0.16,0.08,LOW,,,0,informational
chakra,red chakra affirmations,10,,0,LOW,,,16,informational
chakra,chakra i am affirmations,10,0.06,0.96,HIGH,,,4,informational
chakra,affirmations by chakra,10,0.14,1,HIGH,,,0,informational
chakra,20 crown chakra affirmations,10,,0,LOW,,,,informational
chakra,solar plexus chakra affirmations i do,10,0.13,0.63,MEDIUM,,,,informational
chakra,daily sacral chakra affirmations,10,,1,HIGH,,,,informational
chakra,different affirmations for each chakra,10,,0.83,HIGH,,,,informational
chakra,chakra alignment affirmations,10,0.15,0.9,HIGH,,,,informational
chakra,root chakra affirmations sleep,10,,,,,,,informational
chakra,solar plexus chakra healing affirmations,10,,0,LOW,,,0,informational
chakra,chakra meditation affirmations,10,,0.09,LOW,,,,informational
chakra,positive affirmations for throat chakra,10,,0.21,LOW,,,,transactional
chakra,powerful sacral chakra affirmations,10,,0,LOW,,,,informational
chakra,fourth chakra affirmations,10,,0,LOW,,,,informational
chakra,heart chakra opening affirmations,10,,,,,,,informational
chakra,throat chakra affirmations pdf,10,,0,LOW,,,,informational
chakra,affirmations for every chakra,10,,0.71,HIGH,,,,informational
chakra,chakra balance affirmations,10,,0,LOW,,,0,informational
chakra,positive affirmations for sacral chakra,10,,0.14,LOW,,,40,informational
chakra,what are chakra affirmations,10,,0.07,LOW,,,,informational
chakra,crown chakra affirmations for money,10,,0,LOW,,,,informational
chakra,daily chakra affirmations,10,0.02,0.76,HIGH,,,23,informational
chakra,affirmations for root chakra healing,10,,0.34,MEDIUM,,,0,transactional
chakra,crown chakra healing affirmations,10,,0,LOW,,,7,informational
chakra,healing root chakra affirmations,10,,0.33,MEDIUM,,,0,informational
chakra,thymus chakra affirmations,10,,,,,,,informational
chakra,sacral chakra i am affirmations,10,,0.46,MEDIUM,,,,informational
chakra,affirmations to heal sacral chakra,10,,0,LOW,,,0,informational
chakra,crown chakra affirmations i know,10,,0,LOW,,,,informational
chakra,affirmations to open throat chakra,10,,0,LOW,,,,informational
chakra,affirmations for solar plexus chakra healing,10,,0.03,LOW,,,,transactional
chakra,swadhisthana chakra affirmations,10,,,,,,,informational
chakra,anahata chakra affirmations,10,,0,LOW,,,16,informational
chakra,healing heart chakra affirmations,10,,0.05,LOW,,,23,informational
chakra,ear chakra affirmations,10,,,,,,45,informational
chakra,chakra system affirmations,10,,0.52,MEDIUM,,,,informational
chakra,crown chakra affirmations in hindi,10,,,,,,,informational
chakra,100 heart chakra affirmations,10,,0,LOW,,,,informational
chakra,affirmations for 3rd eye chakra,10,,0,LOW,,,19,informational
chakra,root chakra meditation affirmations,10,,,,,,,informational
chakra,1st chakra affirmations,10,,,,,,,informational
chakra,heart chakra healing affirmations,10,,0.03,LOW,,,0,informational
chakra,blue chakra affirmations,10,,0.82,HIGH,,,32,informational
chakra,throat chakra affirmations i speak,10,,0,LOW,,,,transactional
chakra,solar plexus chakra positive affirmations,10,,0,LOW,,,0,informational
chakra,7 chakra healing affirmations,10,,,,,,,informational
chakra,affirmations to open heart chakra,10,,,,,,40,informational
chakra,second chakra affirmations,10,,0.16,LOW,,,5,informational
chakra,heart chakra affirmations hindi,10,,,,,,,informational
chakra,powerful root chakra affirmations,10,,0.14,LOW,,,39,informational
chakra,affirmations crown chakra,10,,0,LOW,,,0,informational
chakra,morning chakra affirmations,10,,1,HIGH,,,,informational
chakra,50 throat chakra affirmations,10,,1,HIGH,,,,informational
chakra,4th chakra affirmations,10,,0,LOW,,,26,informational
chakra,crown chakra affirmations for wealth,10,,0,LOW,,,,informational
chakra,100 crown chakra affirmations,10,,,,,,,informational
sleep,manifest while you sleep law of attraction affirmations,10,,0,LOW,,,0,informational
sleep,louise hay affirmations before sleep,10,,,,,,,informational
sleep,listening to affirmations while you sleep,10,1,0.43,MEDIUM,,,47,informational
sleep,sleep music affirmations,10,,0,LOW,,,,informational
sleep,deep sleep meditation positive affirmations,10,,,,,,57,informational
sleep,love affirmations sleep,10,,,,,,22,informational
sleep,affirmations to go to sleep,10,,0.02,LOW,,,,informational
sleep,sleep affirmations 30 minutes,10,,,,,,,informational
sleep,powerful affirmations while you sleep,10,,,,,,,informational
sleep,sleep affirmations for health,10,,0,LOW,,,,informational
sleep,night affirmations before sleep in english,10,,,,,,,informational
sleep,sleep affirmations jessica heslop,10,,,,,,,informational
sleep,affirmations meditation sleep,10,,0.02,LOW,,,0,informational
sleep,bob proctor sleep affirmations,10,,0,LOW,,,,informational
sleep,affirmations before going to sleep,10,,0.05,LOW,,,,informational
sleep,money affirmations sleep,10,,,,,,55,informational
sleep,self love affirmations sleep meditation,10,,,,,,,informational
sleep,subconscious affirmations sleep,10,,,,,,,informational
sleep,sleep anxiety affirmations,10,,0.06,LOW,,,0,informational
sleep,sleep affirmations asmr,10,,0,LOW,,,,informational
sleep,joe dispenza sleep affirmations,10,,0,LOW,,,,informational
sleep,positive affirmations asmr sleep,10,,,,,,,navigational
sleep,sleep subconscious affirmations,10,,0,LOW,,,,informational
sleep,sleep affirmations audio,10,,0.5,MEDIUM,,,,informational
sleep,affirmations for peaceful sleep,10,,0,LOW,,,,informational
sleep,sleep with affirmations,10,,,,,,0,informational
sleep,8 hour sleep affirmations,10,,0,LOW,,,1,informational
sleep,positive affirmations sleep subliminal,10,,,,,,22,informational
sleep,sleep affirmations benefits,10,,0,LOW,,,,informational
sleep,sleep affirmations money,10,,0,LOW,,,,informational
sleep,affirmations for good night sleep,10,,0,LOW,,,,informational
sleep,positive affirmations hypnosis sleep,10,,0,LOW,,,1,informational
sleep,sleep self love affirmations,10,,,,,,0,informational
sleep,sleep meditation with affirmations,10,,0.14,LOW,,,0,informational
sleep,positive sleep affirmations meditation,10,,0.17,LOW,,,0,informational
sleep,sleep affirmations motivation,10,,0,LOW,,,,informational
sleep,honest guys sleep affirmations,10,,0,LOW,,,29,informational
sleep,money affirmations while sleep,10,,0,LOW,,,,informational
sleep,positive affirmations while i sleep,10,,0.32,LOW,,,,informational
sleep,alpha affirmations sleep,10,,,,,,,informational
sleep,1 hour sleep affirmations,10,,,,,,,informational
sleep,sleep affirmations work,10,,0,LOW,,,,informational
gratitude,gratitude affirmations and intentions,10,,0,LOW,,,0,informational
gratitude,best gratitude affirmations,10,,0,LOW,,,,informational
gratitude,morning affirmations and gratitude,10,,0,LOW,,,,informational
gratitude,i am morning gratitude affirmations,10,,,,,,4,informational
gratitude,daily affirmations gratitude affirmations,10,,,,,,5,informational
gratitude,daily gratitude affirmations by sandeep maheshwari,10,,,,,,,informational
gratitude,morning gratitude affirmations bob baker,10,,0,LOW,,,,informational
gratitude,list of gratitude affirmations,10,0.01,0.76,HIGH,,,0,informational
gratitude,birthday gratitude affirmations,10,,,,,,,informational
gratitude,gratitude affirmations for love,10,,0,LOW,,,,informational
gratitude,20 gratitude affirmations,10,,0,LOW,,,,informational
gratitude,gratitude meditation affirmations,10,,0,LOW,,,,informational
gratitude,self gratitude affirmations,10,,0.03,LOW,,,47,informational
gratitude,you are creators gratitude affirmations,10,,,,,,40,informational
gratitude,5 minute morning gratitude affirmations,10,,0,LOW,,,,informational
gratitude,i am affirmations of gratitude self love and success,10,,,,,,5,informational
gratitude,gratitude affirmations rising higher,10,,,,,,,informational
gratitude,most powerful gratitude affirmations,10,,0,LOW,,,2,informational
gratitude,i am affirmations gratitude and self love,10,,,,,,18,informational
gratitude,attitude of gratitude affirmations,10,,0,LOW,,,,informational
gratitude,gratitude affirmations malayalam,10,,0,LOW,,,,informational
gratitude,gratitude affirmations god,10,,,,,,0,informational
gratitude,subliminal gratitude affirmations,10,,,,,,,informational
gratitude,how to write gratitude affirmations,10,,0,LOW,,,,informational
gratitude,self love and gratitude affirmations,10,,0.09,LOW,,,,informational
gratitude,gratitude affirmations meaning,10,,,,,,,informational
gratitude,gratitude affirmations morning,10,,0,LOW,,,18,informational
gratitude,gratitude pregnancy affirmations,10,,1,HIGH,,,0,informational
gratitude,i am affirmations: gratitude and self love,10,,,,,,18,informational
gratitude,gratitude affirmations for success,10,,0.07,LOW,,,22,informational
gratitude,mary kate gratitude affirmations,10,,0,LOW,,,9,informational
gratitude,10 minute gratitude affirmations,10,,1,HIGH,,,,informational
gratitude,positive affirmations morning gratitude,10,,0,LOW,,,23,informational
gratitude,gratitude affirmations for relationships,10,,0,LOW,,,,informational
gratitude,gratitude and positive affirmations,10,,1,HIGH,,,,informational
gratitude,gratitude affirmations for self love,10,,0.17,LOW,,,11,informational
gratitude,sleep affirmations gratitude,10,,0,LOW,,,,informational
gratitude,gratitude affirmations raise your vibration,10,,,,,,,informational
gratitude,affirmations positives gratitude,10,,,,,,0,informational
gratitude,gratitude affirmations in hindi,10,,,,,,,informational
gratitude,gratitude affirmations for family,10,,,,,,,informational
gratitude,gratitude affirmations night,10,,,,,,0,informational
gratitude,gratitude affirmations for sleep,10,,0,LOW,,,,informational
gratitude,prosperity gratitude affirmations,10,,0,LOW,,,,informational
gratitude,i am gratitude affirmations,10,0.09,0.44,MEDIUM,,,5,informational
gratitude,gratitude love affirmations,10,,,,,,,informational
gratitude,night time gratitude affirmations,10,,0,LOW,,,22,informational
gratitude,gratitude manifestation affirmations,10,,0.23,LOW,,,8,informational
gratitude,gratitude affirmations for wealth,10,,0,LOW,,,44,informational
gratitude,money gratitude affirmations,10,,,,,,0,informational
gratitude,affirmations visualization gratitude,10,,0,LOW,,,,informational
gratitude,bedtime gratitude affirmations,10,1.16,0.48,MEDIUM,,,,informational
gratitude,gratitude affirmations for self-love,10,,0.17,LOW,,,13,informational
gratitude,end of day gratitude affirmations,10,,0.21,LOW,,,,informational
gratitude,gratitude affirmations 21 days,10,,,,,,,informational
gratitude,sleep gratitude affirmations,10,,,,,,,informational
gratitude,10 minute morning gratitude affirmations,10,,0,LOW,,,,informational
gratitude,what is gratitude affirmations,10,,,,,,,informational
gratitude,positive affirmations and gratitude,10,,0.49,MEDIUM,,,,informational
gratitude,body gratitude affirmations,10,0.13,1,HIGH,,,40,informational
gratitude,thankful gratitude affirmations,10,,,,,,27,informational
gratitude,morning gratitude positive affirmations,10,,,,,,23,informational
gratitude,5 minute gratitude affirmations,10,,0,LOW,,,,informational
gratitude,affirmations of gratitude quotes,10,,0,LOW,,,11,informational
gratitude,unlock your life morning gratitude affirmations,10,,0,LOW,,,54,informational
gratitude,mary kate's gratitude affirmations,10,,,,,,9,informational
gratitude,gratitude affirmations meditation,10,,0,LOW,,,,informational
gratitude,50 gratitude affirmations,10,,0,LOW,,,,informational
gratitude,morning meditation gratitude affirmations,10,,,,,,,informational
healing,morning affirmations for healing,10,,0,LOW,,,27,informational
healing,scientific healing affirmations pdf free download,10,,,,,,0,informational
healing,15 health healing affirmations,10,,,,,,0,informational
healing,deepak chopra soul of healing affirmations lyrics,10,,,,,,,informational
healing,affirmations for health and healing louise hay,10,,0,LOW,,,,informational
healing,daily affirmations healing affirmations,10,,,,,,3,informational
healing,scientific healing affirmations theory and practice of concentration,10,0.28,0.93,HIGH,,,,informational
healing,healing affirmations for pets,10,,,,,,23,informational
healing,prana violet healing forgiveness affirmations,10,,0,LOW,,,,informational
healing,youtube affirmations for healing,10,,,,,,4,informational
healing,healing from breakup affirmations,10,,0,LOW,,,,informational
healing,daily affirmations for healing stephan labossiere pdf,10,,,,,,,informational
healing,affirmations for healing codependency,10,,0.1,LOW,,,,informational
healing,subliminal affirmations healing,10,,0,LOW,,,0,informational
healing,healing affirmations book,10,,,,,,,informational
healing,positive affirmations quotes for healing,10,,,,,,58,informational
healing,divine healing affirmations,10,,,,,,,informational
spiritual,spiritual affirmations pdf,10,,0.44,MEDIUM,,,16,informational
spiritual,inspirational spiritual positive affirmations,10,,0.54,MEDIUM,,,0,informational
spiritual,daily affirmations spiritual,10,1.05,0.1,LOW,,,2,informational
spiritual,affirmations for spiritual connection,10,,0,LOW,,,40,informational
spiritual,daily spiritual affirmations book,10,2.02,1,HIGH,,,,informational
spiritual,spiritual self love affirmations,10,0.38,0.88,HIGH,,,0,informational
spiritual,spiritual affirmations for christians,10,,,,,,,informational
spiritual,daily affirmations spiritual growth,10,,,,,,,informational
spiritual,prana violet healing spiritual affirmations,10,,,,,,,informational
spiritual,spiritual affirmations for weight loss,10,,0,LOW,,,17,informational
spiritual,spiritual affirmations strength,10,,,,,,39,informational
spiritual,positive spiritual affirmations for women,10,29.96,0.29,LOW,,,,informational
spiritual,affirmations for spiritual healing,10,,,,,,0,informational
spiritual,affirmations for spiritual protection,10,,0.75,HIGH,,,0,informational
spiritual,positive spiritual daily affirmations,10,9.47,0.94,HIGH,,,,informational
spiritual,i am spiritual affirmations,10,0.42,0.29,LOW,,,0,informational
spiritual,spiritual cleansing affirmations,10,,0.05,LOW,,,,informational
spiritual,best spiritual affirmations,10,1.75,0.36,MEDIUM,,,,informational
spiritual,spiritual prayers and affirmations,10,,,,,,,informational
spiritual,spiritual affirmations for success,10,,0.5,MEDIUM,,,0,informational
spiritual,affirmations for spiritual power,10,,0,LOW,,,17,informational
spiritual,spiritual affirmations for love,10,,,,,,,informational
spiritual,spiritual affirmations for prosperity,10,,,,,,21,informational
spiritual,spiritual money affirmations,10,,1,HIGH,,,,informational
spiritual,daily spiritual affirmations app,10,0.86,0.69,HIGH,0.54,2.52,43,navigational
spiritual,spiritual affirmations for husband success,10,,,,,,,informational
spiritual,spiritual affirmations quotes,10,0.04,1,HIGH,,,12,informational
spiritual,spiritual affirmations manifestation quotes,10,0.15,1,HIGH,,,,informational
spiritual,religious spiritual affirmations,10,0.39,0.88,HIGH,,,,informational
spiritual,spiritual beauty affirmations,10,0.11,0.92,HIGH,,,0,informational
spiritual,spiritual birth affirmations,10,,0,LOW,,,,informational
spiritual,spiritual daily affirmations for women,10,,0.61,MEDIUM,,,,informational
spiritual,powerful spiritual affirmations,10,,1,HIGH,,,17,informational
spiritual,spiritual affirmations sleep,10,,,,,,,informational
spiritual,spiritual business affirmations,10,,0,LOW,,,22,informational
spiritual,positive affirmations for spiritual growth,10,0.03,0.32,LOW,,,18,informational
spiritual,i am affirmations spiritual abundance,10,,,,,,3,informational
spiritual,free spiritual affirmations,10,,0.14,LOW,,,,informational
spiritual,spiritual manifestation affirmations,10,,0,LOW,,,0,informational
spiritual,spiritual affirmations for couples,10,,0,LOW,,,,informational
spiritual,spiritual financial affirmations,10,,0,LOW,,,,informational
spiritual,spiritual awakening affirmations,10,,0.06,LOW,,,0,informational
spiritual,positive affirmations spiritual,10,,1,HIGH,,,4,informational
spiritual,positive affirmations spiritual healing,10,,0.67,HIGH,,,23,informational
spiritual,african spiritual affirmations,10,,0,LOW,,,27,informational
spiritual,what are spiritual affirmations,10,,0.14,LOW,,,40,informational
spiritual,spiritual new year affirmations,10,,,,,,0,informational
short,short affirmations for him to be obsessed with you,10,,0,LOW,,,,informational
short,short i am affirmations,10,0.13,0.45,MEDIUM,,,40,informational
short,short new year affirmations,10,,,,,,,informational
short,positive affirmations short video,10,,0,LOW,,,,informational
short,daily short affirmations,10,0.02,0.71,HIGH,,,17,informational
short,short affirmations for success,10,0.19,1,HIGH,,,30,informational
short,short motivational affirmations,10,14.1,1,HIGH,,,,informational
short,sleep affirmations short,10,,,,,,,informational
short,short affirmations for self esteem,10,,1,HIGH,,,,informational
short,list of short affirmations,10,0.03,0.98,HIGH,,,,informational
short,short money affirmations,10,,0.29,LOW,,,39,informational
short,short inappropriate daily affirmations reddit,10,,0,LOW,,,,informational
short,short marriage affirmations for a specific person,10,,,,,,,informational
short,short sleep affirmations,10,,,,,,,informational
short,short affirmations for self-esteem,10,,1,HIGH,,,,informational
short,short christmas affirmations,10,,,,,,,informational
short,best short affirmations,10,0.04,0.76,HIGH,,,,informational
short,short morning affirmations for positive energy,10,0.2,0.67,HIGH,,,,informational
short,very short affirmations,10,0.15,0.82,HIGH,,,52,informational
short,short sarcastic affirmations,10,,0.22,LOW,,,,informational
short,self love affirmations short,10,,,,,,44,informational
short,short positive morning affirmations,10,,0.24,LOW,,,,informational
short,short negative affirmations funny,10,,0.57,MEDIUM,,,,informational
short,short affirmations for self love,10,0.03,0.95,HIGH,,,22,informational
short,short affirmations for money,10,,0,LOW,,,39,informational
short,money affirmations short,10,,0,LOW,,,,informational
short,short positive affirmations for seniors,10,0.05,0.24,LOW,,,,informational
short,short love affirmations,10,0.04,1,HIGH,,,,informational
short,morning affirmations short,10,,0.09,LOW,,,10,informational
short,funny short affirmations,10,,0.75,HIGH,,,0,informational
short,short positive affirmations for students from teachers,10,,0.85,HIGH,,,,informational
short,short funny sarcastic affirmations reddit,10,,0,LOW,,,,informational
short,short positive daily affirmations,10,0.05,0.75,HIGH,,,14,informational
short,short affirmations for self-love,10,0.03,0.95,HIGH,,,23,informational
short,affirmations examples and short guide,10,,,,,,,informational
short,short positive affirmations for self-love,10,0.19,0.46,MEDIUM,,,28,informational
short,short love affirmations to attract specific person,10,,,,,,,transactional
short,short positive affirmations for self love,10,0.19,0.46,MEDIUM,,,28,informational
short,powerful short affirmations,10,,0.79,HIGH,,,,informational
short,short affirmations for love,10,,,,,,,informational
short,short new year affirmations 2026,10,,0,LOW,,,,informational
short,short affirmations for work,10,29.59,0.47,MEDIUM,,,,informational
funny,funny unhinged affirmations,10,,0.31,LOW,,,,informational
funny,be funny affirmations,10,,,,,,,informational
funny,i am funny affirmations,10,,0,LOW,,,1,informational
funny,funny affirmations for moms,10,0.06,0.86,HIGH,,,0,informational
funny,funny positive affirmations quotes,10,0.01,0.64,MEDIUM,,,0,informational
funny,funny affirmations for self esteem,10,,,,,,0,informational
funny,funny affirmations for self-esteem,10,,,,,,0,informational
funny,funny daily affirmations app,10,3.62,0.43,MEDIUM,,,27,navigational
funny,funny daily work affirmations,10,,0.36,MEDIUM,,,0,informational
funny,funny christmas affirmations,10,,,,,,,informational
funny,funny friday affirmations,10,,0.05,LOW,,,0,informational
funny,wednesday affirmations funny,10,,0,LOW,,,,informational
funny,funny affirmations instagram,10,,0,LOW,,,,informational
funny,daily affirmations funny positive affirmations,10,,0.75,HIGH,,,,informational
funny,funny rhetorical affirmations,10,,0,LOW,,,50,informational
funny,funny daily affirmations book,10,,1,HIGH,,,,informational
funny,friday affirmations funny quotes,10,,,,,,,informational
men,positive affirmations for men with health issues,,,,,,,,informational
biblical,bible affirmations tumblr,0,,,,,,,informational
biblical,spoken bible affirmations,0,,,,,,,informational
biblical,i am who god says affirmations from the bible,0,,,,,,,informational
biblical,the bible on affirmations,,,,,,,0,informational
christian,christian affirmations for god's guidance,0,,,,,,,informational
christian,positive christian affirmations scripture,0,,,,,,,informational
spiritual,affirmations spiritual connection,0,,,,,,40,informational
spiritual,spiritual pizza affirmations,0,,,,,,,informational
spiritual,spiritual teachers of our time daily affirmations,0,,,,,,,informational
spiritual,spiritual affirmations for 2024,0,,,,,,,informational
spiritual,spiritual affirmations for 2020,0,,,,,,,informational
spiritual,i am affirmations spiritual abundance prosperity and success,0,,,,,,0,informational
short,short affirmations before sleep,0,,,,,,,informational
funny,funny affirmations for 2023,0,,,,,,,informational
