pillar,keyword,search_volume,cpc,competition_level,competition,keyword_difficulty,main_intent,opp_score,variants,source
core,daily affirmations,368000,3.54,HIGH,0.97,40,informational,364.0,5,dataforseo
core,positive affirmations,74000,2.19,HIGH,1.0,47,informational,144.2,8,dataforseo
core,affirmations,49500,2.26,MEDIUM,0.63,48,informational,115.7,2,dataforseo
core,word of affirmations,49500,2.52,LOW,0.21,9,informational,202.5,1,dataforseo
core,definition affirmations,14800,,LOW,0.0,47,informational,64.5,3,dataforseo
core,define affirmations,14800,,LOW,0.0,25,informational,91.2,1,dataforseo
core,meaning of affirmations,14800,,LOW,0.0,25,informational,91.2,1,dataforseo
core,childhood affirmations,12100,0.29,HIGH,1.0,0,informational,110.0,1,dataforseo
core,positive affirmations for women,8100,1.2,HIGH,1.0,20,informational,72.0,1,dataforseo
core,morning affirmations,8100,3.88,MEDIUM,0.36,15,informational,76.5,4,dataforseo
core,daily affirmations for woman,8100,1.53,HIGH,1.0,16,informational,75.6,2,dataforseo
core,women affirmations,8100,2.21,HIGH,1.0,12,informational,79.2,2,dataforseo
core,self affirmations,5400,1.69,MEDIUM,0.48,48,informational,38.2,4,dataforseo
core,snoop dogg affirmations,5400,0.09,LOW,0.0,18,informational,60.3,1,dataforseo
core,self-love affirmations,4400,1.39,HIGH,0.84,3,informational,64.3,15,dataforseo
core,money affirmations,4400,1.15,MEDIUM,0.47,0,informational,66.3,5,dataforseo
core,affirmations songs,4400,0.05,LOW,0.0,0,informational,66.3,2,dataforseo
core,i.am affirmations,4400,1.04,HIGH,1.0,32,informational,45.1,5,dataforseo
core,today affirmations,4400,3.37,LOW,0.32,45,informational,36.5,2,dataforseo
core,quotes on positive affirmations,3600,1.73,HIGH,1.0,14,informational,51.6,11,dataforseo
core,male positive affirmations,3600,3.7,MEDIUM,0.6,0,informational,60.0,4,dataforseo
core,louise hay affirmations,3600,1.64,LOW,0.08,8,informational,55.2,4,dataforseo
core,powerful daily affirmations,3600,5.55,HIGH,1.0,40,informational,36.0,1,dataforseo
core,affirmations card,3600,0.8,HIGH,1.0,36,transactional,38.4,1,dataforseo
core,daily positive affirmations,2900,4.27,HIGH,1.0,40,informational,32.3,7,dataforseo
core,positive day affirmations,2900,4.34,HIGH,0.99,39,informational,32.8,4,dataforseo
core,bible affirmations,2900,5.7,MEDIUM,0.57,0,informational,53.9,10,dataforseo
core,affirmations synonym,2900,,LOW,0.0,0,informational,53.9,2,dataforseo
core,what affirmations,2900,1.33,LOW,0.11,23,informational,41.5,1,dataforseo
core,example affirmations,2900,3.31,MEDIUM,0.55,15,informational,45.8,3,dataforseo
core,gender affirmations,2900,6.98,LOW,0.03,0,informational,53.9,1,dataforseo
core,another word for affirmations,2900,,LOW,0.0,0,informational,53.9,1,dataforseo
core,disappointed affirmations,2900,0.37,HIGH,0.89,0,informational,53.9,2,dataforseo
core,positive short affirmations,2900,1.71,HIGH,1.0,23,informational,41.5,3,dataforseo
biblical,bible scripture affirmations,2900,5.7,MEDIUM,0.57,8,informational,49.5,2,dataforseo
daily,daily affirmations for men,2400,4.53,MEDIUM,0.66,8,informational,45.1,2,dataforseo
men,affirmations for men,2400,4.34,MEDIUM,0.52,0,informational,49.0,1,dataforseo
positive,positive morning affirmations,1900,6.68,MEDIUM,0.42,2,informational,42.7,6,dataforseo
positive,positive mental health affirmations,1900,1.72,HIGH,1.0,17,informational,36.2,4,dataforseo
morning,morning affirmations for positivity,1900,6.68,MEDIUM,0.42,6,informational,41.0,1,dataforseo
anxiety,affirmations for anxiety,1900,3.7,MEDIUM,0.38,11,informational,38.8,1,dataforseo
confidence,self-confidence affirmations,1900,7.07,HIGH,0.82,2,informational,42.7,8,dataforseo
manifestation,manifestation affirmations,1900,2.04,MEDIUM,0.46,0,informational,43.6,5,dataforseo
gratitude,gratitude affirmations,1900,5.62,LOW,0.33,1,informational,43.2,7,dataforseo
autocomplete,affirmations about self worth,1900,7.07,82,HIGH,,,43.6,2,apify-autocomplete
positive,positive work affirmations,1600,2.13,HIGH,0.97,2,informational,39.2,11,dataforseo
confidence,confidence affirmations,1600,5.99,HIGH,0.88,12,informational,35.2,6,dataforseo
work,work affirmations,1600,2.1,MEDIUM,0.53,0,informational,40.0,6,dataforseo
autocomplete,affirmations def,1600,,0,LOW,,,40.0,1,apify-autocomplete
autocomplete,affirmations list,1600,3.11,100,HIGH,,,40.0,1,apify-autocomplete
positive,self positive affirmations,1300,1.51,HIGH,1.0,39,informational,22.0,5,dataforseo
positive,list positive affirmations,1300,3.75,HIGH,1.0,17,informational,29.9,4,dataforseo
positive,inspirational positive affirmations,1300,0.15,HIGH,1.0,30,informational,25.2,4,dataforseo
positive,positive affirmations for today,1300,2.95,HIGH,0.84,20,informational,28.8,1,dataforseo
positive,what are positive affirmations,1300,7.16,LOW,0.09,40,informational,21.6,3,dataforseo
daily,daily affirmations apps,1300,2.0,LOW,0.06,50,informational,18.0,2,dataforseo
morning,morning affirmations for women,1300,1.19,HIGH,0.99,12,informational,31.7,2,dataforseo
abundance,abundance affirmations,1300,1.27,LOW,0.31,0,informational,36.1,5,dataforseo
chakra,throat chakra affirmations,1300,0.06,LOW,0.14,0,informational,36.1,3,dataforseo
sleep,sleep affirmations,1300,2.21,LOW,0.02,0,informational,36.1,3,dataforseo
love,love affirmations,1300,2.24,LOW,0.2,0,informational,36.1,4,dataforseo
short,short affirmations,1300,1.85,HIGH,1.0,17,informational,29.9,2,dataforseo
funny,funny affirmations,1300,2.01,MEDIUM,0.41,0,informational,36.1,2,dataforseo
autocomplete,affirmations health,1300,0.33,10,LOW,,,36.1,1,apify-autocomplete
positive,positive thought affirmations,1000,2.96,HIGH,0.98,21,informational,25.0,14,dataforseo
positive,positive affirmations in the workplace,1000,0.66,HIGH,1.0,0,informational,31.6,1,dataforseo
positive,youtube positive affirmations,1000,,LOW,0.0,22,informational,24.7,2,dataforseo
positive,positive word affirmations,1000,0.37,HIGH,1.0,16,informational,26.6,4,dataforseo
positive,positive self-love affirmations,1000,4.79,MEDIUM,0.65,6,informational,29.7,7,dataforseo
positive,positive affirmations colouring pages,1000,1.98,MEDIUM,0.49,0,informational,31.6,2,dataforseo
positive,morning affirmations for positive energy,1000,27.22,MEDIUM,0.42,5,informational,30.0,1,dataforseo
positive,positive affirmations on youtube,1000,,LOW,0.0,24,informational,24.0,1,dataforseo
positive,positive affirmations for teens,1000,0.47,HIGH,1.0,0,informational,31.6,1,dataforseo
daily,daily affirmations by stuart smalley,1000,,LOW,0.01,9,informational,28.8,1,dataforseo
daily,stuart smalley daily affirmations,1000,,LOW,0.01,18,informational,25.9,2,dataforseo
daily,365 daily affirmations,1000,10.28,HIGH,0.72,2,informational,31.0,2,dataforseo
daily,daily affirmations with stuart smalley,1000,,LOW,0.01,18,informational,25.9,1,dataforseo
women,bible affirmations for women,1000,4.52,HIGH,0.98,0,informational,31.6,3,dataforseo
christian,christian affirmations,1000,4.17,HIGH,0.69,0,informational,31.6,3,dataforseo
chakra,root chakra affirmations,1000,0.84,LOW,0.29,0,informational,31.6,5,dataforseo
chakra,third chakra affirmations,1000,0.08,LOW,0.25,0,informational,31.6,4,dataforseo
chakra,chakra affirmations,1000,0.18,HIGH,1.0,0,informational,31.6,4,dataforseo
love,5 affirmations of love quiz,1000,2.65,MEDIUM,0.34,23,informational,24.3,1,dataforseo
healing,healing affirmations,1000,2.3,MEDIUM,0.57,0,informational,31.6,5,dataforseo
autocomplete,affirmations coloring pages,1000,1.52,72,HIGH,,,31.6,1,apify-autocomplete
autocomplete,affirmations lyrics,1000,,0,LOW,,,31.6,1,apify-autocomplete
autocomplete,affirmations wallpaper,1000,0.46,38,MEDIUM,,,31.6,1,apify-autocomplete
positive,definition of positive affirmations,880,0.05,LOW,0.0,48,informational,15.4,2,dataforseo
positive,define positive affirmations,880,0.05,LOW,0.0,45,informational,16.3,1,dataforseo
positive,anxiety positive affirmations,880,1.61,MEDIUM,0.44,1,informational,29.4,4,dataforseo
positive,meaning of positive affirmations,880,0.05,LOW,0.0,48,informational,15.4,2,dataforseo
positive,positive affirmations for stress and anxiety,880,1.61,MEDIUM,0.44,11,commercial,26.4,2,dataforseo
daily,i am daily affirmations app,880,3.51,LOW,0.01,19,informational,24.0,1,dataforseo
daily,unique daily affirmations,880,30.52,MEDIUM,0.56,40,informational,17.8,1,dataforseo
daily,what are daily affirmations,880,10.01,LOW,0.08,35,informational,19.3,1,dataforseo
daily,what is daily affirmations,880,10.01,LOW,0.08,45,informational,16.3,1,dataforseo
chakra,sacral chakra affirmations,880,6.54,LOW,0.11,0,informational,29.7,3,dataforseo
love,affirmations on love,880,2.81,LOW,0.06,0,informational,29.7,1,dataforseo
love,affirmations about love,880,2.81,LOW,0.06,0,informational,29.7,1,dataforseo
spiritual,spiritual affirmations,880,2.07,MEDIUM,0.44,0,informational,29.7,2,dataforseo
autocomplete,affirmations in the mirror,880,0.63,100,HIGH,,,29.7,1,apify-autocomplete
positive,positive affirmations cards,720,0.59,HIGH,1.0,0,transactional,26.8,2,dataforseo
positive,humorous positive affirmations,720,14.59,HIGH,0.88,0,informational,26.8,1,dataforseo
positive,funny positive affirmations,720,14.59,HIGH,0.88,0,informational,26.8,3,dataforseo
positive,positive affirmations to say everyday,720,3.63,HIGH,0.73,40,informational,16.1,1,dataforseo
positive,best positive affirmations,720,9.86,HIGH,0.95,41,informational,15.8,1,dataforseo
daily,positive affirmations to say daily,720,3.63,HIGH,0.73,42,informational,15.6,1,dataforseo
morning,morning affirmations by louise hay,720,,LOW,0.0,4,informational,25.8,1,dataforseo
morning,best morning affirmations,720,2.14,MEDIUM,0.56,12,informational,23.6,1,dataforseo
morning,louise hay morning affirmations,720,,LOW,0.0,17,informational,22.3,2,dataforseo
morning,good morning affirmations,720,2.14,MEDIUM,0.56,15,informational,22.8,1,dataforseo
money,manifesting money affirmations,720,0.09,LOW,0.19,0,informational,26.8,4,dataforseo
money,money manifest affirmations,720,0.09,LOW,0.19,0,informational,26.8,3,dataforseo
money,money manifestation affirmations,720,0.09,LOW,0.19,0,informational,26.8,4,dataforseo
women,affirmations for pregnant women,720,0.11,HIGH,0.71,0,informational,26.8,1,dataforseo
chakra,heart chakra affirmations,720,0.08,LOW,0.08,0,informational,26.8,3,dataforseo
autocomplete,affirmations book,720,1.14,100,HIGH,,,26.8,1,apify-autocomplete
autocomplete,affirmations in spanish,720,,4,LOW,,,26.8,1,apify-autocomplete
autocomplete,affirmations of faith,720,4.08,42,MEDIUM,,,26.8,1,apify-autocomplete
autocomplete,affirmations on youtube,720,,0,LOW,,,26.8,1,apify-autocomplete
autocomplete,affirmations quotes,720,3.24,71,HIGH,,,26.8,1,apify-autocomplete
autocomplete,affirmations website,720,15.9,6,LOW,,,26.8,1,apify-autocomplete
autocomplete,affirmations youtube,720,,0,LOW,,,26.8,1,apify-autocomplete
daily,daily affirmations for workplace,590,3.32,MEDIUM,0.53,0,informational,24.3,1,dataforseo
daily,saturday night live daily affirmations,590,,LOW,0.0,15,informational,20.6,2,dataforseo
daily,snl daily affirmations,590,,LOW,0.0,20,informational,19.4,2,dataforseo
daily,100 powerful daily affirmations,590,13.68,HIGH,0.87,26,informational,18.0,1,dataforseo
daily,humorous daily affirmations,590,1.79,MEDIUM,0.46,0,informational,24.3,1,dataforseo
daily,daily affirmations quotes,590,1.9,HIGH,1.0,30,informational,17.0,2,dataforseo
daily,funny daily affirmations,590,1.79,MEDIUM,0.46,0,informational,24.3,3,dataforseo
daily,daily work affirmations,590,3.32,MEDIUM,0.53,4,informational,23.3,2,dataforseo
confidence,10 positive affirmations to boost confidence,590,16.44,MEDIUM,0.59,16,informational,20.4,1,dataforseo
confidence,positive self confidence affirmations,590,2.07,HIGH,0.86,12,informational,21.4,5,dataforseo
biblical,positive affirmations from bible,590,3.33,HIGH,0.67,4,informational,23.3,2,dataforseo
biblical,positive bible affirmations,590,3.33,HIGH,0.67,3,informational,23.6,3,dataforseo
biblical,positive affirmations in the bible,590,3.33,HIGH,0.67,8,informational,22.3,1,dataforseo
chakra,crown chakra affirmations,590,0.21,LOW,0.06,0,informational,24.3,3,dataforseo
sleep,positive sleep affirmations,590,2.46,LOW,0.04,0,informational,24.3,5,dataforseo
work,does affirmations work,590,28.5,LOW,0.0,22,informational,18.9,1,dataforseo
work,do affirmations work,590,28.5,LOW,0.0,15,informational,20.6,1,dataforseo
i-am,i am positive affirmations,590,1.23,HIGH,0.99,39,informational,14.8,3,dataforseo
autocomplete,affirmations app,590,2.19,20,LOW,,,24.3,1,apify-autocomplete
autocomplete,affirmations god,590,4.14,54,MEDIUM,,,24.3,2,apify-autocomplete
autocomplete,affirmations jar,590,0.6,99,HIGH,,,24.3,1,apify-autocomplete
autocomplete,affirmations journal,590,0.71,100,HIGH,,,24.3,1,apify-autocomplete
daily,christian daily affirmations,480,1.48,MEDIUM,0.56,0,informational,21.9,4,dataforseo
daily,daily religious affirmations,480,1.48,MEDIUM,0.56,0,informational,21.9,1,dataforseo
daily,daily affirmations definition,480,,LOW,0.0,48,informational,11.4,1,dataforseo
daily,i am daily affirmations,480,0.73,MEDIUM,0.58,32,informational,14.9,3,dataforseo
daily,daily affirmations meaning,480,,LOW,0.0,48,informational,11.4,1,dataforseo
morning,morning affirmations for men,480,0.19,LOW,0.2,8,informational,20.2,1,dataforseo
confidence,positive confidence affirmations,480,3.49,MEDIUM,0.5,16,informational,18.4,4,dataforseo
money,money affirmations that work instantly,480,3.38,LOW,0.16,1,informational,21.7,1,dataforseo
women,christian affirmations for women,480,4.3,HIGH,1.0,0,informational,21.9,1,dataforseo
christian,positive christian affirmations,480,2.07,HIGH,0.94,1,informational,21.7,4,dataforseo
christian,christian affirmations for woman,480,4.3,HIGH,1.0,0,informational,21.9,1,dataforseo
love,love language affirmations,480,0.89,LOW,0.14,41,informational,12.9,2,dataforseo
healing,yogananda scientific healing affirmations,480,0.56,HIGH,0.96,0,informational,21.9,2,dataforseo
healing,scientific healing affirmations,480,0.56,HIGH,0.96,0,informational,21.9,1,dataforseo
healing,scientific healing affirmations book,480,0.56,HIGH,0.96,5,informational,20.8,1,dataforseo
autocomplete,affirmations depression,480,4.15,32,LOW,,,21.9,1,apify-autocomplete
autocomplete,affirmations hoodie,480,2.38,100,HIGH,,,21.9,1,apify-autocomplete
autocomplete,affirmations meditation,480,25.29,7,LOW,,,21.9,1,apify-autocomplete
autocomplete,affirmations meme,480,,0,LOW,,,21.9,1,apify-autocomplete
autocomplete,affirmations with stuart smalley,480,0.02,1,LOW,,,21.9,1,apify-autocomplete
daily,examples of daily affirmations,390,1.03,HIGH,0.73,35,informational,12.8,4,dataforseo
daily,sample daily affirmations,390,1.03,HIGH,0.73,40,informational,11.8,1,dataforseo
daily,thinkup daily affirmations app,390,,LOW,0.0,59,navigational,8.1,1,dataforseo
morning,powerful morning affirmations,390,34.68,MEDIUM,0.66,14,informational,17.0,1,dataforseo
self-love,self-love affirmations for women,390,0.93,HIGH,1.0,20,informational,15.8,4,dataforseo
women,affirmations cards for women,390,0.75,HIGH,1.0,0,informational,19.7,1,dataforseo
biblical,i am affirmations from the bible,390,0.09,HIGH,1.0,1,informational,19.6,1,dataforseo
short,short funny sarcastic affirmations,390,0.22,LOW,0.31,0,informational,19.7,1,dataforseo
short,short positive affirmations for others,390,13.28,HIGH,0.74,12,informational,17.4,1,dataforseo
short,short positive affirmations for the day,390,10.71,HIGH,0.75,14,informational,17.0,1,dataforseo
short,short affirmations quotes,390,1.05,HIGH,1.0,10,informational,17.8,1,dataforseo
autocomplete,affirmations for a great day,390,1.78,88,HIGH,,,19.7,1,apify-autocomplete
autocomplete,affirmations generator,390,0.99,0,LOW,,,19.7,1,apify-autocomplete
autocomplete,affirmations images,390,0.68,99,HIGH,,,19.7,1,apify-autocomplete
autocomplete,affirmations poster,390,0.44,99,HIGH,,,19.7,1,apify-autocomplete
daily,daily bible affirmations,320,5.52,HIGH,0.87,3,informational,17.4,4,dataforseo
daily,louise hay daily affirmations,320,0.38,LOW,0.06,6,informational,16.8,2,dataforseo
daily,daily affirmations by louise hay,320,0.38,LOW,0.06,7,informational,16.6,1,dataforseo
daily,daily self-love affirmations,320,2.11,HIGH,0.96,0,informational,17.9,7,dataforseo
daily,biblical daily affirmations,320,5.52,HIGH,0.87,0,informational,17.9,2,dataforseo
daily,good daily affirmations,320,3.45,HIGH,0.76,40,informational,10.7,1,dataforseo
daily,positive daily affirmations for women,320,1.48,HIGH,1.0,11,informational,15.9,2,dataforseo
daily,daily affirmations from the bible,320,5.52,HIGH,0.87,3,informational,17.4,1,dataforseo
daily,great daily affirmations,320,3.45,HIGH,0.76,42,informational,10.4,1,dataforseo
daily,best daily affirmations,320,3.45,HIGH,0.76,33,informational,12.0,1,dataforseo
morning,monday morning affirmations,320,2.78,LOW,0.27,0,informational,17.9,1,dataforseo
women,i am affirmations for women,320,2.33,HIGH,1.0,18,informational,14.7,1,dataforseo
chakra,third eye chakra affirmations,320,5.48,LOW,0.02,0,informational,17.9,2,dataforseo
sleep,before sleep affirmations,320,,LOW,0.04,2,informational,17.5,2,dataforseo
work,monday work affirmations,320,5.15,LOW,0.14,0,informational,17.9,2,dataforseo
work,how affirmations work,320,9.23,LOW,0.1,48,informational,9.3,1,dataforseo
i-am,list of i am affirmations,320,0.41,HIGH,0.99,40,informational,10.7,2,dataforseo
i-am,i am affirmations app,320,,LOW,0.02,25,informational,13.4,1,dataforseo
i-am,i am positive affirmations app,320,,LOW,0.0,25,informational,13.4,2,dataforseo
i-am,best positive affirmations i am affirmations,320,9.19,MEDIUM,0.34,21,informational,14.1,1,dataforseo
autocomplete,affirmations before bed,320,,4,LOW,,,17.9,1,apify-autocomplete
autocomplete,what are some positive affirmations,320,1.25,47,MEDIUM,,,17.9,1,apify-autocomplete
daily,book of daily affirmations,260,0.41,HIGH,1.0,0,informational,16.1,3,dataforseo
daily,daily cards affirmations,260,1.0,HIGH,1.0,0,informational,16.1,2,dataforseo
daily,free daily affirmations apps,260,1.63,MEDIUM,0.37,50,informational,8.1,2,dataforseo
daily,snoop dogg daily affirmations,260,,LOW,0.0,9,informational,14.7,1,dataforseo
daily,motivation daily affirmations,260,0.13,HIGH,1.0,27,informational,11.8,2,dataforseo
daily,motivational daily affirmations,260,0.13,HIGH,1.0,45,informational,8.9,1,dataforseo
morning,morning affirmations quotes,260,1.47,HIGH,0.98,14,informational,13.9,1,dataforseo
manifestation,positive manifestation affirmations,260,,LOW,0.06,5,informational,15.3,4,dataforseo
women,positive affirmations for pregnant women,260,0.29,MEDIUM,0.44,0,informational,16.1,1,dataforseo
women,positive affirmations quotes for women,260,6.41,HIGH,1.0,24,informational,12.3,2,dataforseo
men,biblical affirmations for men,260,4.03,MEDIUM,0.6,2,informational,15.8,1,dataforseo
men,bible affirmations for men,260,4.03,MEDIUM,0.6,2,informational,15.8,1,dataforseo
work,do positive affirmations work,260,,LOW,0.0,35,informational,10.5,1,dataforseo
work,tuesday work affirmations,260,0.19,LOW,0.09,0,informational,16.1,2,dataforseo
work,friday work affirmations,260,0.38,LOW,0.23,0,informational,16.1,2,dataforseo
work,positive affirmations for work colleagues,260,4.41,MEDIUM,0.52,0,informational,16.1,1,dataforseo
work,does positive affirmations work,260,,LOW,0.0,45,informational,8.9,1,dataforseo
healing,positive healing affirmations,260,9.51,MEDIUM,0.49,0,informational,16.1,4,dataforseo
autocomplete,affirmations deck,260,0.83,100,HIGH,,,16.1,1,apify-autocomplete
autocomplete,affirmations doggyland,260,,1,LOW,,,16.1,1,apify-autocomplete
autocomplete,affirmations pictures,260,0.24,70,HIGH,,,16.1,1,apify-autocomplete
autocomplete,affirmations video,260,,0,LOW,,,16.1,1,apify-autocomplete
daily,daily affirmations meme,210,,LOW,0.0,0,informational,14.5,1,dataforseo
daily,daily money affirmations,210,0.06,MEDIUM,0.64,0,informational,14.5,3,dataforseo
daily,daily affirmations song,210,,LOW,0.0,7,informational,13.5,1,dataforseo
self-love,self-love affirmations quotes,210,0.09,HIGH,1.0,12,informational,12.8,3,dataforseo
money,money affirmations quotes,210,0.03,HIGH,0.77,10,informational,13.0,1,dataforseo
money,money affirmations for wealth and prosperity,210,0.29,LOW,0.25,0,informational,14.5,1,dataforseo
money,bob proctor money affirmations,210,,LOW,0.01,0,informational,14.5,3,dataforseo
money,the secret money affirmations,210,0.23,HIGH,0.73,0,informational,14.5,1,dataforseo
money,7 most powerful money affirmations,210,0.12,LOW,0.23,0,informational,14.5,1,dataforseo
money,money positive affirmations,210,0.02,LOW,0.05,0,informational,14.5,4,dataforseo
money,10 money affirmations that really work,210,0.33,MEDIUM,0.34,0,informational,14.5,1,dataforseo
money,positive affirmations about money,210,0.02,LOW,0.05,0,informational,14.5,1,dataforseo
manifestation,best positive affirmations manifestation affirmations,210,12.28,LOW,0.2,7,informational,13.5,1,dataforseo
biblical,30 positive affirmations using bible verses pdf,210,13.72,LOW,0.16,0,informational,14.5,1,dataforseo
work,short positive affirmations for work,210,1.32,HIGH,0.85,9,informational,13.2,1,dataforseo
work,wednesday work affirmations,210,28.01,LOW,0.02,0,informational,14.5,2,dataforseo
work,funny work affirmations,210,0.2,MEDIUM,0.62,0,informational,14.5,3,dataforseo
work,thursday work affirmations,210,19.88,LOW,0.01,0,informational,14.5,2,dataforseo
love,love affirmations for him,210,0.17,HIGH,0.76,0,informational,14.5,1,dataforseo
love,5 love affirmations,210,0.03,MEDIUM,0.34,22,informational,11.3,2,dataforseo
love,positive love affirmations,210,2.91,MEDIUM,0.67,0,informational,14.5,5,dataforseo
love,five affirmations of love,210,0.03,MEDIUM,0.34,20,informational,11.6,1,dataforseo
gratitude,youtube gratitude affirmations,210,,LOW,0.0,7,informational,13.5,2,dataforseo
healing,louise hay healing affirmations,210,0.26,LOW,0.06,14,informational,12.5,6,dataforseo
i-am,who i am in christ affirmations,210,2.09,HIGH,0.92,0,informational,14.5,2,dataforseo
i-am,affirmations of who god says i am,210,0.12,HIGH,0.99,0,informational,14.5,1,dataforseo
autocomplete,affirmations exercise,210,,9,LOW,,,14.5,1,apify-autocomplete
autocomplete,affirmations hype me up,210,,0,LOW,,,14.5,1,apify-autocomplete
autocomplete,affirmations in motivational interviewing,210,23.23,0,LOW,,,14.5,1,apify-autocomplete
autocomplete,affirmations motivational interviewing,210,23.23,0,LOW,,,14.5,1,apify-autocomplete
autocomplete,affirmations to start the day,210,2.99,60,MEDIUM,,,14.5,1,apify-autocomplete
autocomplete,affirmations vs mantras,210,,0,LOW,,,14.5,1,apify-autocomplete
daily,daily affirmations for teens,170,0.44,HIGH,0.98,0,informational,13.0,1,dataforseo
daily,list daily affirmations,170,10.33,HIGH,0.93,6,informational,12.3,3,dataforseo
daily,unique daily affirmations app,170,,LOW,0.0,43,navigational,7.4,1,dataforseo
daily,daily affirmations generator,170,,LOW,0.02,0,informational,13.0,1,dataforseo
morning,positive morning affirmations to start the day,170,30.27,MEDIUM,0.52,10,informational,11.7,1,dataforseo
morning,youtube morning affirmations,170,,LOW,0.0,12,informational,11.5,2,dataforseo
morning,good morning affirmations for him,170,0.04,LOW,0.12,8,informational,12.0,1,dataforseo
self-love,self worth self love affirmations,170,0.15,HIGH,1.0,0,informational,13.0,2,dataforseo
money,attract money affirmations,170,0.01,LOW,0.12,0,informational,13.0,4,dataforseo
money,attracting money affirmations,170,0.01,LOW,0.12,0,informational,13.0,4,dataforseo
money,money attraction affirmations,170,0.01,LOW,0.12,0,informational,13.0,2,dataforseo
abundance,abundance wealth affirmations,170,0.09,LOW,0.18,1,informational,12.9,9,dataforseo
abundance,financial abundance affirmations,170,3.43,MEDIUM,0.55,0,informational,13.0,3,dataforseo
manifestation,love manifestation affirmations,170,0.21,LOW,0.17,0,informational,13.0,4,dataforseo
women,powerful affirmations for women,170,5.76,HIGH,1.0,15,informational,11.1,1,dataforseo
women,spiritual affirmations for women,170,7.41,HIGH,0.96,0,informational,13.0,1,dataforseo
men,30 positive affirmations for men,170,7.93,LOW,0.25,10,informational,11.7,1,dataforseo
biblical,spiritual affirmations from the bible,170,2.3,LOW,0.22,0,informational,13.0,1,dataforseo
biblical,30 positive affirmations using bible verses,170,,LOW,0.06,0,informational,13.0,1,dataforseo
biblical,bible verse affirmations,170,4.83,MEDIUM,0.37,0,informational,13.0,3,dataforseo
christian,christian birth affirmations,170,0.02,HIGH,1.0,0,informational,13.0,2,dataforseo
chakra,affirmations for each chakra,170,0.09,HIGH,1.0,0,informational,13.0,1,dataforseo
work,workplace teamwork positive affirmations for work,170,0.11,MEDIUM,0.44,0,informational,13.0,1,dataforseo
love,attract love affirmations,170,0.31,LOW,0.16,0,informational,13.0,3,dataforseo
love,attracting love affirmations,170,0.31,LOW,0.16,0,informational,13.0,3,dataforseo
love,finding love affirmations,170,0.31,LOW,0.16,0,informational,13.0,2,dataforseo
love,positive affirmations about love,170,0.75,LOW,0.32,0,informational,13.0,1,dataforseo
love,affirmations for love attraction,170,0.31,LOW,0.16,0,informational,13.0,1,dataforseo
love,manifesting love affirmations,170,0.21,LOW,0.17,0,informational,13.0,2,dataforseo
love,love affirmations to attract specific person,170,3.63,LOW,0.01,0,informational,13.0,1,dataforseo
love,positive affirmations on love,170,0.75,LOW,0.32,0,informational,13.0,1,dataforseo
love,love affirmations for her,170,0.28,HIGH,0.83,0,informational,13.0,1,dataforseo
healing,health healing affirmations,170,27.93,LOW,0.12,0,informational,13.0,8,dataforseo
i-am,joel osteen i am affirmations,170,3.01,LOW,0.16,0,informational,13.0,2,dataforseo
i-am,i am affirmations for wealth,170,,LOW,0.06,0,informational,13.0,1,dataforseo
i-am,i am rich affirmations,170,,LOW,0.06,5,informational,12.4,1,dataforseo
i-am,i am worthy affirmations,170,0.16,MEDIUM,0.48,0,informational,13.0,2,dataforseo
i-am,i am enough affirmations,170,4.79,HIGH,1.0,3,informational,12.6,1,dataforseo
autocomplete,affirmations app free,170,2.06,44,MEDIUM,,,13.0,1,apify-autocomplete
autocomplete,affirmations clipart,170,0.06,42,MEDIUM,,,13.0,1,apify-autocomplete
autocomplete,affirmations gif,170,,0,LOW,,,13.0,1,apify-autocomplete
autocomplete,affirmations glorilla,170,,0,LOW,,,13.0,1,apify-autocomplete
autocomplete,affirmations jason stephenson,170,,0,LOW,,,13.0,1,apify-autocomplete
autocomplete,affirmations pinterest,170,0.08,17,LOW,,,13.0,1,apify-autocomplete
autocomplete,affirmations snl,170,,0,LOW,,,13.0,1,apify-autocomplete
autocomplete,affirmations worksheet,170,4.84,22,LOW,,,13.0,1,apify-autocomplete
autocomplete,affirmations yoga,170,0.18,34,MEDIUM,,,13.0,1,apify-autocomplete
daily,free daily affirmations,140,15.44,MEDIUM,0.38,52,informational,5.7,2,dataforseo
daily,morning daily affirmations,140,5.58,HIGH,0.78,3,informational,11.5,2,dataforseo
daily,daily affirmations calendar,140,1.01,HIGH,0.86,0,informational,11.8,1,dataforseo
daily,daily positive affirmations for men,140,0.14,HIGH,0.97,8,informational,10.9,2,dataforseo
daily,daily affirmations journal,140,0.74,HIGH,0.93,0,informational,11.8,1,dataforseo
daily,daily affirmations for today,140,3.76,HIGH,0.69,45,informational,6.5,1,dataforseo
daily,daily mental health affirmations,140,1.2,HIGH,0.74,1,informational,11.7,2,dataforseo
daily,short daily affirmations,140,3.55,HIGH,0.99,17,informational,9.8,3,dataforseo
morning,miracle morning affirmations,140,,LOW,0.13,0,informational,11.8,2,dataforseo
morning,morning affirmations for him,140,10.09,LOW,0.22,8,informational,10.9,1,dataforseo
morning,joe dispenza morning affirmations,140,,LOW,0.0,0,informational,11.8,1,dataforseo
morning,good morning affirmations for her,140,0.02,LOW,0.04,7,informational,11.0,1,dataforseo
morning,morning gratitude affirmations,140,,LOW,0.1,18,informational,9.7,5,dataforseo
anxiety,affirmations for health anxiety,140,,LOW,0.14,7,informational,11.0,1,dataforseo
anxiety,affirmations for depression and anxiety,140,0.69,MEDIUM,0.56,17,informational,9.8,2,dataforseo
self-love,self love mental health affirmations,140,0.2,HIGH,0.99,0,informational,11.8,1,dataforseo
self-love,powerful self-love affirmations,140,0.15,HIGH,1.0,12,informational,10.4,3,dataforseo
self-love,affirmations for self-love and healing,140,0.17,HIGH,0.75,12,informational,10.4,2,dataforseo
money,louise hay money affirmations,140,,LOW,0.01,0,informational,11.8,5,dataforseo
money,money abundance affirmations,140,0.25,MEDIUM,0.48,0,informational,11.8,10,dataforseo
money,youtube money affirmations,140,,LOW,0.0,8,informational,10.9,2,dataforseo
money,money affirmations on youtube,140,,LOW,0.0,5,informational,11.2,1,dataforseo
abundance,abundance prosperity affirmations,140,0.25,LOW,0.31,0,informational,11.8,6,dataforseo
abundance,best positive affirmations abundance affirmations,140,14.75,MEDIUM,0.37,0,commercial,11.8,1,dataforseo
manifestation,11:11 manifestation affirmations,140,,LOW,0.0,0,informational,11.8,3,dataforseo
women,short affirmations for women,140,3.24,HIGH,1.0,23,informational,9.1,1,dataforseo
women,funny affirmations for women,140,0.19,HIGH,0.78,0,informational,11.8,1,dataforseo
women,self affirmations for women,140,1.35,HIGH,0.99,12,informational,10.4,1,dataforseo
women,sinister affirmations for formidable women,140,0.74,HIGH,0.83,0,informational,11.8,1,dataforseo
women,godly affirmations for women,140,5.04,HIGH,1.0,0,informational,11.8,1,dataforseo
biblical,encouraging bible affirmations,140,0.12,HIGH,1.0,0,informational,11.8,1,dataforseo
chakra,7 chakra affirmations,140,0.09,HIGH,1.0,0,informational,11.8,1,dataforseo
work,how do affirmations work,140,,LOW,0.0,18,informational,9.7,1,dataforseo
work,how does affirmations work,140,,LOW,0.0,35,informational,7.7,1,dataforseo
work,do affirmations really work,140,,LOW,0.0,12,informational,10.4,1,dataforseo
work,does affirmations really work,140,,LOW,0.0,9,informational,10.8,1,dataforseo
love,love myself affirmations,140,0.11,MEDIUM,0.57,2,informational,11.6,3,dataforseo
love,manifest love affirmations,140,,LOW,0.08,0,informational,11.8,1,dataforseo
love,love yourself affirmations,140,0.11,MEDIUM,0.57,2,informational,11.6,2,dataforseo
healing,youtube healing affirmations,140,,LOW,0.0,5,informational,11.2,3,dataforseo
spiritual,positive spiritual affirmations,140,1.85,HIGH,0.87,6,informational,11.1,3,dataforseo
i-am,i am safe affirmations,140,,LOW,0.0,0,informational,11.8,1,dataforseo
i-am,powerful i am affirmations,140,0.16,HIGH,0.94,18,informational,9.7,2,dataforseo
i-am,i am beautiful affirmations,140,,MEDIUM,0.34,5,informational,11.2,1,dataforseo
i-am,youtube i am affirmations,140,,LOW,0.0,12,informational,10.4,2,dataforseo
short,short positive affirmations for mental health,140,15.05,MEDIUM,0.64,4,informational,11.4,1,dataforseo
funny,funny affirmations for coworkers,140,0.03,HIGH,0.85,0,informational,11.8,1,dataforseo
funny,witty funny affirmations,140,0.1,HIGH,0.95,0,informational,11.8,1,dataforseo
funny,funny negative affirmations,140,0.23,LOW,0.12,0,informational,11.8,2,dataforseo
funny,funny sarcastic affirmations,140,0.04,HIGH,0.92,0,informational,11.8,1,dataforseo
autocomplete,affirmations by snoop dogg,140,,0,LOW,,,11.8,1,apify-autocomplete
autocomplete,affirmations dance,140,,3,LOW,,,11.8,1,apify-autocomplete
daily,daily confidence affirmations,110,0.17,HIGH,0.79,10,informational,9.4,4,dataforseo
daily,daily affirmations self esteem,110,0.21,HIGH,1.0,20,informational,8.4,1,dataforseo
daily,daily positive work affirmations,110,2.4,HIGH,0.95,19,informational,8.5,3,dataforseo
daily,wayne dyer daily affirmations,110,,LOW,0.0,0,informational,10.5,2,dataforseo
daily,joel osteen daily affirmations,110,12.27,LOW,0.03,11,informational,9.3,2,dataforseo
daily,daily gratitude affirmations,110,3.74,HIGH,0.87,4,informational,10.1,4,dataforseo
daily,daily affirmations jessica,110,,LOW,0.0,6,informational,9.9,1,dataforseo
daily,daily affirmations for self worth,110,0.21,HIGH,1.0,12,informational,9.2,1,dataforseo
daily,daily affirmations short positive affirmations,110,5.86,HIGH,1.0,14,informational,9.0,1,dataforseo
morning,morning work affirmations,110,0.16,MEDIUM,0.48,5,informational,10.0,2,dataforseo
morning,wednesday morning affirmations,110,3.32,LOW,0.02,0,informational,10.5,1,dataforseo
morning,i am morning affirmations,110,,LOW,0.03,31,informational,7.2,2,dataforseo
morning,tuesday morning affirmations,110,,LOW,0.27,0,informational,10.5,1,dataforseo
anxiety,daily affirmations for anxiety,110,7.22,HIGH,0.7,10,informational,9.4,1,dataforseo
money,money affirmations that work,110,0.09,LOW,0.27,0,informational,10.5,1,dataforseo
money,vision board money affirmations,110,0.07,HIGH,1.0,0,informational,10.5,1,dataforseo
money,money magnet affirmations,110,0.04,MEDIUM,0.46,0,informational,10.5,1,dataforseo
abundance,i am abundance affirmations,110,,LOW,0.02,9,informational,9.5,4,dataforseo
women,daily affirmations affirmations for women,110,0.08,HIGH,0.83,14,informational,9.0,1,dataforseo
women,positive affirmations for men from women,110,9.83,MEDIUM,0.5,3,informational,10.2,1,dataforseo
men,spiritual affirmations for men,110,3.61,HIGH,0.69,3,informational,10.2,1,dataforseo
men,christian affirmations for men,110,3.61,HIGH,0.69,0,informational,10.5,1,dataforseo
biblical,bible verses for positive affirmations,110,0.16,HIGH,1.0,0,informational,10.5,5,dataforseo
biblical,i am affirmations from the bible pdf,110,,LOW,0.0,0,informational,10.5,1,dataforseo
sleep,sleep affirmations law of attraction,110,,LOW,0.0,0,informational,10.5,1,dataforseo
work,work affirmations quotes,110,0.12,HIGH,1.0,0,informational,10.5,1,dataforseo
work,short funny sarcastic affirmations for work,110,0.17,MEDIUM,0.38,0,informational,10.5,1,dataforseo
work,team work affirmations,110,3.38,MEDIUM,0.34,0,informational,10.5,2,dataforseo
work,positive work affirmations for team,110,0.67,HIGH,1.0,0,informational,10.5,2,dataforseo
healing,body healing affirmations,110,,LOW,0.12,0,informational,10.5,5,dataforseo
spiritual,daily spiritual affirmations,110,3.03,HIGH,0.81,7,informational,9.8,3,dataforseo
i-am,i am abundant affirmations,110,,LOW,0.02,3,informational,10.2,1,dataforseo
i-am,i am statements affirmations,110,4.87,HIGH,1.0,2,informational,10.3,1,dataforseo
short,short inappropriate daily affirmations,110,0.16,LOW,0.08,0,informational,10.5,1,dataforseo
autocomplete,affirmations coloring book,110,0.56,100,HIGH,,,10.5,1,apify-autocomplete
autocomplete,affirmations lock screen,110,,2,LOW,,,10.5,1,apify-autocomplete
autocomplete,affirmations pdf,110,0.18,18,LOW,,,10.5,1,apify-autocomplete
autocomplete,affirmations printable,110,1.5,99,HIGH,,,10.5,1,apify-autocomplete
autocomplete,affirmations snoop,110,,0,LOW,,,10.5,1,apify-autocomplete
autocomplete,daily affirmations aa,110,,2,LOW,,,10.5,1,apify-autocomplete
autocomplete,what are some good affirmations,110,7.57,63,MEDIUM,,,10.5,1,apify-autocomplete
morning,daily positive morning affirmations,90,0.3,HIGH,1.0,5,informational,9.0,1,dataforseo
morning,thursday morning affirmations,90,,LOW,0.19,0,informational,9.5,1,dataforseo
morning,positive good morning affirmations,90,0.09,HIGH,1.0,3,informational,9.2,2,dataforseo
morning,morning affirmations for today,90,0.82,LOW,0.33,9,informational,8.6,1,dataforseo
morning,morning meditation affirmations,90,4.22,LOW,0.01,5,informational,9.0,2,dataforseo
morning,good morning affirmations quotes,90,0.05,HIGH,0.8,10,informational,8.5,1,dataforseo
morning,snoop dogg morning affirmations,90,,LOW,0.0,7,informational,8.8,1,dataforseo
morning,sunday morning affirmations,90,0.09,HIGH,0.75,0,informational,9.5,1,dataforseo
anxiety,affirmations for anxiety and stress,90,0.14,LOW,0.29,12,informational,8.3,2,dataforseo
anxiety,louise hay affirmations for anxiety,90,,LOW,0.01,0,informational,9.5,2,dataforseo
anxiety,positive affirmations for anxiety and depression,90,3.22,HIGH,0.69,11,informational,8.4,2,dataforseo
anxiety,calming affirmations for anxiety,90,0.02,MEDIUM,0.63,16,informational,8.0,2,dataforseo
confidence,self-talk confidence affirmations,90,0.06,HIGH,1.0,17,informational,7.9,2,dataforseo
confidence,positive affirmations for self-love and confidence,90,5.11,MEDIUM,0.5,16,informational,8.0,2,dataforseo
confidence,affirmations to build confidence,90,0.32,HIGH,0.71,10,informational,8.5,1,dataforseo
confidence,confidence boost affirmations,90,0.32,HIGH,0.71,12,informational,8.3,2,dataforseo
confidence,confidence affirmations for women,90,0.03,HIGH,0.85,16,informational,8.0,1,dataforseo
self-love,louise hay self-love affirmations,90,0.05,LOW,0.17,2,informational,9.3,7,dataforseo
self-love,law of attraction self love affirmations,90,,LOW,0.02,0,informational,9.5,3,dataforseo
self-love,motivation self love affirmations,90,0.18,HIGH,0.87,2,informational,9.3,1,dataforseo
money,powerful money affirmations,90,0.04,MEDIUM,0.38,0,informational,9.5,2,dataforseo
money,positive affirmations for wealth money,90,0.05,MEDIUM,0.53,0,informational,9.5,1,dataforseo
money,bob baker money affirmations,90,0.98,LOW,0.01,0,informational,9.5,1,dataforseo
money,money bowl affirmations,90,0.43,LOW,0.12,0,informational,9.5,1,dataforseo
abundance,abundance manifestation affirmations,90,0.91,HIGH,0.72,1,informational,9.4,1,dataforseo
manifestation,powerful manifestation affirmations,90,0.22,HIGH,0.96,0,informational,9.5,2,dataforseo
manifestation,daily manifestation affirmations,90,1.24,HIGH,0.9,0,informational,9.5,1,dataforseo
women,daily biblical affirmations for women,90,0.43,HIGH,1.0,0,informational,9.5,1,dataforseo
women,sinister affirmations mantras for formidable women,90,0.56,MEDIUM,0.59,0,informational,9.5,2,dataforseo
women,list of affirmations for women,90,0.83,HIGH,0.99,14,informational,8.2,1,dataforseo
women,book of affirmations for women,90,0.53,HIGH,0.99,0,informational,9.5,2,dataforseo
women,best affirmations for women,90,4.27,HIGH,1.0,5,informational,9.0,1,dataforseo
women,encouragement positive affirmations for women,90,0.21,HIGH,1.0,13,informational,8.3,1,dataforseo
women,daily bible affirmations for women,90,0.43,HIGH,1.0,0,informational,9.5,2,dataforseo
men,good affirmations for men,90,14.65,MEDIUM,0.5,9,informational,8.6,1,dataforseo
biblical,bible affirmations for healing,90,6.15,LOW,0.31,0,informational,9.5,2,dataforseo
biblical,list of i am affirmations from the bible,90,0.1,LOW,0.25,3,informational,9.2,1,dataforseo
biblical,healing affirmations from the bible,90,6.15,LOW,0.31,0,informational,9.5,1,dataforseo
biblical,i am bible affirmations,90,3.77,HIGH,0.98,1,informational,9.4,4,dataforseo
work,do daily affirmations work,90,,LOW,0.0,14,informational,8.2,1,dataforseo
work,does listening to affirmations while sleeping work,90,,LOW,0.0,0,informational,9.5,1,dataforseo
work,positive affirmations for work stress,90,0.69,HIGH,0.74,5,informational,9.0,1,dataforseo
work,does daily affirmations work,90,,LOW,0.0,34,informational,6.3,1,dataforseo
work,positive affirmations quotes for work,90,0.12,HIGH,0.92,7,informational,8.8,1,dataforseo
love,soulmate love affirmations,90,0.05,LOW,0.33,0,informational,9.5,1,dataforseo
love,daily affirmations love affirmations,90,,LOW,0.0,0,informational,9.5,1,dataforseo
gratitude,powerful gratitude affirmations,90,0.63,LOW,0.19,3,informational,9.2,1,dataforseo
healing,powerful healing affirmations for fast recovery,90,20.3,LOW,0.09,0,informational,9.5,1,dataforseo
healing,biblical healing affirmations,90,6.15,LOW,0.31,0,informational,9.5,2,dataforseo
healing,scripture affirmations for healing,90,6.15,LOW,0.31,0,informational,9.5,1,dataforseo
i-am,i am biblical affirmations,90,3.77,HIGH,0.98,0,informational,9.5,2,dataforseo
i-am,i am healthy affirmations,90,1.67,MEDIUM,0.41,4,informational,9.1,1,dataforseo
i-am,i am health affirmations,90,1.67,MEDIUM,0.41,1,informational,9.4,1,dataforseo
i-am,i am wealthy affirmations,90,,LOW,0.05,0,informational,9.5,1,dataforseo
short,short funny positive affirmations,90,0.1,HIGH,0.78,0,informational,9.5,1,dataforseo
short,short funny sarcastic affirmations for adults,90,0.45,LOW,0.33,0,informational,9.5,1,dataforseo
short,short positive affirmations for coworkers,90,10.02,MEDIUM,0.47,0,informational,9.5,1,dataforseo
short,short positive affirmations for friends,90,0.08,HIGH,1.0,0,informational,9.5,1,dataforseo
short,short positive affirmations quotes,90,0.16,HIGH,1.0,20,informational,7.6,1,dataforseo
short,short positive affirmations to say to others,90,19.91,MEDIUM,0.35,9,informational,8.6,1,dataforseo
funny,funny friday affirmations,90,1.25,LOW,0.2,0,informational,9.5,2,dataforseo
autocomplete,affirmations after a breakup,90,,2,LOW,,,9.5,1,apify-autocomplete
autocomplete,affirmations by lavender,90,,0,LOW,,,9.5,1,apify-autocomplete
autocomplete,affirmations rap song,90,,0,LOW,,,9.5,1,apify-autocomplete
autocomplete,affirmations reddit,90,,0,LOW,,,9.5,1,apify-autocomplete
autocomplete,affirmations song lyrics,90,,0,LOW,,,9.5,1,apify-autocomplete
autocomplete,affirmations that start with a,90,,0,LOW,,,9.5,1,apify-autocomplete
autocomplete,affirmations to make him obsessed with you,90,,0,LOW,,,9.5,1,apify-autocomplete
autocomplete,affirmations widget,90,1.78,19,LOW,,,9.5,1,apify-autocomplete
autocomplete,bedtime positive affirmations,90,,1,LOW,,,9.5,1,apify-autocomplete
autocomplete,daily affirmations wallpaper,90,0.28,40,MEDIUM,,,9.5,1,apify-autocomplete
autocomplete,daily affirmations youtube,90,,0,LOW,,,9.5,1,apify-autocomplete
autocomplete,wealth affirmations youtube,90,,0,LOW,,,9.5,1,apify-autocomplete
morning,saturday morning affirmations,70,0.06,MEDIUM,0.42,0,informational,8.4,1,dataforseo
morning,morning affirmations videos,70,,LOW,0.0,15,informational,7.1,2,dataforseo
morning,friday morning affirmations,70,1.03,LOW,0.01,0,informational,8.4,1,dataforseo
morning,morning affirmations for success,70,30.02,MEDIUM,0.34,2,informational,8.2,2,dataforseo
morning,louise hay morning affirmations all is well,70,,LOW,0.01,3,informational,8.1,2,dataforseo
morning,morning affirmations for positive energy for others,70,27.84,HIGH,0.68,6,informational,7.9,1,dataforseo
morning,bob baker morning affirmations,70,,LOW,0.0,3,informational,8.1,1,dataforseo
morning,abraham hicks morning affirmations,70,,LOW,0.0,0,informational,8.4,2,dataforseo
morning,mel robbins morning affirmations,70,,LOW,0.01,1,informational,8.3,1,dataforseo
morning,5 minute morning affirmations,70,,LOW,0.0,3,informational,8.1,1,dataforseo
morning,lavendaire morning affirmations,70,,LOW,0.0,14,informational,7.2,2,dataforseo
anxiety,spiritual affirmations for anxiety,70,0.06,LOW,0.12,0,informational,8.4,1,dataforseo
anxiety,affirmations for confidence and anxiety,70,14.64,LOW,0.16,11,informational,7.4,2,dataforseo
anxiety,short positive affirmations for anxiety,70,1.02,HIGH,0.68,11,informational,7.4,1,dataforseo
confidence,affirmations for self-esteem and confidence,70,0.67,HIGH,0.85,7,informational,7.8,5,dataforseo
self-love,self love affirmations for men,70,0.05,MEDIUM,0.38,0,informational,8.4,2,dataforseo
self-love,i am affirmations for self-love,70,,MEDIUM,0.34,11,informational,7.4,2,dataforseo
self-love,daily affirmations self-love affirmations,70,0.1,HIGH,0.77,12,informational,7.4,2,dataforseo
money,powerful money affirmations for abundance in 24 hours,70,,LOW,0.1,3,informational,8.1,1,dataforseo
money,best money affirmations,70,0.02,LOW,0.09,0,informational,8.4,2,dataforseo
money,money wealth affirmations,70,0.21,MEDIUM,0.59,0,informational,8.4,6,dataforseo
money,rich affirmations money,70,0.21,MEDIUM,0.59,8,informational,7.7,1,dataforseo
money,money affirmations wallpaper,70,0.04,LOW,0.24,0,informational,8.4,1,dataforseo
abundance,abundance positive affirmations,70,,LOW,0.03,0,informational,8.4,4,dataforseo
manifestation,health manifestation affirmations,70,0.49,LOW,0.13,0,informational,8.4,2,dataforseo
manifestation,powerful manifestation affirmations for success,70,1.74,LOW,0.3,1,informational,8.3,1,dataforseo
manifestation,sex magic manifestation affirmations,70,,LOW,0.0,0,informational,8.4,1,dataforseo
women,positive affirmations for women at work,70,7.73,HIGH,1.0,7,informational,7.8,1,dataforseo
women,positive affirmations for women in recovery,70,16.72,LOW,0.3,0,informational,8.4,1,dataforseo
women,monday affirmations for women,70,0.13,HIGH,0.69,0,informational,8.4,1,dataforseo
women,simple affirmations for women,70,0.11,HIGH,1.0,23,informational,6.4,1,dataforseo
women,motivational affirmations for women,70,0.13,HIGH,1.0,30,informational,5.9,1,dataforseo
women,friday affirmations for women,70,1.02,MEDIUM,0.57,0,informational,8.4,1,dataforseo
women,positive affirmations for women pdf,70,15.23,HIGH,0.84,0,informational,8.4,1,dataforseo
women,wednesday affirmations for women,70,,LOW,0.03,0,informational,8.4,1,dataforseo
women,positive christian affirmations for women,70,4.47,HIGH,0.99,0,informational,8.4,2,dataforseo
men,i am affirmations for men,70,0.08,MEDIUM,0.42,0,informational,8.4,1,dataforseo
biblical,what does the bible say about affirmations,70,30.12,LOW,0.03,0,informational,8.4,1,dataforseo
christian,christian affirmations for positive thinking,70,0.09,MEDIUM,0.42,0,informational,8.4,1,dataforseo
chakra,printable chakra affirmations,70,0.13,HIGH,1.0,0,informational,8.4,1,dataforseo
sleep,affirmations during sleep,70,2.33,LOW,0.07,0,informational,8.4,1,dataforseo
sleep,affirmations while sleep,70,2.33,LOW,0.07,3,informational,8.1,2,dataforseo
sleep,night affirmations before sleep,70,,LOW,0.06,0,informational,8.4,1,dataforseo
sleep,louise hay sleep affirmations,70,,LOW,0.0,0,informational,8.4,3,dataforseo
sleep,sleep meditation positive affirmations,70,,LOW,0.04,4,informational,8.0,4,dataforseo
sleep,healing sleep affirmations,70,,LOW,0.02,0,informational,8.4,2,dataforseo
sleep,louise hay sleep meditation affirmations,70,,LOW,0.01,3,informational,8.1,1,dataforseo
sleep,positive affirmations during sleep,70,,LOW,0.02,0,informational,8.4,1,dataforseo
sleep,sleep meditation affirmations,70,,LOW,0.06,0,informational,8.4,4,dataforseo
work,positive affirmations for work success,70,4.35,MEDIUM,0.58,0,informational,8.4,1,dataforseo
work,funny positive affirmations for work,70,2.55,HIGH,0.84,0,informational,8.4,1,dataforseo
work,positive affirmations for success at work,70,4.35,MEDIUM,0.58,0,informational,8.4,1,dataforseo
work,positive energy positive work affirmations,70,0.04,HIGH,1.0,20,informational,6.7,1,dataforseo
work,work success affirmations,70,0.15,LOW,0.23,0,informational,8.4,3,dataforseo
work,mirror work affirmations,70,,LOW,0.14,0,informational,8.4,1,dataforseo
work,affirmations for success at work,70,0.15,LOW,0.23,0,informational,8.4,1,dataforseo
work,weekly affirmations for work,70,8.84,LOW,0.19,2,informational,8.2,1,dataforseo
love,affirmations for him to fall in love,70,,LOW,0.02,0,informational,8.4,1,dataforseo
love,love affirmations to attract love,70,,LOW,0.01,0,informational,8.4,1,dataforseo
love,i am love affirmations,70,0.02,MEDIUM,0.64,0,informational,8.4,2,dataforseo
love,i love me affirmations,70,0.08,MEDIUM,0.61,0,informational,8.4,1,dataforseo
love,love affirmations for couples,70,0.02,HIGH,0.89,0,informational,8.4,1,dataforseo
love,affirmations to find love,70,,LOW,0.01,0,informational,8.4,1,dataforseo
love,boyfriend love affirmations for him,70,0.17,HIGH,1.0,0,informational,8.4,1,dataforseo
gratitude,positive gratitude affirmations,70,,MEDIUM,0.64,0,informational,8.4,7,dataforseo
gratitude,10 gratitude affirmations,70,,LOW,0.04,0,informational,8.4,1,dataforseo
gratitude,most powerful gratitude affirmations,70,31.74,LOW,0.29,2,informational,8.2,2,dataforseo
healing,emotional healing affirmations,70,0.15,HIGH,0.73,0,informational,8.4,2,dataforseo
i-am,who i am in christ affirmations pdf,70,,HIGH,1.0,0,informational,8.4,1,dataforseo
i-am,i am loved affirmations,70,0.02,MEDIUM,0.64,9,informational,7.6,1,dataforseo
i-am,i am grateful affirmations,70,0.03,LOW,0.13,7,informational,7.8,1,dataforseo
i-am,i am strong affirmations,70,0.12,HIGH,0.97,13,informational,7.3,1,dataforseo
i-am,i am rich affirmations youtube,70,,LOW,0.0,4,informational,8.0,1,dataforseo
short,short affirmations for others,70,0.16,HIGH,0.92,9,informational,7.6,1,dataforseo
short,short funny affirmations,70,0.97,HIGH,0.82,0,informational,8.4,2,dataforseo
funny,funny affirmations memes,70,,LOW,0.0,0,informational,8.4,1,dataforseo
funny,funny teacher affirmations,70,0.07,HIGH,1.0,0,informational,8.4,1,dataforseo
autocomplete,affirmation zip hoodie,70,1.26,99,HIGH,,,8.4,1,apify-autocomplete
autocomplete,affirmations before an interview,70,0.03,2,LOW,,,8.4,1,apify-autocomplete
autocomplete,affirmations community center,70,,1,LOW,,,8.4,1,apify-autocomplete
autocomplete,affirmations for getting a job,70,0.14,2,LOW,,,8.4,1,apify-autocomplete
autocomplete,affirmations glorilla lyrics,70,,0,LOW,,,8.4,1,apify-autocomplete
autocomplete,affirmations how to,70,,1,LOW,,,8.4,1,apify-autocomplete
autocomplete,affirmations lgbtq+ community center,70,11.96,2,LOW,,,8.4,1,apify-autocomplete
autocomplete,affirmations list pdf,70,28.04,7,LOW,,,8.4,1,apify-autocomplete
autocomplete,affirmations memethegoat,70,,0,LOW,,,8.4,1,apify-autocomplete
autocomplete,affirmations podcast,70,0.34,7,LOW,,,8.4,1,apify-autocomplete
autocomplete,affirmations questions,70,30.41,3,LOW,,,8.4,1,apify-autocomplete
autocomplete,affirmations quotes for success,70,0.23,69,HIGH,,,8.4,1,apify-autocomplete
autocomplete,affirmations song snoop dogg,70,,0,LOW,,,8.4,1,apify-autocomplete
autocomplete,affirmations while sleeping,70,2.33,7,LOW,,,8.4,1,apify-autocomplete
autocomplete,daily affirmations poster,70,0.19,99,HIGH,,,8.4,1,apify-autocomplete
autocomplete,daily affirmations printable,70,3.38,100,HIGH,,,8.4,1,apify-autocomplete
autocomplete,daily affirmations widget,70,1.55,38,MEDIUM,,,8.4,1,apify-autocomplete
morning,funny morning affirmations,50,0.18,MEDIUM,0.39,0,informational,7.1,1,dataforseo
morning,morning manifestation affirmations,50,0.29,LOW,0.22,3,informational,6.9,1,dataforseo
morning,monday morning affirmations for work,50,0.06,LOW,0.19,0,informational,7.1,1,dataforseo
morning,miracle morning affirmations pdf,50,,LOW,0.22,0,informational,7.1,1,dataforseo
morning,5 minute morning meditation positive affirmations,50,,LOW,0.01,4,informational,6.8,1,dataforseo
morning,morning bible affirmations,50,0.03,HIGH,0.93,2,informational,6.9,3,dataforseo
morning,youtube positive morning affirmations,50,,LOW,0.0,12,navigational,6.2,2,dataforseo
morning,miracle morning bedtime affirmations,50,,LOW,0.01,0,informational,7.1,2,dataforseo
morning,good morning affirmations for women,50,0.22,MEDIUM,0.53,23,informational,5.4,1,dataforseo
morning,louise hay 20 minute morning affirmations,50,,LOW,0.0,10,informational,6.4,1,dataforseo
morning,mel robbins 8 morning affirmations,50,,LOW,0.03,0,navigational,7.1,1,dataforseo
morning,morning manifest affirmations,50,0.29,LOW,0.22,0,informational,7.1,1,dataforseo
morning,christian morning affirmations,50,31.14,LOW,0.17,2,informational,6.9,4,dataforseo
morning,morning biblical affirmations,50,0.03,HIGH,0.93,2,informational,6.9,2,dataforseo
anxiety,positive affirmations for anxiety attacks,50,,LOW,0.13,12,informational,6.2,1,dataforseo
anxiety,self-affirmations for anxiety,50,7.81,LOW,0.23,22,informational,5.5,2,dataforseo
anxiety,affirmations for women with anxiety,50,1.38,LOW,0.07,12,informational,6.2,1,dataforseo
anxiety,christian affirmations for anxiety,50,,LOW,0.03,0,informational,7.1,2,dataforseo
anxiety,positive affirmations for women with anxiety,50,0.54,HIGH,0.86,20,commercial,5.7,1,dataforseo
anxiety,100 positive affirmations for anxiety,50,30.12,LOW,0.26,8,informational,6.5,1,dataforseo
confidence,self-love and confidence affirmations,50,3.84,HIGH,0.71,12,informational,6.2,6,dataforseo
confidence,affirmations for confidence and success,50,0.36,MEDIUM,0.65,13,informational,6.2,2,dataforseo
self-love,self-love mirror affirmations,50,0.11,HIGH,0.8,0,informational,7.1,2,dataforseo
self-love,self affirmations for self-love,50,2.15,HIGH,1.0,11,informational,6.3,2,dataforseo
self-love,spiritual self love affirmations,50,0.17,LOW,0.14,0,informational,7.1,3,dataforseo
money,positive affirmations to attract money,50,0.32,LOW,0.27,0,informational,7.1,1,dataforseo
money,positive affirmations money attraction,50,0.32,LOW,0.27,0,informational,7.1,1,dataforseo
money,lavendaire money affirmations,50,,LOW,0.0,0,commercial,7.1,1,dataforseo
money,i am a money magnet affirmations,50,0.09,LOW,0.27,0,informational,7.1,1,dataforseo
money,powerful money affirmations that work,50,0.27,LOW,0.25,6,informational,6.6,1,dataforseo
money,money spell affirmations,50,0.06,MEDIUM,0.43,0,informational,7.1,1,dataforseo
money,positive affirmations for attracting money,50,0.32,LOW,0.27,0,informational,7.1,1,dataforseo
money,money affirmations telugu,50,,LOW,0.0,0,informational,7.1,1,dataforseo
abundance,abundance affirmations while you sleep,50,,LOW,0.0,1,informational,7.0,1,dataforseo
abundance,youtube abundance affirmations,50,,LOW,0.0,9,informational,6.4,3,dataforseo
abundance,success and abundance affirmations,50,,LOW,0.02,0,informational,7.1,3,dataforseo
manifestation,lottery manifestation affirmations,50,,LOW,0.05,0,informational,7.1,1,dataforseo
women,daily affirmations for women app,50,2.21,MEDIUM,0.38,50,navigational,3.5,1,dataforseo
women,self-esteem affirmations for women,50,1.8,MEDIUM,0.6,20,informational,5.7,2,dataforseo
women,empowering affirmations for women,50,0.26,HIGH,1.0,6,informational,6.6,1,dataforseo
women,affirmations for young women,50,2.8,HIGH,1.0,5,informational,6.7,1,dataforseo
women,one-word affirmations for women,50,0.12,HIGH,0.89,0,informational,7.1,2,dataforseo
women,affirmations for women in recovery,50,0.22,LOW,0.2,0,informational,7.1,1,dataforseo
women,work affirmations for women,50,0.19,HIGH,1.0,8,informational,6.5,1,dataforseo
women,affirmations for men from women,50,0.17,LOW,0.11,0,informational,7.1,1,dataforseo
women,100 affirmations for women,50,27.18,HIGH,0.7,12,informational,6.2,1,dataforseo
women,encouraging affirmations for women,50,1.43,HIGH,0.99,12,informational,6.2,1,dataforseo
women,mirror affirmations for women,50,0.42,HIGH,0.92,3,informational,6.9,1,dataforseo
women,bible verse affirmations for women,50,0.95,MEDIUM,0.55,0,informational,7.1,1,dataforseo
women,affirmations for women of god,50,0.32,HIGH,0.99,0,informational,7.1,1,dataforseo
women,short positive affirmations for women,50,2.82,HIGH,1.0,20,informational,5.7,1,dataforseo
women,positive self affirmations for women,50,2.53,HIGH,1.0,15,informational,6.0,1,dataforseo
women,weekly affirmations for women,50,0.14,HIGH,0.68,20,informational,5.7,1,dataforseo
men,positive affirmations for men pdf,50,18.02,MEDIUM,0.46,6,informational,6.6,1,dataforseo
men,powerful affirmations for men,50,0.34,MEDIUM,0.55,0,informational,7.1,1,dataforseo
men,affirmations for young men,50,0.16,HIGH,0.96,0,informational,7.1,1,dataforseo
biblical,bible affirmations for success,50,1.19,LOW,0.19,0,informational,7.1,1,dataforseo
biblical,free printable bible affirmations,50,,LOW,0.01,0,informational,7.1,1,dataforseo
chakra,what are the 7 chakra affirmations,50,0.04,HIGH,0.7,0,informational,7.1,1,dataforseo
chakra,chakra affirmations chart,50,0.14,HIGH,1.0,0,informational,7.1,1,dataforseo
sleep,positive affirmations while you sleep,50,0.68,LOW,0.12,0,informational,7.1,2,dataforseo
sleep,nighttime affirmations for sleep,50,,LOW,0.03,0,informational,7.1,1,dataforseo
work,funny daily work affirmations,50,0.83,LOW,0.29,0,informational,7.1,2,dataforseo
work,do subliminal affirmations work,50,,LOW,0.0,2,informational,6.9,1,dataforseo
work,workplace positive affirmations for work,50,0.15,MEDIUM,0.66,0,informational,7.1,1,dataforseo
work,short inappropriate daily affirmations for work,50,,LOW,0.06,0,informational,7.1,1,dataforseo
work,why do affirmations work,50,,LOW,0.0,34,informational,4.7,1,dataforseo
work,daily affirmations for work team,50,0.18,HIGH,1.0,0,informational,7.1,1,dataforseo
work,does subliminal affirmations work,50,,LOW,0.0,7,informational,6.6,1,dataforseo
love,louise hay-love affirmations,50,,LOW,0.0,0,informational,7.1,4,dataforseo
love,daily love affirmations,50,0.41,LOW,0.25,0,informational,7.1,3,dataforseo
love,affirmations for love relationships,50,,LOW,0.15,0,informational,7.1,2,dataforseo
gratitude,list of gratitude affirmations,50,29.23,MEDIUM,0.44,1,informational,7.0,2,dataforseo
gratitude,gratitude affirmations to god,50,,LOW,0.24,0,informational,7.1,2,dataforseo
healing,self-healing affirmations,50,,MEDIUM,0.59,0,informational,7.1,4,dataforseo
healing,i am healing affirmations,50,0.77,LOW,0.32,0,informational,7.1,2,dataforseo
i-am,i am daily affirmations app free,50,1.88,LOW,0.16,16,informational,5.9,1,dataforseo
i-am,i am capable affirmations,50,0.21,HIGH,0.86,6,informational,6.6,1,dataforseo
i-am,i am healed affirmations,50,0.77,LOW,0.32,0,informational,7.1,1,dataforseo
funny,funny affirmations for friends,50,20.94,LOW,0.24,0,informational,7.1,1,dataforseo
funny,funny quotes funny positive affirmations,50,0.15,HIGH,0.86,0,informational,7.1,1,dataforseo
funny,disappointing affirmations funny,50,0.16,HIGH,0.85,0,informational,7.1,1,dataforseo
funny,funny affirmations quotes,50,0.26,HIGH,1.0,0,informational,7.1,1,dataforseo
autocomplete,affirmation manifestation wallpaper desktop,50,,0,LOW,,,7.1,1,apify-autocomplete
autocomplete,affirmations about growth,50,26.74,30,LOW,,,7.1,1,apify-autocomplete
autocomplete,affirmations detroit,50,,0,LOW,,,7.1,1,apify-autocomplete
autocomplete,affirmations game,50,1.87,52,MEDIUM,,,7.1,1,apify-autocomplete
autocomplete,affirmations in a sentence,50,,1,LOW,,,7.1,1,apify-autocomplete
autocomplete,affirmations jools tv,50,,0,LOW,,,7.1,1,apify-autocomplete
autocomplete,affirmations notebook,50,0.79,100,HIGH,,,7.1,1,apify-autocomplete
autocomplete,affirmations psychology,50,0.12,6,LOW,,,7.1,1,apify-autocomplete
autocomplete,affirmations remix,50,,0,LOW,,,7.1,1,apify-autocomplete
autocomplete,affirmations to calm anxiety,50,,18,LOW,,,7.1,1,apify-autocomplete
autocomplete,affirmations to give others,50,0.31,2,LOW,,,7.1,1,apify-autocomplete
autocomplete,affirmations to tell yourself,50,0.1,90,HIGH,,,7.1,1,apify-autocomplete
autocomplete,manifestation vs affirmations,50,,0,LOW,,,7.1,2,apify-autocomplete
autocomplete,daily affirmations gif,50,,0,LOW,,,7.1,1,apify-autocomplete
autocomplete,daily affirmations health,50,0.03,24,LOW,,,7.1,1,apify-autocomplete
autocomplete,self esteem affirmations louise hay,50,,6,LOW,,,7.1,1,apify-autocomplete
morning,morning affirmations for students,40,3.32,HIGH,0.68,4,informational,6.1,1,dataforseo
morning,morning anxiety affirmations,40,13.02,LOW,0.21,4,informational,6.1,3,dataforseo
morning,the secret morning affirmations,40,,LOW,0.0,0,informational,6.3,2,dataforseo
morning,morning gratitude affirmations law of attraction,40,,LOW,0.0,0,informational,6.3,1,dataforseo
morning,morning affirmations for self-love,40,0.07,MEDIUM,0.59,14,informational,5.4,4,dataforseo
morning,boho beautiful meditation morning affirmations,40,,LOW,0.0,3,informational,6.1,1,dataforseo
morning,spiritual morning affirmations,40,0.29,HIGH,1.0,0,informational,6.3,2,dataforseo
morning,positive thinking morning affirmations,40,0.2,HIGH,1.0,15,informational,5.4,1,dataforseo
morning,honest guys morning affirmations,40,,LOW,0.0,0,informational,6.3,1,dataforseo
morning,morning prayer affirmations,40,,LOW,0.04,5,informational,6.0,2,dataforseo
morning,morning affirmations meaning,40,,LOW,0.0,45,informational,3.5,1,dataforseo
morning,positive morning affirmations for women,40,5.75,HIGH,0.95,12,informational,5.6,1,dataforseo
morning,morning money affirmations,40,,LOW,0.0,3,informational,6.1,1,dataforseo
morning,morning abundance affirmations,40,,LOW,0.08,9,informational,5.8,3,dataforseo
morning,sandeep maheshwari morning affirmations,40,,LOW,0.0,9,informational,5.8,1,dataforseo
anxiety,positive affirmations for anxiety relief,40,0.15,MEDIUM,0.59,10,informational,5.7,1,dataforseo
anxiety,affirmations for test anxiety,40,,LOW,0.01,0,informational,6.3,1,dataforseo
anxiety,sleep anxiety affirmations,40,,LOW,0.1,0,informational,6.3,3,dataforseo
confidence,confidence booster affirmations,40,,LOW,0.21,12,informational,5.6,1,dataforseo
confidence,confidence boosting affirmations,40,,LOW,0.21,12,informational,5.6,1,dataforseo
confidence,confidence affirmations for men,40,,MEDIUM,0.53,0,informational,6.3,1,dataforseo
self-love,best affirmations for self-love,40,0.05,MEDIUM,0.37,0,informational,6.3,2,dataforseo
self-love,youtube self love affirmations,40,,LOW,0.0,12,informational,5.6,3,dataforseo
self-love,self-love and attracting love affirmations,40,,LOW,0.01,0,informational,6.3,2,dataforseo
self-love,self-love affirmations wallpaper,40,0.11,HIGH,0.99,0,informational,6.3,2,dataforseo
money,111 money affirmations,40,,LOW,0.04,0,informational,6.3,1,dataforseo
money,money affirmations that work fast,40,,MEDIUM,0.6,0,informational,6.3,1,dataforseo
money,i am money affirmations,40,,LOW,0.21,0,informational,6.3,2,dataforseo
money,florence scovel shinn money affirmations,40,,LOW,0.03,0,informational,6.3,2,dataforseo
money,money success affirmations,40,0.09,LOW,0.25,0,informational,6.3,4,dataforseo
money,law of attraction for money affirmations,40,,LOW,0.17,2,informational,6.2,4,dataforseo
money,loa money affirmations,40,,LOW,0.17,0,informational,6.3,1,dataforseo
money,gratitude money affirmations,40,,HIGH,0.83,0,informational,6.3,2,dataforseo
abundance,manifest abundance affirmations,40,,MEDIUM,0.66,3,informational,6.1,1,dataforseo
abundance,louise hay abundance affirmations,40,,LOW,0.06,0,informational,6.3,4,dataforseo
abundance,manifesting abundance affirmations,40,,MEDIUM,0.66,3,informational,6.1,2,dataforseo
manifestation,369 manifestation affirmations examples,40,,LOW,0.01,0,informational,6.3,1,dataforseo
manifestation,job manifestation affirmations,40,,LOW,0.03,0,informational,6.3,1,dataforseo
women,short daily affirmations for women,40,0.09,HIGH,0.91,22,informational,4.9,1,dataforseo
women,catholic affirmations for women,40,0.08,MEDIUM,0.5,0,informational,6.3,1,dataforseo
women,daily affirmations for women book,40,0.93,HIGH,0.99,0,informational,6.3,2,dataforseo
women,free daily affirmations for women,40,7.48,MEDIUM,0.36,25,informational,4.7,1,dataforseo
women,uplifting affirmations for women,40,0.18,HIGH,1.0,13,informational,5.5,1,dataforseo
women,self-care affirmations for women,40,2.83,HIGH,1.0,20,informational,5.1,2,dataforseo
women,powerful daily affirmations for women,40,20.65,HIGH,0.86,20,informational,5.1,1,dataforseo
women,self-worth affirmations for women,40,80.96,MEDIUM,0.61,16,informational,5.3,2,dataforseo
women,night affirmations for women,40,,LOW,0.0,0,informational,6.3,1,dataforseo
women,thursday affirmations for women,40,0.1,HIGH,0.91,4,informational,6.1,1,dataforseo
women,positive affirmations for women youtube,40,,LOW,0.0,20,navigational,5.1,2,dataforseo
women,black affirmations for women,40,0.16,HIGH,0.81,0,informational,6.3,1,dataforseo
women,inspirational affirmations for women,40,6.59,HIGH,1.0,15,informational,5.4,1,dataforseo
women,healing affirmations for women,40,3.89,HIGH,0.69,7,informational,5.9,1,dataforseo
men,self affirmations for men,40,5.98,MEDIUM,0.61,8,informational,5.8,1,dataforseo
men,godly affirmations for men,40,0.37,MEDIUM,0.37,0,informational,6.3,1,dataforseo
men,positive affirmations for young men,40,0.03,HIGH,1.0,2,informational,6.2,1,dataforseo
biblical,motivation positive bible affirmations,40,0.2,HIGH,1.0,0,informational,6.3,1,dataforseo
christian,i am christian affirmations,40,2.29,HIGH,0.96,0,informational,6.3,3,dataforseo
christian,youtube christian affirmations,40,,LOW,0.0,2,informational,6.2,2,dataforseo
chakra,affirmations chakra mantras,40,0.11,HIGH,1.0,0,informational,6.3,1,dataforseo
chakra,chakra affirmations list,40,0.1,HIGH,0.98,0,informational,6.3,1,dataforseo
chakra,solar plexus chakra positive affirmations,40,0.22,LOW,0.11,0,informational,6.3,2,dataforseo
sleep,youtube sleep affirmations,40,,LOW,0.02,1,informational,6.3,2,dataforseo
sleep,sleep hypnosis positive affirmations,40,,LOW,0.01,1,informational,6.3,3,dataforseo
sleep,do sleep affirmations work,40,,LOW,0.0,0,informational,6.3,1,dataforseo
sleep,does sleep affirmations work,40,,LOW,0.0,0,informational,6.3,1,dataforseo
sleep,best sleep affirmations,40,,LOW,0.04,0,informational,6.3,2,dataforseo
sleep,i am sleep affirmations,40,,LOW,0.02,0,informational,6.3,2,dataforseo
sleep,subliminal sleep affirmations,40,,LOW,0.0,0,informational,6.3,3,dataforseo
work,sp affirmations that work fast,40,,LOW,0.0,0,informational,6.3,1,dataforseo
work,do affirmations work reddit,40,,LOW,0.0,0,informational,6.3,1,dataforseo
work,love affirmations that work fast,40,,LOW,0.01,0,informational,6.3,1,dataforseo
work,motivation positive affirmations for work,40,0.02,HIGH,1.0,8,informational,5.8,1,dataforseo
work,do self affirmations work,40,,LOW,0.0,35,informational,4.1,1,dataforseo
work,does affirmations work reddit,40,,LOW,0.0,0,informational,6.3,1,dataforseo
healing,spiritual healing affirmations,40,,LOW,0.17,10,informational,5.7,4,dataforseo
healing,daily healing affirmations,40,,MEDIUM,0.45,6,informational,5.9,3,dataforseo
healing,affirmations for healing someone else,40,,LOW,0.0,0,informational,6.3,1,dataforseo
healing,affirmations for healing illness,40,0.4,LOW,0.1,0,informational,6.3,1,dataforseo
spiritual,spiritual growth affirmations,40,,LOW,0.11,0,informational,6.3,2,dataforseo
spiritual,spiritual i am affirmations,40,0.2,HIGH,1.0,0,informational,6.3,2,dataforseo
i-am,i am affirmations for success wealth and happiness,40,0.03,LOW,0.28,7,informational,5.9,1,dataforseo
i-am,i am confident affirmations,40,,LOW,0.32,9,informational,5.8,1,dataforseo
i-am,i am successful affirmations,40,0.1,HIGH,0.81,17,informational,5.2,1,dataforseo
i-am,i am smart affirmations,40,,HIGH,0.79,2,informational,6.2,1,dataforseo
i-am,i am success affirmations,40,0.1,HIGH,0.81,3,informational,6.1,2,dataforseo
i-am,i am affirmations 8 hours,40,,LOW,0.0,0,informational,6.3,1,dataforseo
funny,funny positive affirmations to give others,40,0.15,MEDIUM,0.47,0,informational,6.3,1,dataforseo
funny,funny affirmations for others,40,0.18,LOW,0.18,0,informational,6.3,1,dataforseo
funny,funny birth affirmations,40,,MEDIUM,0.57,0,informational,6.3,1,dataforseo
funny,tuesday affirmations funny,40,0.56,LOW,0.16,0,informational,6.3,1,dataforseo
autocomplete,affirmations in cursive,40,,10,LOW,,,6.3,1,apify-autocomplete
autocomplete,affirmations lavendaire,40,,0,LOW,,,6.3,1,apify-autocomplete
autocomplete,affirmations pronunciation,40,,0,LOW,,,6.3,1,apify-autocomplete
autocomplete,affirmations to help with anxiety,40,14.96,16,LOW,,,6.3,1,apify-autocomplete
autocomplete,affirmations to reduce anxiety,40,31.34,15,LOW,,,6.3,1,apify-autocomplete
autocomplete,affirmations yogananda,40,,5,LOW,,,6.3,1,apify-autocomplete
autocomplete,affirmations you are,40,0.05,100,HIGH,,,6.3,1,apify-autocomplete
autocomplete,daily affirmations email,40,2.26,16,LOW,,,6.3,1,apify-autocomplete
autocomplete,daily affirmations in spanish,40,0.02,41,MEDIUM,,,6.3,1,apify-autocomplete
autocomplete,daily affirmations juvenile,40,0.56,7,LOW,,,6.3,1,apify-autocomplete
autocomplete,daily affirmations relationship affirmations,40,,29,LOW,,,6.3,1,apify-autocomplete
autocomplete,daily affirmations website,40,2.48,6,LOW,,,6.3,1,apify-autocomplete
morning,positive morning affirmations for him,30,25.85,MEDIUM,0.49,4,informational,5.3,1,dataforseo
morning,morning motivation affirmations,30,,MEDIUM,0.47,12,informational,4.8,1,dataforseo
morning,good morning affirmations for friends,30,0.03,MEDIUM,0.56,0,informational,5.5,1,dataforseo
morning,what are morning affirmations,30,,LOW,0.13,8,informational,5.0,1,dataforseo
morning,morning affirmations songs,30,,LOW,0.01,0,informational,5.5,2,dataforseo
morning,jason stephenson morning affirmations,30,,LOW,0.0,11,informational,4.9,1,dataforseo
morning,bruce lee morning affirmations,30,,LOW,0.0,,informational,5.5,1,dataforseo
morning,good morning wednesday affirmations,30,,LOW,0.0,0,informational,5.5,1,dataforseo
morning,youtube louise hay morning affirmations,30,,LOW,0.0,0,informational,5.5,1,dataforseo
morning,buddhist morning affirmations,30,,LOW,0.01,,informational,5.5,1,dataforseo
morning,5 buddhist morning affirmations,30,0.12,LOW,0.16,,informational,5.5,1,dataforseo
morning,miracle morning weight loss affirmations,30,,LOW,0.0,0,informational,5.5,1,dataforseo
anxiety,bible affirmations for anxiety,30,,HIGH,0.79,0,informational,5.5,1,dataforseo
anxiety,biblical affirmations for anxiety,30,,HIGH,0.79,0,informational,5.5,1,dataforseo
anxiety,best affirmations for anxiety,30,0.1,LOW,0.28,18,informational,4.5,1,dataforseo
anxiety,affirmations for moms with anxiety,30,0.82,HIGH,0.79,0,informational,5.5,1,dataforseo
anxiety,affirmations for anxiety and fear,30,2.98,LOW,0.12,11,informational,4.9,2,dataforseo
anxiety,daily affirmations positive affirmations for anxiety,30,,MEDIUM,0.5,15,informational,4.7,1,dataforseo
anxiety,affirmations for work anxiety,30,,LOW,0.22,10,informational,4.9,1,dataforseo
anxiety,positive affirmations for health anxiety,30,0.61,LOW,0.26,5,informational,5.2,1,dataforseo
anxiety,good affirmations for anxiety,30,0.1,LOW,0.28,11,informational,4.9,1,dataforseo
confidence,courage and confidence affirmations,30,11.06,MEDIUM,0.49,5,informational,5.2,2,dataforseo
confidence,positive affirmations for work confidence,30,18.24,HIGH,0.83,3,informational,5.3,1,dataforseo
confidence,daily affirmations for self-confidence,30,0.16,HIGH,0.94,13,informational,4.8,2,dataforseo
self-love,self-love affirmations pdf,30,,LOW,0.02,0,informational,5.5,2,dataforseo
self-love,short self-love affirmations,30,0.45,HIGH,0.83,44,informational,3.1,5,dataforseo
self-love,night affirmations for self-love,30,0.04,LOW,0.03,0,informational,5.5,2,dataforseo
self-love,self-love manifestation affirmations,30,160.49,HIGH,0.84,12,informational,4.8,3,dataforseo
self-love,guided affirmations for self love,30,,LOW,0.0,,informational,5.5,1,dataforseo
self-love,sleep self love affirmations,30,,LOW,0.0,0,informational,5.5,2,dataforseo
money,money affirmations song,30,,LOW,0.0,0,informational,5.5,2,dataforseo
money,money making affirmations,30,,LOW,0.03,0,informational,5.5,2,dataforseo
money,money affirmations that work immediately,30,7.52,LOW,0.04,0,informational,5.5,1,dataforseo
money,neville goddard money affirmations,30,,LOW,0.0,0,informational,5.5,1,dataforseo
money,money mantra affirmations,30,,LOW,0.02,1,informational,5.4,1,dataforseo
money,money comes to me easily affirmations,30,,LOW,0.01,0,informational,5.5,1,dataforseo
money,robotic affirmations for money,30,,LOW,0.0,0,informational,5.5,1,dataforseo
money,money comes to me affirmations,30,,LOW,0.0,0,informational,5.5,1,dataforseo
money,i am rich money affirmations listen before you sleep,30,,LOW,0.0,2,informational,5.4,1,dataforseo
money,positive affirmations for manifesting money,30,,LOW,0.03,0,informational,5.5,1,dataforseo
money,full moon money affirmations,30,,LOW,0.0,0,informational,5.5,2,dataforseo
abundance,abundance affirmations list,30,0.16,MEDIUM,0.35,,informational,5.5,1,dataforseo
abundance,abundance mindset affirmations,30,0.05,LOW,0.18,0,informational,5.5,2,dataforseo
abundance,positive affirmations for financial abundance,30,0.16,LOW,0.09,8,informational,5.0,2,dataforseo
abundance,abundance quotes and affirmations,30,7.43,MEDIUM,0.6,44,informational,3.1,2,dataforseo
abundance,abundance sleep affirmations,30,,LOW,0.0,5,informational,5.2,4,dataforseo
manifestation,sex manifestation affirmations,30,,LOW,0.0,0,informational,5.5,1,dataforseo
manifestation,marriage manifestation affirmations,30,,LOW,0.26,0,informational,5.5,1,dataforseo
manifestation,beauty manifestation affirmations,30,,HIGH,0.75,9,informational,5.0,1,dataforseo
manifestation,water manifestation affirmations,30,,LOW,0.0,0,informational,5.5,1,dataforseo
manifestation,weight loss manifestation affirmations,30,,LOW,0.02,0,informational,5.5,1,dataforseo
manifestation,wealth manifestation affirmations,30,0.51,MEDIUM,0.35,0,informational,5.5,2,dataforseo
manifestation,relationship manifestation affirmations,30,,LOW,0.0,0,informational,5.5,2,dataforseo
manifestation,how to write affirmations for manifestation examples,30,,MEDIUM,0.4,0,informational,5.5,1,dataforseo
manifestation,most powerful manifestation affirmations,30,,LOW,0.31,0,informational,5.5,2,dataforseo
women,affirmations for african american women,30,,MEDIUM,0.45,0,informational,5.5,1,dataforseo
women,strength affirmations for women,30,0.12,HIGH,0.9,10,informational,4.9,1,dataforseo
women,bedtime affirmations for women,30,,LOW,0.02,,informational,5.5,1,dataforseo
women,night time affirmations for women,30,,LOW,0.0,0,informational,5.5,1,dataforseo
women,daily christian affirmations for women,30,0.67,HIGH,0.84,0,informational,5.5,2,dataforseo
women,best daily affirmations for women,30,0.02,HIGH,0.94,21,informational,4.3,1,dataforseo
women,positive affirmations for young women,30,1.81,HIGH,0.92,15,informational,4.7,1,dataforseo
women,biblical affirmations for women pdf,30,9.35,HIGH,0.9,0,informational,5.5,1,dataforseo
women,daily affirmations cards for women,30,1.02,HIGH,1.0,0,informational,5.5,1,dataforseo
women,positive biblical affirmations for women,30,0.2,HIGH,1.0,0,informational,5.5,1,dataforseo
women,positive affirmations list for women,30,0.07,HIGH,0.99,24,informational,4.2,2,dataforseo
women,weight loss affirmations for women,30,0.04,LOW,0.27,0,informational,5.5,1,dataforseo
women,personal affirmations for women,30,0.03,HIGH,0.97,12,informational,4.8,1,dataforseo
women,affirmations from the bible for women,30,,HIGH,0.69,,informational,5.5,1,dataforseo
women,evening affirmations for women,30,,LOW,0.03,0,informational,5.5,1,dataforseo
women,365 daily affirmations for women,30,21.67,HIGH,0.75,,informational,5.5,1,dataforseo
women,strong affirmations for women,30,0.28,HIGH,0.85,15,informational,4.7,2,dataforseo
women,beauty affirmations for women,30,,MEDIUM,0.39,10,informational,4.9,1,dataforseo
women,beautiful affirmations for women,30,7.57,HIGH,0.95,10,informational,4.9,1,dataforseo
women,positive affirmations for women book,30,1.0,HIGH,1.0,0,transactional,5.5,1,dataforseo
men,positive affirmations for men success,30,19.09,MEDIUM,0.45,,informational,5.5,1,dataforseo
men,funny affirmations for men,30,,LOW,0.15,0,informational,5.5,1,dataforseo
biblical,prosperity affirmations bible,30,,LOW,0.1,0,informational,5.5,1,dataforseo
biblical,bible verses for daily affirmations,30,18.14,LOW,0.23,0,informational,5.5,4,dataforseo
biblical,bible based affirmations,30,0.08,MEDIUM,0.4,1,informational,5.4,1,dataforseo
christian,christian healing affirmations,30,0.16,MEDIUM,0.43,0,informational,5.5,3,dataforseo
christian,christian hypnobirthing affirmations,30,0.02,HIGH,0.73,0,informational,5.5,1,dataforseo
christian,christian wealth affirmations,30,,LOW,0.02,0,informational,5.5,1,dataforseo
chakra,chakra healing affirmations,30,0.03,HIGH,1.0,0,informational,5.5,5,dataforseo
chakra,chakra affirmations pdf,30,0.18,HIGH,0.86,0,informational,5.5,1,dataforseo
chakra,all chakra affirmations,30,0.1,MEDIUM,0.61,2,informational,5.4,1,dataforseo
chakra,solar chakra affirmations,30,,MEDIUM,0.4,0,informational,5.5,1,dataforseo
chakra,7 chakra affirmations i am i feel,30,0.13,HIGH,0.81,0,informational,5.5,1,dataforseo
chakra,3rd eye chakra affirmations,30,,LOW,0.0,0,informational,5.5,2,dataforseo
sleep,positive sleep affirmations female voice,30,,LOW,0.0,6,informational,5.1,1,dataforseo
sleep,sleep affirmations for positive thinking,30,,LOW,0.1,2,informational,5.4,1,dataforseo
sleep,bob baker sleep affirmations,30,,,,0,informational,5.5,1,dataforseo
sleep,sleep affirmations for success,30,,LOW,0.05,0,informational,5.5,1,dataforseo
sleep,bedtime affirmations for sleep,30,,LOW,0.01,0,informational,5.5,1,dataforseo
sleep,sleep affirmations no ads,30,,LOW,0.06,9,informational,5.0,1,dataforseo
work,shadow work affirmations,30,,MEDIUM,0.35,0,informational,5.5,1,dataforseo
work,does listening to affirmations work,30,,LOW,0.0,16,informational,4.6,1,dataforseo
work,how does positive affirmations work,30,,LOW,0.01,49,informational,2.8,1,dataforseo
work,positive affirmations for work printable,30,0.08,MEDIUM,0.66,0,informational,5.5,1,dataforseo
work,work stress affirmations,30,0.14,MEDIUM,0.43,1,informational,5.4,2,dataforseo
work,how do positive affirmations work,30,,LOW,0.01,45,informational,3.0,1,dataforseo
work,monday affirmations for work funny,30,,LOW,0.0,0,informational,5.5,1,dataforseo
work,does listening to positive affirmations while sleeping work,30,,LOW,0.0,0,informational,5.5,1,dataforseo
work,hard work affirmations,30,0.28,HIGH,0.82,0,informational,5.5,2,dataforseo
work,positive affirmations for others at work,30,,LOW,0.04,0,informational,5.5,1,dataforseo
work,what are affirmations and how do they work,30,0.46,LOW,0.06,48,informational,2.8,1,dataforseo
work,do affirmations actually work,30,,LOW,0.0,19,informational,4.4,1,dataforseo
work,how long does it take for affirmations to work,30,,LOW,0.0,0,informational,5.5,1,dataforseo
work,do listening to affirmations work,30,,LOW,0.0,9,informational,5.0,1,dataforseo
work,motivational affirmations for work,30,,HIGH,1.0,2,informational,5.4,1,dataforseo
work,good morning affirmations for work,30,,LOW,0.17,17,informational,4.5,1,dataforseo
gratitude,short gratitude affirmations,30,,MEDIUM,0.48,4,informational,5.3,1,dataforseo
gratitude,gratitude night affirmations,30,,LOW,0.0,0,informational,5.5,3,dataforseo
gratitude,gratitude affirmations quotes,30,0.04,HIGH,0.88,4,informational,5.3,2,dataforseo
gratitude,self worth gratitude affirmations,30,0.2,HIGH,0.76,4,informational,5.3,1,dataforseo
gratitude,louise hay gratitude affirmations,30,,LOW,0.18,3,informational,5.3,2,dataforseo
gratitude,100 gratitude affirmations,30,0.28,MEDIUM,0.55,,informational,5.5,1,dataforseo
gratitude,gratitude affirmations for manifesting,30,,LOW,0.09,8,informational,5.0,1,dataforseo
gratitude,bob baker gratitude affirmations,30,,LOW,0.0,6,informational,5.1,1,dataforseo
gratitude,affirmations about gratitude,30,0.05,MEDIUM,0.35,5,informational,5.2,1,dataforseo
healing,joseph murphy healing affirmations,30,0.15,HIGH,0.83,0,informational,5.5,2,dataforseo
healing,scientific healing affirmations by paramahansa yogananda,30,2.94,HIGH,0.79,0,informational,5.5,1,dataforseo
healing,healing relationship affirmations,30,0.14,HIGH,0.95,0,informational,5.5,1,dataforseo
healing,paramahansa yogananda scientific healing affirmations,30,2.94,HIGH,0.79,0,informational,5.5,2,dataforseo
healing,physical healing affirmations,30,0.82,LOW,0.28,0,informational,5.5,2,dataforseo
healing,15 health healing affirmations,30,0.11,LOW,0.04,0,informational,5.5,2,dataforseo
healing,scientific healing affirmations pdf,30,0.07,LOW,0.28,0,informational,5.5,1,dataforseo
healing,positive affirmations for healing trauma,30,,LOW,0.32,0,informational,5.5,1,dataforseo
spiritual,free daily spiritual affirmations,30,1.75,LOW,0.21,18,informational,4.5,1,dataforseo
spiritual,spiritual protection affirmations,30,,LOW,0.0,0,informational,5.5,2,dataforseo
spiritual,spiritual bedtime affirmations,30,0.09,HIGH,0.77,0,informational,5.5,1,dataforseo
i-am,wayne dyer i am affirmations,30,,LOW,0.0,1,informational,5.4,2,dataforseo
i-am,wayne dyer i am that i am affirmations,30,,LOW,0.0,0,informational,5.5,1,dataforseo
i-am,i am a millionaire affirmations,30,,MEDIUM,0.65,0,informational,5.5,1,dataforseo
i-am,i am blessed affirmations,30,0.07,MEDIUM,0.51,0,informational,5.5,1,dataforseo
i-am,i am affirmations lavendaire,30,,LOW,0.0,24,informational,4.2,1,dataforseo
i-am,jason stephenson i am affirmations,30,,LOW,0.0,6,informational,5.1,2,dataforseo
i-am,i am the prize affirmations,30,,LOW,0.0,0,informational,5.5,1,dataforseo
i-am,i am positive affirmations list,30,0.1,HIGH,0.96,37,informational,3.5,1,dataforseo
i-am,i am a warrior affirmations,30,,LOW,0.0,0,informational,5.5,1,dataforseo
i-am,best i am affirmations,30,0.05,MEDIUM,0.55,32,informational,3.7,2,dataforseo
i-am,i am affirmations for resilience,30,0.59,HIGH,0.68,0,informational,5.5,1,dataforseo
i-am,i am daily affirmations app cost,30,,LOW,0.0,18,informational,4.5,1,dataforseo
i-am,god says i am affirmations,30,0.23,HIGH,1.0,0,informational,5.5,1,dataforseo
i-am,i am in christ affirmations,30,0.86,HIGH,0.77,0,informational,5.5,2,dataforseo
i-am,i am scripture affirmations,30,15.67,HIGH,1.0,0,informational,5.5,1,dataforseo
i-am,i am affirmations pdf,30,,LOW,0.26,0,informational,5.5,1,dataforseo
i-am,i am good enough affirmations,30,0.15,HIGH,0.98,11,informational,4.9,1,dataforseo
i-am,i am worthy of love affirmations,30,,MEDIUM,0.61,5,informational,5.2,1,dataforseo
i-am,i am god affirmations,30,,LOW,0.11,3,informational,5.3,1,dataforseo
short,short positive affirmations for teachers,30,0.17,HIGH,0.89,0,informational,5.5,1,dataforseo
short,short affirmations for students,30,0.14,HIGH,0.97,11,informational,4.9,1,dataforseo
short,short positive affirmations for students,30,0.13,HIGH,1.0,4,informational,5.3,1,dataforseo
funny,funny monday affirmations,30,,LOW,0.0,0,informational,5.5,1,dataforseo
funny,funny thursday affirmations,30,,LOW,0.03,0,informational,5.5,2,dataforseo
funny,funny positive affirmations meme,30,,LOW,0.0,0,informational,5.5,1,dataforseo
funny,funny wednesday affirmations,30,,LOW,0.0,0,informational,5.5,2,dataforseo
autocomplete,affirmations before a test,30,,5,LOW,,,5.5,1,apify-autocomplete
autocomplete,affirmations before job interview,30,,0,LOW,,,5.5,1,apify-autocomplete
autocomplete,affirmations coloring sheets,30,0.13,25,LOW,,,5.5,1,apify-autocomplete
autocomplete,affirmations for 10 year olds,30,0.15,61,MEDIUM,,,5.5,1,apify-autocomplete
autocomplete,affirmations hypnosis,30,1.72,4,LOW,,,5.5,1,apify-autocomplete
autocomplete,affirmations rap,30,,0,LOW,,,5.5,1,apify-autocomplete
autocomplete,affirmations results,30,,0,LOW,,,5.5,1,apify-autocomplete
autocomplete,affirmations to fall asleep to,30,,3,LOW,,,5.5,1,apify-autocomplete
autocomplete,daily affirmations calendar 2026,30,0.49,95,HIGH,,,5.5,1,apify-autocomplete
autocomplete,daily affirmations desk calendar,30,0.41,100,HIGH,,,5.5,1,apify-autocomplete
autocomplete,daily affirmations glorilla,30,,7,LOW,,,5.5,1,apify-autocomplete
autocomplete,daily affirmations jar,30,0.32,100,HIGH,,,5.5,1,apify-autocomplete
autocomplete,daily affirmations of faith,30,0.22,90,HIGH,,,5.5,1,apify-autocomplete
autocomplete,daily affirmations pdf,30,19.52,54,MEDIUM,,,5.5,1,apify-autocomplete
autocomplete,daily affirmations to start the day,30,15.1,89,HIGH,,,5.5,1,apify-autocomplete
autocomplete,wealth affirmations louise hay,30,,0,LOW,,,5.5,1,apify-autocomplete
autocomplete,zen affirmations,30,0.47,20,LOW,,,5.5,1,apify-autocomplete
autocomplete,zodiac affirmations,30,,11,LOW,,,5.5,1,apify-autocomplete
anxiety,positive affirmations for anxiety pdf,20,,LOW,0.01,0,informational,4.5,1,dataforseo
anxiety,positive affirmations for test anxiety,20,0.03,MEDIUM,0.36,36,informational,2.9,1,dataforseo
anxiety,peaceful affirmations for anxiety,20,,LOW,0.03,23,informational,3.4,1,dataforseo
anxiety,affirmations for relationship anxiety,20,,LOW,0.05,0,informational,4.5,1,dataforseo
anxiety,pregnancy affirmations for anxiety,20,,LOW,0.32,0,informational,4.5,2,dataforseo
anxiety,buddhist affirmations for anxiety,20,,LOW,0.01,,informational,4.5,1,dataforseo
anxiety,peace affirmations for anxiety,20,2.09,MEDIUM,0.39,23,informational,3.4,1,dataforseo
anxiety,self worth positive affirmations for anxiety,20,0.14,HIGH,0.75,16,informational,3.8,1,dataforseo
anxiety,daily affirmations for anxiety and depression,20,,LOW,0.19,,informational,4.5,2,dataforseo
anxiety,daily affirmations for women with anxiety,20,,LOW,0.07,,informational,4.5,1,dataforseo
anxiety,affirmations for anxiety relief,20,1.03,MEDIUM,0.62,15,informational,3.8,1,dataforseo
anxiety,affirmations for people with anxiety,20,29.27,LOW,0.21,,informational,4.5,1,dataforseo
anxiety,positive affirmations for sleep anxiety,20,,LOW,0.31,0,informational,4.5,1,dataforseo
anxiety,bedtime affirmations for anxiety,20,,LOW,0.02,0,informational,4.5,1,dataforseo
anxiety,grounding affirmations for anxiety,20,,LOW,0.06,19,informational,3.6,1,dataforseo
confidence,sex confidence affirmations,20,,LOW,0.0,0,informational,4.5,1,dataforseo
confidence,best confidence affirmations,20,0.03,MEDIUM,0.44,13,informational,3.9,2,dataforseo
confidence,confidence building affirmations,20,0.05,LOW,0.09,10,informational,4.0,2,dataforseo
confidence,affirmations for positive thinking confidence and success,20,0.12,LOW,0.21,8,informational,4.1,1,dataforseo
confidence,morning affirmations for confidence,20,0.26,LOW,0.26,13,informational,3.9,1,dataforseo
confidence,affirmations for self-worth and confidence,20,0.08,HIGH,0.71,48,informational,2.3,2,dataforseo
confidence,sexual confidence affirmations,20,,LOW,0.0,0,informational,4.5,2,dataforseo
confidence,confidence beauty affirmations,20,0.25,LOW,0.08,11,informational,4.0,3,dataforseo
confidence,extreme confidence affirmations,20,,LOW,0.0,0,informational,4.5,1,dataforseo
confidence,great affirmations for confidence,20,0.03,MEDIUM,0.44,3,informational,4.3,1,dataforseo
confidence,positive affirmations to build confidence,20,,MEDIUM,0.33,32,informational,3.0,1,dataforseo
confidence,subliminal confidence affirmations,20,,LOW,0.0,,informational,4.5,4,dataforseo
confidence,youtube confidence affirmations,20,,LOW,0.0,20,informational,3.6,2,dataforseo
confidence,affirmations for confidence at work,20,,LOW,0.07,0,informational,4.5,1,dataforseo
confidence,self-confidence affirmations for women,20,0.03,HIGH,0.93,,informational,4.5,2,dataforseo
self-love,self love affirmations aesthetic,20,0.17,MEDIUM,0.44,8,informational,4.1,1,dataforseo
self-love,self-love affirmations list,20,,LOW,0.0,2,informational,4.4,2,dataforseo
self-love,what are some affirmations for self love,20,,HIGH,0.83,31,informational,3.1,1,dataforseo
self-love,printable self-love affirmations,20,0.04,HIGH,1.0,0,informational,4.5,2,dataforseo
self-love,positive affirmations for women self-love,20,0.02,HIGH,0.96,34,informational,3.0,2,dataforseo
self-love,self-love and acceptance affirmations,20,14.24,HIGH,0.78,37,informational,2.8,2,dataforseo
self-love,heart chakra affirmations for self-love,20,,LOW,0.25,,informational,4.5,2,dataforseo
self-love,positive affirmations quotes for self-love,20,0.06,HIGH,0.93,12,informational,3.9,2,dataforseo
self-love,good daily affirmations for self love,20,0.03,MEDIUM,0.34,,informational,4.5,1,dataforseo
self-love,self love weight loss affirmations,20,0.38,MEDIUM,0.54,,informational,4.5,1,dataforseo
self-love,self love affirmations pinterest,20,,LOW,0.0,0,informational,4.5,1,dataforseo
money,100 money affirmations,20,,LOW,0.17,13,informational,3.9,1,dataforseo
money,rev ike money affirmations,20,,LOW,0.04,0,informational,4.5,1,dataforseo
money,money affirmations list,20,,LOW,0.29,0,informational,4.5,1,dataforseo
money,subliminal affirmations for money,20,,LOW,0.0,22,informational,3.5,1,dataforseo
abundance,abundance gratitude affirmations,20,,LOW,0.13,33,informational,3.0,3,dataforseo
abundance,positive affirmations for abundance and happiness,20,,LOW,0.09,4,informational,4.3,1,dataforseo
manifestation,business manifestation affirmations,20,,MEDIUM,0.5,0,informational,4.5,1,dataforseo
manifestation,full moon manifestation affirmations,20,,LOW,0.0,0,informational,4.5,1,dataforseo
manifestation,healing manifestation affirmations,20,,MEDIUM,0.44,3,informational,4.3,1,dataforseo
manifestation,car manifestation affirmations,20,,LOW,0.05,0,informational,4.5,1,dataforseo
manifestation,family manifestation affirmations,20,0.01,HIGH,1.0,,informational,4.5,1,dataforseo
manifestation,i am affirmations for manifestation,20,0.02,MEDIUM,0.35,3,informational,4.3,1,dataforseo
manifestation,affirmations manifestation quotes,20,,LOW,0.0,5,informational,4.2,1,dataforseo
manifestation,law of attraction manifestation affirmations,20,,LOW,0.0,0,informational,4.5,1,dataforseo
manifestation,success manifestation affirmations,20,,LOW,0.27,5,informational,4.2,2,dataforseo
manifestation,bay leaf manifestation affirmations,20,,LOW,0.0,,informational,4.5,1,dataforseo
manifestation,husband manifestation affirmations,20,,LOW,0.0,0,informational,4.5,1,dataforseo
manifestation,cinnamon manifestation affirmations,20,,LOW,0.0,,informational,4.5,1,dataforseo
manifestation,sp manifestation affirmations,20,,LOW,0.0,0,informational,4.5,1,dataforseo
women,positive affirmations for women wallpaper,20,0.24,HIGH,0.73,0,informational,4.5,1,dataforseo
women,positive affirmations in spanish for women,20,0.04,HIGH,0.78,,informational,4.5,1,dataforseo
women,affirmations for women who do too much,20,8.57,HIGH,0.75,,informational,4.5,1,dataforseo
women,daily affirmations for women app free,20,1.69,MEDIUM,0.54,15,transactional,3.8,1,dataforseo
women,youtube affirmations for women,20,,LOW,0.0,25,informational,3.4,1,dataforseo
women,10 positive affirmations for women,20,11.01,HIGH,0.87,,informational,4.5,1,dataforseo
women,daily morning affirmations for women,20,1.81,HIGH,1.0,,informational,4.5,1,dataforseo
women,positive affirmations for women printable,20,16.28,HIGH,1.0,0,informational,4.5,1,dataforseo
men,positive self affirmations for men,20,14.25,HIGH,0.79,,informational,4.5,1,dataforseo
men,sexual affirmations for men,20,,LOW,0.0,0,informational,4.5,1,dataforseo
men,black affirmations for men,20,7.11,HIGH,0.88,,informational,4.5,1,dataforseo
men,daily affirmations for men app,20,2.15,MEDIUM,0.5,17,navigational,3.7,1,dataforseo
men,encouraging affirmations for men,20,0.06,MEDIUM,0.63,10,informational,4.0,1,dataforseo
men,positive affirmations for men in recovery,20,,LOW,0.22,,informational,4.5,1,dataforseo
men,positive morning affirmations for men,20,,LOW,0.18,,informational,4.5,1,dataforseo
men,short affirmations for men,20,,HIGH,1.0,,informational,4.5,1,dataforseo
men,affirmations for men with low self-esteem,20,,HIGH,0.73,,informational,4.5,1,dataforseo
men,asmr #affirmations for men,20,,LOW,0.0,,informational,4.5,2,dataforseo
men,positive thinking affirmations for men,20,0.1,HIGH,1.0,12,informational,3.9,1,dataforseo
men,positive affirmations for men to start the day,20,64.21,MEDIUM,0.65,,informational,4.5,1,dataforseo
men,list of affirmations for men,20,,MEDIUM,0.45,,informational,4.5,1,dataforseo
men,daily affirmations for young men,20,0.12,HIGH,0.7,,informational,4.5,1,dataforseo
men,daily affirmations for men book,20,0.51,HIGH,0.92,0,informational,4.5,1,dataforseo
biblical,bible affirmations pdf,20,0.45,HIGH,0.67,0,informational,4.5,1,dataforseo
biblical,positive bible affirmations for women,20,,HIGH,1.0,,informational,4.5,1,dataforseo
biblical,printable i am affirmations from the bible,20,0.07,HIGH,1.0,0,informational,4.5,1,dataforseo
biblical,bible affirmations app,20,1.34,LOW,0.18,52,informational,2.1,1,dataforseo
biblical,affirmations with bible verses,20,0.07,HIGH,0.89,2,informational,4.4,1,dataforseo
biblical,365 bible affirmations for women,20,0.9,HIGH,0.83,,informational,4.5,1,dataforseo
christian,christian sleep affirmations,20,,LOW,0.0,0,informational,4.5,3,dataforseo
christian,christian birth affirmations for labor,20,0.13,HIGH,0.84,,informational,4.5,1,dataforseo
christian,christian birthing affirmations,20,0.02,HIGH,1.0,0,informational,4.5,1,dataforseo
christian,christian affirmations for teens,20,0.34,HIGH,1.0,,informational,4.5,1,dataforseo
christian,christian pregnancy affirmations,20,0.02,HIGH,0.92,4,informational,4.3,2,dataforseo
christian,christian affirmations app,20,,LOW,0.13,10,informational,4.0,1,dataforseo
christian,daily christian affirmations app,20,,LOW,0.33,5,informational,4.2,1,dataforseo
christian,christian labor affirmations,20,,MEDIUM,0.66,22,informational,3.5,1,dataforseo
chakra,i am chakra affirmations,20,0.1,MEDIUM,0.64,0,informational,4.5,3,dataforseo
chakra,root chakra affirmations pdf,20,0.05,MEDIUM,0.37,0,informational,4.5,1,dataforseo
chakra,sacral chakra affirmations i feel,20,,LOW,0.0,0,informational,4.5,1,dataforseo
chakra,positive chakra affirmations,20,0.04,HIGH,1.0,,informational,4.5,1,dataforseo
chakra,throat chakra affirmations meditation,20,,LOW,0.0,,informational,4.5,1,dataforseo
chakra,sacral chakra healing affirmations,20,1.62,LOW,0.15,0,informational,4.5,2,dataforseo
chakra,chakra affirmations i am i feel i do,20,0.21,HIGH,1.0,0,informational,4.5,1,dataforseo
chakra,chakra balancing affirmations,20,,HIGH,0.74,0,informational,4.5,2,dataforseo
chakra,root chakra healing affirmations,20,,LOW,0.13,0,informational,4.5,3,dataforseo
chakra,seven chakra affirmations,20,0.08,HIGH,1.0,0,informational,4.5,1,dataforseo
chakra,yellow chakra affirmations,20,,LOW,0.0,0,informational,4.5,1,dataforseo
chakra,soul star chakra affirmations,20,,LOW,0.22,0,informational,4.5,1,dataforseo
chakra,7 chakra affirmations for wealth,20,0.15,MEDIUM,0.45,0,informational,4.5,1,dataforseo
sleep,positive affirmations for sleep youtube,20,,LOW,0.02,1,informational,4.4,4,dataforseo
sleep,positive affirmations before sleep,20,,LOW,0.0,0,informational,4.5,1,dataforseo
sleep,calm affirmations for sleep,20,,LOW,0.0,0,informational,4.5,1,dataforseo
sleep,jason stephenson sleep affirmations,20,,LOW,0.0,9,informational,4.1,2,dataforseo
sleep,guided sleep affirmations,20,,LOW,0.03,3,informational,4.3,1,dataforseo
sleep,abraham hicks sleep affirmations,20,,LOW,0.0,,informational,4.5,1,dataforseo
sleep,heal while you sleep with powerful affirmations,20,,LOW,0.0,12,informational,3.9,1,dataforseo
sleep,louise hay sleep affirmations youtube,20,,LOW,0.0,,navigational,4.5,1,dataforseo
sleep,sleep affirmations before bed,20,,LOW,0.0,0,informational,4.5,1,dataforseo
sleep,good sleep affirmations,20,,LOW,0.0,3,informational,4.3,2,dataforseo
sleep,sleep affirmations for women,20,,LOW,0.0,,informational,4.5,1,dataforseo
sleep,deep sleep affirmations,20,,LOW,0.0,4,informational,4.3,1,dataforseo
sleep,sleep hypnosis affirmations,20,,LOW,0.0,4,informational,4.3,1,dataforseo
sleep,calming affirmations for sleep,20,,LOW,0.0,0,informational,4.5,1,dataforseo
sleep,asmr sleep affirmations,20,,LOW,0.01,,informational,4.5,2,dataforseo
work,office positive affirmations for work,20,0.59,HIGH,1.0,21,informational,3.5,1,dataforseo
work,why do positive affirmations work,20,,LOW,0.0,43,informational,2.5,1,dataforseo
work,work out affirmations,20,0.62,MEDIUM,0.38,0,informational,4.5,1,dataforseo
work,does writing affirmations work,20,,LOW,0.0,60,informational,1.8,1,dataforseo
work,love affirmations that work instantly,20,,LOW,0.0,,informational,4.5,1,dataforseo
work,how long does affirmations take to work,20,,LOW,0.0,1,informational,4.4,1,dataforseo
work,louise hay affirmations for work,20,,LOW,0.0,0,informational,4.5,1,dataforseo
work,lottery affirmations that really work,20,,LOW,0.08,,informational,4.5,1,dataforseo
work,do positive affirmations really work,20,,LOW,0.0,38,informational,2.8,1,dataforseo
gratitude,gratitude affirmations to the universe,20,,LOW,0.0,0,informational,4.5,1,dataforseo
gratitude,nightly gratitude affirmations,20,,LOW,0.0,0,informational,4.5,1,dataforseo
gratitude,nighttime gratitude affirmations,20,,LOW,0.0,0,informational,4.5,1,dataforseo
gratitude,21 gratitude affirmations,20,,LOW,0.0,,informational,4.5,1,dataforseo
gratitude,powerful gratitude morning affirmations,20,0.94,MEDIUM,0.56,39,informational,2.7,1,dataforseo
gratitude,gratitude affirmations lavendaire,20,,LOW,0.0,27,informational,3.3,1,dataforseo
gratitude,affirmations and gratitude journal,20,1.47,HIGH,0.93,30,informational,3.1,1,dataforseo
healing,cancer healing affirmations,20,0.09,HIGH,0.75,0,informational,4.5,5,dataforseo
healing,womb healing affirmations,20,0.02,LOW,0.31,0,informational,4.5,1,dataforseo
healing,healing love affirmations,20,0.03,HIGH,0.83,,informational,4.5,2,dataforseo
healing,meditation affirmations for healing,20,,LOW,0.0,1,informational,4.4,1,dataforseo
healing,list of healing affirmations,20,,LOW,0.06,11,informational,4.0,2,dataforseo
healing,scientific healing affirmations by paramahansa yogananda pdf,20,0.46,MEDIUM,0.58,0,informational,4.5,1,dataforseo
healing,trauma healing affirmations,20,,LOW,0.0,0,informational,4.5,1,dataforseo
healing,morning affirmations for health and healing,20,,LOW,0.0,,informational,4.5,1,dataforseo
healing,healing affirmations for others,20,,LOW,0.24,0,informational,4.5,2,dataforseo
healing,louise hay self-healing affirmations,20,,LOW,0.06,1,informational,4.4,2,dataforseo
spiritual,spiritual birthday affirmations,20,0.68,HIGH,1.0,,informational,4.5,1,dataforseo
spiritual,spiritual awakening affirmations,20,0.15,LOW,0.14,26,informational,3.3,2,dataforseo
spiritual,daily spiritual affirmations for women,20,0.1,MEDIUM,0.56,,informational,4.5,2,dataforseo
spiritual,spiritual affirmations for husband wife relationship,20,,LOW,0.0,,informational,4.5,2,dataforseo
spiritual,deep spiritual affirmations,20,0.02,LOW,0.19,0,informational,4.5,1,dataforseo
i-am,saint germain i am affirmations,20,,LOW,0.11,0,informational,4.5,1,dataforseo
i-am,is i am daily affirmations free,20,,LOW,0.0,15,informational,3.8,1,dataforseo
i-am,bruce lee affirmations i am the best,20,0.03,LOW,0.14,,informational,4.5,1,dataforseo
i-am,i am self affirmations,20,0.03,LOW,0.16,42,informational,2.6,1,dataforseo
i-am,i am lucky affirmations,20,,LOW,0.0,0,informational,4.5,1,dataforseo
i-am,i am a goddess affirmations,20,,LOW,0.0,0,informational,4.5,1,dataforseo
i-am,i am so happy and grateful now that affirmations,20,,LOW,0.0,0,informational,4.5,1,dataforseo
i-am,i am affirmations joe dispenza,20,,LOW,0.0,3,informational,4.3,1,dataforseo
i-am,i am presence affirmations,20,,LOW,0.05,0,informational,4.5,1,dataforseo
i-am,positive affirmations i am statements,20,0.23,HIGH,0.92,13,informational,3.9,1,dataforseo
i-am,i am affirmations st germain,20,,LOW,0.11,0,informational,4.5,1,dataforseo
short,short morning affirmations,20,0.04,LOW,0.08,10,informational,4.0,2,dataforseo
short,short powerful affirmations,20,,HIGH,0.77,9,informational,4.1,2,dataforseo
short,short self affirmations,20,0.02,HIGH,1.0,52,informational,2.1,1,dataforseo
short,list of short positive affirmations,20,0.05,HIGH,0.72,,informational,4.5,1,dataforseo
funny,funny self affirmations,20,0.22,MEDIUM,0.45,0,informational,4.5,1,dataforseo
funny,funny daily affirmations for women,20,0.43,MEDIUM,0.63,,informational,4.5,1,dataforseo
funny,funny mom affirmations,20,0.18,HIGH,0.97,0,informational,4.5,2,dataforseo
funny,friday affirmations funny for work,20,,LOW,0.0,,informational,4.5,1,dataforseo
autocomplete,affirmation zip hoodie comfrt,20,0.2,100,HIGH,,,4.5,1,apify-autocomplete
autocomplete,affirmations about anxiety,20,,0,LOW,,,4.5,1,apify-autocomplete
autocomplete,affirmations during labor,20,,1,LOW,,,4.5,1,apify-autocomplete
autocomplete,affirmations en espanol,20,,0,LOW,,,4.5,1,apify-autocomplete
autocomplete,affirmations for 11 year olds,20,0.19,90,HIGH,,,4.5,1,apify-autocomplete
autocomplete,affirmations for 5 year olds,20,0.31,92,HIGH,,,4.5,1,apify-autocomplete
autocomplete,affirmations for women going through divorce,20,,16,LOW,,,4.5,1,apify-autocomplete
autocomplete,affirmations in relationships,20,,0,LOW,,,4.5,1,apify-autocomplete
autocomplete,affirmations meaning and examples,20,,7,LOW,,,4.5,1,apify-autocomplete
autocomplete,affirmations neville goddard,20,,0,LOW,,,4.5,1,apify-autocomplete
autocomplete,affirmations positive energy,20,,10,LOW,,,4.5,1,apify-autocomplete
autocomplete,affirmations relationship,20,,0,LOW,,,4.5,1,apify-autocomplete
autocomplete,affirmations to say in the morning,20,,38,MEDIUM,,,4.5,1,apify-autocomplete
autocomplete,affirmations tonie,20,0.43,95,HIGH,,,4.5,1,apify-autocomplete
autocomplete,affirmations vs afformations,20,,0,LOW,,,4.5,1,apify-autocomplete
autocomplete,affirmations when feeling overwhelmed,20,0.04,9,LOW,,,4.5,1,apify-autocomplete
autocomplete,bedtime affirmations louise hay,20,,0,LOW,,,4.5,1,apify-autocomplete
autocomplete,daily affirmation gift,20,0.51,100,HIGH,,,4.5,1,apify-autocomplete
autocomplete,daily affirmations aesthetic,20,,5,LOW,,,4.5,1,apify-autocomplete
autocomplete,daily affirmations for women quotes,20,0.35,93,HIGH,,,4.5,2,apify-autocomplete
autocomplete,daily affirmations for young women,20,0.23,100,HIGH,,,4.5,1,apify-autocomplete
autocomplete,daily affirmations god,20,0.04,34,MEDIUM,,,4.5,1,apify-autocomplete
autocomplete,daily affirmations lavendaire,20,,0,LOW,,,4.5,1,apify-autocomplete
autocomplete,daily affirmations lyrics,20,,0,LOW,,,4.5,1,apify-autocomplete
autocomplete,daily affirmations michael jordan,20,,0,LOW,,,4.5,1,apify-autocomplete
autocomplete,daily affirmations podcast,20,,2,LOW,,,4.5,1,apify-autocomplete
autocomplete,daily affirmations reddit,20,,0,LOW,,,4.5,1,apify-autocomplete
autocomplete,daily affirmations strengthening my recovery,20,0.15,79,HIGH,,,4.5,1,apify-autocomplete
autocomplete,daily affirmations video,20,,2,LOW,,,4.5,1,apify-autocomplete
autocomplete,daily affirmations wait im goated,20,,4,LOW,,,4.5,1,apify-autocomplete
autocomplete,daily affirmations you a paper chaser,20,,2,LOW,,,4.5,1,apify-autocomplete
autocomplete,self love words of affirmation,20,0.02,18,LOW,,,4.5,2,apify-autocomplete
autocomplete,wealth affirmations app,20,,5,LOW,,,4.5,1,apify-autocomplete
autocomplete,wealth affirmations outfit7,20,,0,LOW,,,4.5,1,apify-autocomplete
autocomplete,wealth affirmations outfit7 apk,20,,0,LOW,,,4.5,1,apify-autocomplete
anxiety,affirmations for anxiety phone case,10,0.54,HIGH,1.0,0,transactional,3.2,1,dataforseo
anxiety,positive affirmations for pregnancy anxiety,10,,HIGH,0.86,,informational,3.2,1,dataforseo
anxiety,jason stephenson affirmations for anxiety,10,,LOW,0.0,5,informational,3.0,1,dataforseo
anxiety,affirmations for surgery anxiety,10,,LOW,0.0,23,informational,2.4,1,dataforseo
anxiety,affirmations for anxiety and loneliness,10,,,,,informational,3.2,1,dataforseo
anxiety,positive affirmations for work anxiety,10,,LOW,0.0,33,informational,2.1,1,dataforseo
anxiety,positive affirmations for anxiety youtube,10,,LOW,0.0,6,informational,3.0,2,dataforseo
anxiety,positive affirmations for panic and anxiety,10,,LOW,0.0,,informational,3.2,1,dataforseo
anxiety,i am safe affirmations for anxiety,10,2.02,LOW,0.08,7,informational,2.9,1,dataforseo
anxiety,positive thinking positive affirmations for anxiety,10,0.2,HIGH,1.0,15,informational,2.7,1,dataforseo
anxiety,listen to daily affirmations positive affirmations for anxiety,10,,HIGH,0.71,,informational,3.2,1,dataforseo
anxiety,positive affirmations for anxiety and depression pdf,10,,LOW,0.0,9,informational,2.9,1,dataforseo
anxiety,affirmations for performance anxiety,10,,LOW,0.0,48,informational,1.6,1,dataforseo
anxiety,tapping affirmations for anxiety,10,,LOW,0.02,,informational,3.2,1,dataforseo
anxiety,positive affirmations for anxiety and worry,10,,,,,informational,3.2,2,dataforseo
anxiety,healthy affirmations for anxiety,10,,LOW,0.07,40,informational,1.9,1,dataforseo
anxiety,affirmations for anxiety printable,10,,,,40,informational,1.9,1,dataforseo
anxiety,affirmations for travel anxiety,10,,LOW,0.04,,informational,3.2,1,dataforseo
anxiety,list of positive affirmations for anxiety,10,,MEDIUM,0.43,,informational,3.2,1,dataforseo
anxiety,affirmations for new job anxiety,10,,LOW,0.0,39,informational,1.9,1,dataforseo
anxiety,affirmations for exam anxiety,10,,LOW,0.04,,informational,3.2,1,dataforseo
anxiety,affirmations for anxiety blobs,10,,,,,informational,3.2,1,dataforseo
anxiety,powerful daily affirmations for anxiety,10,,LOW,0.05,17,informational,2.6,1,dataforseo
anxiety,positive affirmations for anxiety and fear,10,,LOW,0.26,,informational,3.2,2,dataforseo
anxiety,affirmations for anxiety meaning in hindi,10,,,,,informational,3.2,1,dataforseo
anxiety,affirmations for driving anxiety,10,,LOW,0.02,40,informational,1.9,1,dataforseo
anxiety,affirmations for dating anxiety,10,,LOW,0.0,,informational,3.2,1,dataforseo
anxiety,affirmations for anxiety at work,10,,LOW,0.0,10,informational,2.8,1,dataforseo
anxiety,scripture affirmations for anxiety,10,,LOW,0.0,,informational,3.2,1,dataforseo
anxiety,positive affirmations for people with anxiety,10,,LOW,0.24,,informational,3.2,1,dataforseo
anxiety,nightly affirmations for anxiety,10,,LOW,0.0,24,informational,2.4,1,dataforseo
anxiety,anxiety affirmations for women,10,,MEDIUM,0.49,12,informational,2.8,1,dataforseo
anxiety,affirmations for anxiety disorders,10,,,,49,informational,1.6,1,dataforseo
anxiety,short affirmations for anxiety,10,,MEDIUM,0.5,,informational,3.2,1,dataforseo
anxiety,affirmations for anxiety about the future,10,,LOW,0.11,,informational,3.2,1,dataforseo
anxiety,affirmations for anxiety phone case shein,10,,,,,transactional,3.2,1,dataforseo
anxiety,short positive affirmations for anxiety and depression,10,,MEDIUM,0.49,,informational,3.2,1,dataforseo
anxiety,affirmations for anxiety and overthinking,10,0.71,LOW,0.13,,informational,3.2,1,dataforseo
anxiety,affirmations for anxiety case,10,,,,,informational,3.2,1,dataforseo
anxiety,powerful affirmations for anxiety,10,0.78,HIGH,0.67,,informational,3.2,1,dataforseo
anxiety,youtube affirmations for anxiety,10,,LOW,0.0,,informational,3.2,2,dataforseo
anxiety,relaxing affirmations for anxiety,10,,LOW,0.21,,informational,3.2,1,dataforseo
anxiety,panic attack affirmations for anxiety,10,,,,,informational,3.2,2,dataforseo
anxiety,affirmations for men with anxiety,10,,LOW,0.07,,informational,3.2,1,dataforseo
anxiety,best affirmations for social anxiety,10,,LOW,0.0,,informational,3.2,1,dataforseo
anxiety,positive affirmations for relationship anxiety,10,,,,,commercial,3.2,1,dataforseo
anxiety,positive affirmations for men with anxiety,10,0.04,MEDIUM,0.6,,informational,3.2,1,dataforseo
anxiety,positive affirmations for teens with anxiety,10,4.74,HIGH,0.82,,commercial,3.2,1,dataforseo
anxiety,night affirmations for anxiety,10,,,,24,informational,2.4,1,dataforseo
anxiety,asmr affirmations for anxiety,10,,,,,informational,3.2,1,dataforseo
anxiety,positive affirmations for driving anxiety,10,,LOW,0.0,,informational,3.2,1,dataforseo
anxiety,short positive affirmations for stress and anxiety,10,15.1,LOW,0.06,,informational,3.2,1,dataforseo
anxiety,list of affirmations for anxiety,10,,LOW,0.14,,informational,3.2,1,dataforseo
anxiety,positive self affirmations for anxiety,10,,LOW,0.0,19,informational,2.6,1,dataforseo
anxiety,powerful daily affirmations for anxiety chronic stress panic attacks,10,,,,,informational,3.2,1,dataforseo
confidence,spiritual affirmations for confidence,10,,HIGH,1.0,23,informational,2.4,1,dataforseo
confidence,good affirmations for confidence,10,,MEDIUM,0.57,,informational,3.2,1,dataforseo
confidence,daily affirmations for self love and confidence,10,,HIGH,1.0,,informational,3.2,1,dataforseo
confidence,personal affirmations for confidence,10,,LOW,0.21,,informational,3.2,1,dataforseo
confidence,affirmations for motivation and confidence,10,7.78,LOW,0.26,,informational,3.2,1,dataforseo
confidence,self love self confidence affirmations,10,,HIGH,0.86,,informational,3.2,1,dataforseo
confidence,male confidence affirmations,10,,MEDIUM,0.57,,informational,3.2,1,dataforseo
confidence,affirmations to increase self confidence,10,,MEDIUM,0.55,,informational,3.2,1,dataforseo
confidence,positive affirmations to boost confidence,10,,HIGH,0.95,,informational,3.2,1,dataforseo
confidence,bible confidence affirmations,10,0.17,LOW,0.11,0,informational,3.2,2,dataforseo
confidence,biblical affirmations for confidence,10,0.17,LOW,0.11,0,informational,3.2,1,dataforseo
confidence,positive affirmations for success and confidence,10,,,,,informational,3.2,1,dataforseo
confidence,confidence affirmations meditation,10,,,,,informational,3.2,1,dataforseo
confidence,morning self confidence affirmations,10,,,,,informational,3.2,1,dataforseo
confidence,zii belief affirmations for confidence,10,,LOW,0.0,,informational,3.2,1,dataforseo
confidence,confidence affirmations pdf,10,,MEDIUM,0.43,,informational,3.2,1,dataforseo
confidence,short affirmations for confidence,10,,MEDIUM,0.33,26,informational,2.3,1,dataforseo
confidence,affirmations on self confidence,10,,,,16,informational,2.7,1,dataforseo
confidence,self confidence affirmations tamil,10,,,,,informational,3.2,1,dataforseo
confidence,affirmations for self-confidence and self belief,10,,LOW,0.0,,informational,3.2,1,dataforseo
confidence,alpha male affirmations extreme self-confidence,10,,LOW,0.0,,informational,3.2,2,dataforseo
confidence,manifestation affirmations for confidence,10,,LOW,0.0,33,informational,2.1,1,dataforseo
confidence,positive affirmations for confidence and self-esteem,10,0.11,MEDIUM,0.53,,informational,3.2,1,dataforseo
confidence,affirmations for social confidence,10,,LOW,0.0,,informational,3.2,1,dataforseo
confidence,strong affirmations for confidence,10,0.07,MEDIUM,0.38,,informational,3.2,1,dataforseo
confidence,5 minute confidence affirmations,10,,LOW,0.0,,informational,3.2,1,dataforseo
confidence,list of positive affirmations for confidence,10,,,,,informational,3.2,1,dataforseo
confidence,self confidence self worth positive affirmations,10,,LOW,0.0,17,informational,2.6,1,dataforseo
confidence,self confidence affirmations list,10,,,,,informational,3.2,1,dataforseo
confidence,affirmations to increase confidence,10,0.7,HIGH,0.86,,informational,3.2,1,dataforseo
confidence,sleep affirmations confidence,10,,,,31,informational,2.2,1,dataforseo
confidence,30 affirmations to build confidence,10,,HIGH,1.0,,informational,3.2,1,dataforseo
confidence,self confidence positive affirmations in hindi,10,,,,,informational,3.2,1,dataforseo
confidence,powerful affirmations for confidence,10,,LOW,0.0,28,informational,2.3,1,dataforseo
confidence,i am affirmations for self confidence,10,,LOW,0.0,14,informational,2.7,1,dataforseo
self-love,self-love affirmations to attract love,10,,LOW,0.0,,informational,3.2,1,dataforseo
self-love,self love affirmations meditation,10,,LOW,0.0,11,informational,2.8,1,dataforseo
self-love,30-day self-love affirmations,10,,,,,informational,3.2,1,dataforseo
self-love,50 self love affirmations,10,,LOW,0.0,,informational,3.2,1,dataforseo
self-love,affirmations for self love woman,10,,,,,informational,3.2,1,dataforseo
self-love,5-minute self love affirmations,10,,LOW,0.0,,informational,3.2,1,dataforseo
self-love,self concept affirmations for love,10,,LOW,0.0,20,informational,2.5,1,dataforseo
abundance,i am affirmations: spiritual abundance,10,,,,3,informational,3.1,2,dataforseo
abundance,i am abundance affirmations white glossy mug,10,,HIGH,1.0,0,transactional,3.2,1,dataforseo
abundance,affirmations for wealth prosperity and abundance,10,,LOW,0.18,10,informational,2.8,1,dataforseo
abundance,positive affirmations to attract abundance,10,,MEDIUM,0.42,,informational,3.2,1,dataforseo
abundance,law of attraction affirmations for abundance,10,,LOW,0.0,32,informational,2.2,1,dataforseo
abundance,attracting abundance affirmations,10,,LOW,0.0,48,informational,1.6,1,dataforseo
abundance,daily affirmations for wealth and abundance,10,,LOW,0.06,,informational,3.2,1,dataforseo
abundance,affirmations for health wealth happiness and abundance,10,,LOW,0.17,,informational,3.2,1,dataforseo
abundance,morning i am affirmations to attract wealth and abundance,10,,LOW,0.0,10,informational,2.8,1,dataforseo
abundance,bob baker affirmations abundance,10,,,,,informational,3.2,1,dataforseo
abundance,abundance affirmations pdf,10,,LOW,0.0,0,informational,3.2,1,dataforseo
abundance,top affirmations for abundance,10,,,,,informational,3.2,1,dataforseo
abundance,money affirmations for success abundance and wealth,10,,LOW,0.0,,informational,3.2,1,dataforseo
abundance,angel affirmations for abundance,10,,LOW,0.0,,informational,3.2,1,dataforseo
abundance,evening affirmations for financial abundance,10,,LOW,0.0,,informational,3.2,1,dataforseo
abundance,attract abundance affirmations,10,,LOW,0.14,48,informational,1.6,2,dataforseo
abundance,abundance affirmations in hindi,10,,,,,informational,3.2,1,dataforseo
abundance,positive affirmations for financial freedom and abundance,10,,,,,commercial,3.2,1,dataforseo
abundance,affirmations about abundance,10,,LOW,0.0,8,informational,2.9,1,dataforseo
abundance,positive affirmations for wealth and abundance,10,,MEDIUM,0.41,43,informational,1.8,1,dataforseo
abundance,love and abundance affirmations,10,,LOW,0.0,22,informational,2.5,1,dataforseo
abundance,daily abundance affirmations,10,,LOW,0.0,22,informational,2.5,1,dataforseo
abundance,positive affirmations for abundance and success,10,,LOW,0.0,,informational,3.2,1,dataforseo
abundance,abundance frequency affirmations,10,,,,,informational,3.2,1,dataforseo
abundance,positive affirmations abundance affirmations,10,,,,,informational,3.2,1,dataforseo
abundance,prosperity abundance money affirmations,10,,LOW,0.0,,informational,3.2,1,dataforseo
abundance,daily affirmations for financial abundance,10,,MEDIUM,0.34,,informational,3.2,1,dataforseo
abundance,louise hay positive morning affirmations for gratitude and abundance,10,,LOW,0.0,,commercial,3.2,1,dataforseo
abundance,affirmations to attract wealth and abundance,10,0.02,LOW,0.33,,informational,3.2,1,dataforseo
abundance,abundance affirmations wealth health,10,,,,,informational,3.2,2,dataforseo
abundance,subliminal abundance affirmations,10,,LOW,0.0,23,informational,2.4,1,dataforseo
abundance,lil jon manifest abundance affirmations for personal growth,10,,LOW,0.0,,transactional,3.2,1,dataforseo
abundance,total abundance affirmations,10,,,,,informational,3.2,1,dataforseo
abundance,spiritual abundance affirmations,10,,LOW,0.0,18,informational,2.6,1,dataforseo
abundance,affirmations for wealth money and abundance,10,,,,,informational,3.2,1,dataforseo
abundance,abundance affirmations wallpaper,10,,LOW,0.14,,transactional,3.2,1,dataforseo
abundance,universe abundance affirmations,10,,,,40,informational,1.9,1,dataforseo
abundance,daily affirmations for abundance and prosperity,10,,LOW,0.14,,informational,3.2,1,dataforseo
abundance,positive affirmations for love and abundance,10,,LOW,0.0,,informational,3.2,1,dataforseo
abundance,manifest abundance: affirmations for personal growth,10,,LOW,0.05,,informational,3.2,1,dataforseo
abundance,louise hay positive affirmations for abundance,10,,,,54,informational,1.5,1,dataforseo
abundance,abundance meditation affirmations,10,,LOW,0.0,,informational,3.2,1,dataforseo
manifestation,astrology zodiac signs manifestation success affirmations,10,,,,,informational,3.2,1,dataforseo
manifestation,self concept affirmations for manifestation,10,,LOW,0.0,,informational,3.2,2,dataforseo
manifestation,positive affirmations manifestation quotes,10,,MEDIUM,0.5,,informational,3.2,1,dataforseo
manifestation,career manifestation affirmations,10,,LOW,0.01,0,informational,3.2,1,dataforseo
manifestation,8 manifestation affirmations,10,,,,,informational,3.2,1,dataforseo
manifestation,october manifestation affirmations,10,,,,,informational,3.2,1,dataforseo
manifestation,new moon manifestation affirmations,10,,LOW,0.0,,informational,3.2,1,dataforseo
manifestation,11/11 manifestation affirmations for money,10,,,,,informational,3.2,2,dataforseo
manifestation,dream body manifestation affirmations,10,,LOW,0.0,,informational,3.2,1,dataforseo
manifestation,manifestation affirmations for good grades,10,,,,,informational,3.2,1,dataforseo
manifestation,pregnancy manifestation affirmations,10,,LOW,0.0,,informational,3.2,1,dataforseo
manifestation,exam manifestation affirmations,10,,LOW,0.0,,informational,3.2,1,dataforseo
manifestation,writing affirmations manifestation,10,,LOW,0.0,38,informational,2.0,1,dataforseo
manifestation,11/11 manifestation affirmations for love,10,,LOW,0.0,,informational,3.2,2,dataforseo
manifestation,travel manifestation affirmations,10,,LOW,0.16,0,informational,3.2,1,dataforseo
manifestation,1111 manifestation affirmations,10,,LOW,0.0,,informational,3.2,1,dataforseo
manifestation,how to use affirmations for manifestation,10,,LOW,0.0,0,informational,3.2,1,dataforseo
manifestation,house manifestation affirmations,10,,LOW,0.0,0,informational,3.2,1,dataforseo
manifestation,moon water manifestation #affirmations,10,,LOW,0.0,,transactional,3.2,1,dataforseo
manifestation,boyfriend manifestation affirmations,10,,LOW,0.05,34,informational,2.1,1,dataforseo
manifestation,powerful manifestation affirmations for health,10,,LOW,0.0,,commercial,3.2,1,dataforseo
manifestation,affirmations for manifestation journal,10,,LOW,0.0,,informational,3.2,2,dataforseo
manifestation,369 manifestation affirmations,10,,HIGH,0.93,14,informational,2.7,1,dataforseo
manifestation,financial manifestation affirmations,10,,LOW,0.0,,informational,3.2,1,dataforseo
manifestation,affirmations for manifestation candice nikeia,10,0.11,HIGH,0.86,,transactional,3.2,1,dataforseo
manifestation,specific person manifestation affirmations,10,,,,0,informational,3.2,2,dataforseo
manifestation,how to write manifestation affirmations,10,,LOW,0.0,4,informational,3.0,2,dataforseo
manifestation,crush manifestation affirmations,10,,LOW,0.0,23,informational,2.4,1,dataforseo
manifestation,new year manifestation affirmations,10,,LOW,0.0,,informational,3.2,1,dataforseo
manifestation,money manifestation affirmations telugu,10,,,,,transactional,3.2,1,dataforseo
manifestation,love manifestation affirmations for a specific person,10,,LOW,0.0,0,informational,3.2,1,dataforseo
manifestation,mirror manifestation affirmations for love,10,,,,,informational,3.2,1,dataforseo
manifestation,powerful money manifestation affirmations,10,,LOW,0.19,,informational,3.2,1,dataforseo
manifestation,good manifestation affirmations,10,,,,21,informational,2.5,1,dataforseo
manifestation,money manifestation affirmations youtube,10,,LOW,0.0,,informational,3.2,1,dataforseo
manifestation,portals of manifestation affirmations,10,,,,,navigational,3.2,1,dataforseo
manifestation,create your reality manifestation journal plans affirmations gratitude,10,,,,,informational,3.2,1,dataforseo
manifestation,fertility manifestation affirmations,10,,LOW,0.0,,informational,3.2,1,dataforseo
manifestation,difference between affirmations and manifestation,10,,LOW,0.0,,informational,3.2,1,dataforseo
manifestation,listen to positive affirmations manifestation affirmations,10,,LOW,0.0,,informational,3.2,1,dataforseo
manifestation,rose quartz manifestation affirmations,10,,LOW,0.0,0,informational,3.2,1,dataforseo
manifestation,money manifestation affirmations sleep,10,,LOW,0.0,,informational,3.2,1,dataforseo
manifestation,happiness manifestation affirmations,10,,LOW,0.12,39,informational,1.9,2,dataforseo
manifestation,new job manifestation affirmations,10,,LOW,0.02,,informational,3.2,1,dataforseo
manifestation,protection manifestation affirmations,10,,LOW,0.0,0,informational,3.2,1,dataforseo
manifestation,body manifestation #affirmations,10,,,,22,informational,2.5,1,dataforseo
manifestation,best affirmations for manifestation,10,,LOW,0.0,0,informational,3.2,1,dataforseo
manifestation,height manifestation affirmations,10,,LOW,0.0,,informational,3.2,1,dataforseo
manifestation,lions gate portal manifestation affirmations,10,,,,,navigational,3.2,1,dataforseo
manifestation,dream job manifestation affirmations,10,,LOW,0.0,,informational,3.2,1,dataforseo
men,affirmations for men with depression,10,,LOW,0.24,,informational,3.2,1,dataforseo
men,affirmations for men of color,10,,LOW,0.25,,informational,3.2,1,dataforseo
men,sex affirmations for men,10,,,,2,informational,3.1,1,dataforseo
men,positive affirmations for men with depression,10,25.73,LOW,0.22,,informational,3.2,1,dataforseo
men,powerful daily affirmations for men,10,1.28,MEDIUM,0.57,,informational,3.2,1,dataforseo
men,list of positive affirmations for men,10,29.68,MEDIUM,0.38,,informational,3.2,1,dataforseo
men,one-word affirmations for men,10,0.23,HIGH,0.92,,informational,3.2,2,dataforseo
men,positive affirmations for men audio,10,8.15,LOW,0.21,,informational,3.2,1,dataforseo
men,scripture affirmations for men,10,0.01,LOW,0.08,,informational,3.2,1,dataforseo
men,10 positive affirmations for men,10,,HIGH,0.97,,informational,3.2,1,dataforseo
men,positive thinking positive affirmations for men,10,,HIGH,0.95,12,informational,2.8,1,dataforseo
men,affirmations for men from wife,10,,LOW,0.23,,informational,3.2,1,dataforseo
men,sleep affirmations for men,10,,LOW,0.0,,informational,3.2,1,dataforseo
men,self-esteem affirmations for men,10,,LOW,0.29,,informational,3.2,2,dataforseo
men,10 affirmations for men,10,1.27,HIGH,0.79,,informational,3.2,1,dataforseo
men,positive affirmations for men asmr,10,,,,,informational,3.2,1,dataforseo
men,overnight affirmations for anxious attachment styles for men,10,,,,,commercial,3.2,1,dataforseo
men,printable positive affirmations for men,10,,HIGH,0.71,,informational,3.2,1,dataforseo
biblical,bible affirmations for success pdf,10,,MEDIUM,0.5,26,informational,2.3,1,dataforseo
biblical,i am affirmations from the bible renew your mind,10,0.05,HIGH,0.79,0,informational,3.2,1,dataforseo
biblical,i am affirmations in the bible,10,,LOW,0.11,31,informational,2.2,1,dataforseo
biblical,365 daily affirmations from the bible,10,22.1,MEDIUM,0.44,,informational,3.2,1,dataforseo
biblical,what the bible says about affirmations,10,,LOW,0.0,,informational,3.2,1,dataforseo
biblical,daily bible affirmations tumblr,10,,,,,informational,3.2,2,dataforseo
biblical,self-worth affirmations bible,10,,,,,informational,3.2,2,dataforseo
biblical,money affirmations in the bible,10,,LOW,0.0,,informational,3.2,1,dataforseo
biblical,i am affirmations from the bible youtube,10,,LOW,0.0,63,informational,1.2,1,dataforseo
biblical,positive affirmations bible quotes,10,0.57,HIGH,1.0,,informational,3.2,1,dataforseo
biblical,bible affirmations for woman,10,0.15,LOW,0.21,18,informational,2.6,1,dataforseo
biblical,i am affirmations bible verses,10,,MEDIUM,0.44,2,informational,3.1,1,dataforseo
biblical,my daily bible affirmations tumbler,10,,LOW,0.29,,informational,3.2,1,dataforseo
biblical,bible sleep affirmations,10,,LOW,0.0,52,informational,1.5,3,dataforseo
biblical,you are bible affirmations,10,0.06,HIGH,0.88,,informational,3.2,1,dataforseo
biblical,bible affirmations youtube,10,,LOW,0.11,10,informational,2.8,1,dataforseo
biblical,110 affirmations using bible verses,10,,,,,informational,3.2,1,dataforseo
biblical,printable bible verse affirmations,10,,HIGH,1.0,,informational,3.2,1,dataforseo
biblical,bible affirmations cup,10,1.36,MEDIUM,0.57,,informational,3.2,1,dataforseo
biblical,bible promises affirmations,10,,,,,informational,3.2,1,dataforseo
biblical,bible affirmations for wealth,10,,,,,informational,3.2,1,dataforseo
biblical,bible money affirmations,10,,LOW,0.0,,informational,3.2,1,dataforseo
biblical,30 positive affirmations using bible verses pdf free download,10,,LOW,0.0,,informational,3.2,1,dataforseo
biblical,powerful daily affirmations from the bible,10,,LOW,0.0,0,informational,3.2,1,dataforseo
biblical,list of positive affirmations from the bible,10,,,,,informational,3.2,1,dataforseo
biblical,bible affirmations audio,10,,,,,informational,3.2,1,dataforseo
biblical,powerful bible affirmations,10,,MEDIUM,0.64,,informational,3.2,1,dataforseo
biblical,my daily bible affirmations svg,10,,,,,informational,3.2,1,dataforseo
biblical,bible affirmations for positive thinking,10,,LOW,0.0,,informational,3.2,1,dataforseo
biblical,bible based positive affirmations,10,,HIGH,0.86,,informational,3.2,1,dataforseo
biblical,what does the bible say about positive affirmations,10,,LOW,0.0,,informational,3.2,1,dataforseo
biblical,morning affirmations from the bible,10,,LOW,0.01,2,informational,3.1,1,dataforseo
biblical,financial affirmations from the bible,10,,LOW,0.02,,informational,3.2,1,dataforseo
biblical,daily bible affirmations app,10,1.32,MEDIUM,0.48,11,informational,2.8,1,dataforseo
biblical,bible affirmations for self love,10,,HIGH,0.71,0,informational,3.2,1,dataforseo
christian,asmr christian affirmations,10,,,,,navigational,3.2,2,dataforseo
christian,christian money affirmations,10,,,,,informational,3.2,1,dataforseo
christian,are affirmations christian,10,,LOW,0.0,,informational,3.2,1,dataforseo
christian,audible christian affirmations,10,,LOW,0.0,,informational,3.2,1,dataforseo
christian,christian meditation affirmations,10,,LOW,0.0,,informational,3.2,1,dataforseo
christian,christian faith affirmations,10,,LOW,0.0,0,informational,3.2,3,dataforseo
christian,christian gratitude affirmations,10,,MEDIUM,0.43,,informational,3.2,1,dataforseo
christian,positive christian affirmations youtube,10,,LOW,0.0,,informational,3.2,1,dataforseo
christian,christian self affirmations,10,0.12,HIGH,0.74,37,informational,2.0,1,dataforseo
christian,christian affirmations to start the day,10,,MEDIUM,0.65,,informational,3.2,1,dataforseo
christian,powerful christian affirmations,10,28.74,LOW,0.14,,informational,3.2,1,dataforseo
christian,christian affirmations mp3,10,,,,,informational,3.2,1,dataforseo
christian,christian affirmations for husband,10,28.98,LOW,0.11,,informational,3.2,1,dataforseo
christian,are affirmations a sin christian,10,,LOW,0.0,,informational,3.2,1,dataforseo
christian,christian affirmations for sleeping,10,,LOW,0.02,0,informational,3.2,1,dataforseo
christian,subliminal christian affirmations,10,,LOW,0.0,23,informational,2.4,2,dataforseo
christian,christian affirmations audio,10,,LOW,0.14,,informational,3.2,1,dataforseo
christian,positive christian affirmations audio,10,,MEDIUM,0.5,,informational,3.2,1,dataforseo
christian,christian affirmations for self esteem,10,,LOW,0.0,39,informational,1.9,1,dataforseo
christian,christian affirmations for health and healing,10,,,,,informational,3.2,1,dataforseo
christian,christian self love affirmations,10,,LOW,0.27,,informational,3.2,1,dataforseo
christian,christian affirmations for success,10,,LOW,0.0,0,informational,3.2,1,dataforseo
christian,christian marriage affirmations,10,,HIGH,1.0,,informational,3.2,1,dataforseo
christian,christian mirror affirmations,10,,HIGH,1.0,,informational,3.2,1,dataforseo
christian,christian affirmations for confidence,10,0.06,LOW,0.06,7,informational,2.9,1,dataforseo
christian,christian positive affirmations for self-esteem,10,,LOW,0.0,,informational,3.2,2,dataforseo
christian,christian weight loss affirmations,10,,LOW,0.0,16,informational,2.7,2,dataforseo
christian,list of christian affirmations,10,0.02,HIGH,0.82,44,informational,1.8,1,dataforseo
christian,christian prosperity affirmations,10,,LOW,0.0,,informational,3.2,1,dataforseo
christian,christian affirmations for a good morning,10,,,,0,informational,3.2,1,dataforseo
christian,christian affirmations for daughters,10,0.22,MEDIUM,0.5,,informational,3.2,1,dataforseo
christian,daily positive christian affirmations,10,0.5,HIGH,0.8,,informational,3.2,1,dataforseo
christian,christian affirmations pdf,10,,HIGH,0.83,,informational,3.2,1,dataforseo
christian,positive christian affirmations for anxiety,10,0.02,HIGH,1.0,26,informational,2.3,1,dataforseo
christian,christian bedtime affirmations,10,,LOW,0.0,,informational,3.2,1,dataforseo
christian,christian affirmations for depression,10,28.76,LOW,0.1,,informational,3.2,1,dataforseo
christian,christian affirmations with scripture,10,0.01,HIGH,0.95,,informational,3.2,1,dataforseo
christian,list of positive christian affirmations,10,,MEDIUM,0.43,38,informational,2.0,1,dataforseo
christian,free daily christian affirmations,10,,LOW,0.14,,informational,3.2,1,dataforseo
chakra,chakra affirmations poster,10,,LOW,0.0,0,informational,3.2,1,dataforseo
chakra,20 throat chakra affirmations,10,,,,,informational,3.2,1,dataforseo
chakra,i am root chakra affirmations,10,0.16,LOW,0.08,0,informational,3.2,1,dataforseo
chakra,red chakra affirmations,10,,LOW,0.0,16,informational,2.7,1,dataforseo
chakra,affirmations by chakra,10,0.14,HIGH,1.0,0,informational,3.2,1,dataforseo
chakra,20 crown chakra affirmations,10,,LOW,0.0,,informational,3.2,1,dataforseo
chakra,solar plexus chakra affirmations i do,10,0.13,MEDIUM,0.63,,informational,3.2,1,dataforseo
chakra,daily sacral chakra affirmations,10,,HIGH,1.0,,informational,3.2,1,dataforseo
chakra,different affirmations for each chakra,10,,HIGH,0.83,,informational,3.2,1,dataforseo
chakra,chakra alignment affirmations,10,0.15,HIGH,0.9,,informational,3.2,1,dataforseo
chakra,root chakra affirmations sleep,10,,,,,informational,3.2,1,dataforseo
chakra,solar plexus chakra healing affirmations,10,,LOW,0.0,0,informational,3.2,2,dataforseo
chakra,chakra meditation affirmations,10,,LOW,0.09,,informational,3.2,1,dataforseo
chakra,positive affirmations for throat chakra,10,,LOW,0.21,,transactional,3.2,1,dataforseo
chakra,powerful sacral chakra affirmations,10,,LOW,0.0,,informational,3.2,1,dataforseo
chakra,fourth chakra affirmations,10,,LOW,0.0,,informational,3.2,1,dataforseo
chakra,heart chakra opening affirmations,10,,,,,informational,3.2,1,dataforseo
chakra,throat chakra affirmations pdf,10,,LOW,0.0,,informational,3.2,1,dataforseo
chakra,affirmations for every chakra,10,,HIGH,0.71,,informational,3.2,1,dataforseo
chakra,chakra balance affirmations,10,,LOW,0.0,0,informational,3.2,1,dataforseo
chakra,positive affirmations for sacral chakra,10,,LOW,0.14,40,informational,1.9,1,dataforseo
chakra,what are chakra affirmations,10,,LOW,0.07,,informational,3.2,1,dataforseo
chakra,crown chakra affirmations for money,10,,LOW,0.0,,informational,3.2,1,dataforseo
chakra,daily chakra affirmations,10,0.02,HIGH,0.76,23,informational,2.4,1,dataforseo
chakra,crown chakra healing affirmations,10,,LOW,0.0,7,informational,2.9,1,dataforseo
chakra,thymus chakra affirmations,10,,,,,informational,3.2,1,dataforseo
chakra,sacral chakra i am affirmations,10,,MEDIUM,0.46,,informational,3.2,1,dataforseo
chakra,affirmations to heal sacral chakra,10,,LOW,0.0,0,informational,3.2,1,dataforseo
chakra,crown chakra affirmations i know,10,,LOW,0.0,,informational,3.2,1,dataforseo
chakra,affirmations to open throat chakra,10,,LOW,0.0,,informational,3.2,1,dataforseo
chakra,swadhisthana chakra affirmations,10,,,,,informational,3.2,1,dataforseo
chakra,anahata chakra affirmations,10,,LOW,0.0,16,informational,2.7,1,dataforseo
chakra,healing heart chakra affirmations,10,,LOW,0.05,23,informational,2.4,2,dataforseo
chakra,ear chakra affirmations,10,,,,45,informational,1.7,1,dataforseo
chakra,chakra system affirmations,10,,MEDIUM,0.52,,informational,3.2,1,dataforseo
chakra,crown chakra affirmations in hindi,10,,,,,informational,3.2,1,dataforseo
chakra,100 heart chakra affirmations,10,,LOW,0.0,,informational,3.2,1,dataforseo
chakra,root chakra meditation affirmations,10,,,,,informational,3.2,1,dataforseo
chakra,1st chakra affirmations,10,,,,,informational,3.2,1,dataforseo
chakra,blue chakra affirmations,10,,HIGH,0.82,32,informational,2.2,1,dataforseo
chakra,throat chakra affirmations i speak,10,,LOW,0.0,,transactional,3.2,1,dataforseo
chakra,7 chakra healing affirmations,10,,,,,informational,3.2,1,dataforseo
chakra,affirmations to open heart chakra,10,,,,40,informational,1.9,1,dataforseo
chakra,second chakra affirmations,10,,LOW,0.16,5,informational,3.0,1,dataforseo
chakra,heart chakra affirmations hindi,10,,,,,informational,3.2,1,dataforseo
chakra,powerful root chakra affirmations,10,,LOW,0.14,39,informational,1.9,1,dataforseo
chakra,morning chakra affirmations,10,,HIGH,1.0,,informational,3.2,1,dataforseo
chakra,50 throat chakra affirmations,10,,HIGH,1.0,,informational,3.2,1,dataforseo
chakra,4th chakra affirmations,10,,LOW,0.0,26,informational,2.3,1,dataforseo
chakra,crown chakra affirmations for wealth,10,,LOW,0.0,,informational,3.2,1,dataforseo
chakra,100 crown chakra affirmations,10,,,,,informational,3.2,1,dataforseo
sleep,manifest while you sleep law of attraction affirmations,10,,LOW,0.0,0,informational,3.2,1,dataforseo
sleep,louise hay affirmations before sleep,10,,,,,informational,3.2,1,dataforseo
sleep,listening to affirmations while you sleep,10,1.0,MEDIUM,0.43,47,informational,1.7,1,dataforseo
sleep,sleep music affirmations,10,,LOW,0.0,,informational,3.2,1,dataforseo
sleep,deep sleep meditation positive affirmations,10,,,,57,informational,1.4,1,dataforseo
sleep,love affirmations sleep,10,,,,22,informational,2.5,1,dataforseo
sleep,affirmations to go to sleep,10,,LOW,0.02,,informational,3.2,1,dataforseo
sleep,sleep affirmations 30 minutes,10,,,,,informational,3.2,1,dataforseo
sleep,powerful affirmations while you sleep,10,,,,,informational,3.2,1,dataforseo
sleep,sleep affirmations for health,10,,LOW,0.0,,informational,3.2,1,dataforseo
sleep,night affirmations before sleep in english,10,,,,,informational,3.2,1,dataforseo
sleep,sleep affirmations jessica heslop,10,,,,,informational,3.2,1,dataforseo
sleep,bob proctor sleep affirmations,10,,LOW,0.0,,informational,3.2,1,dataforseo
sleep,affirmations before going to sleep,10,,LOW,0.05,,informational,3.2,1,dataforseo
sleep,money affirmations sleep,10,,,,55,informational,1.4,2,dataforseo
sleep,self love affirmations sleep meditation,10,,,,,informational,3.2,1,dataforseo
sleep,sleep subconscious affirmations,10,,,,,informational,3.2,2,dataforseo
sleep,joe dispenza sleep affirmations,10,,LOW,0.0,,informational,3.2,1,dataforseo
sleep,positive affirmations asmr sleep,10,,,,,navigational,3.2,1,dataforseo
sleep,sleep affirmations audio,10,,MEDIUM,0.5,,informational,3.2,1,dataforseo
sleep,affirmations for peaceful sleep,10,,LOW,0.0,,informational,3.2,1,dataforseo
sleep,sleep with affirmations,10,,,,0,informational,3.2,1,dataforseo
sleep,8 hour sleep affirmations,10,,LOW,0.0,1,informational,3.1,1,dataforseo
sleep,positive affirmations sleep subliminal,10,,,,22,informational,2.5,1,dataforseo
sleep,sleep affirmations benefits,10,,LOW,0.0,,informational,3.2,1,dataforseo
sleep,affirmations for good night sleep,10,,LOW,0.0,,informational,3.2,1,dataforseo
sleep,sleep meditation with affirmations,10,,LOW,0.14,0,informational,3.2,1,dataforseo
sleep,sleep affirmations motivation,10,,LOW,0.0,,informational,3.2,1,dataforseo
sleep,honest guys sleep affirmations,10,,LOW,0.0,29,informational,2.2,1,dataforseo
sleep,money affirmations while sleep,10,,LOW,0.0,,informational,3.2,1,dataforseo
sleep,alpha affirmations sleep,10,,,,,informational,3.2,1,dataforseo
sleep,1 hour sleep affirmations,10,,,,,informational,3.2,1,dataforseo
sleep,sleep affirmations work,10,,LOW,0.0,,informational,3.2,1,dataforseo
gratitude,gratitude affirmations and intentions,10,,LOW,0.0,0,informational,3.2,1,dataforseo
gratitude,best gratitude affirmations,10,,LOW,0.0,,informational,3.2,1,dataforseo
gratitude,i am morning gratitude affirmations,10,,,,4,informational,3.0,1,dataforseo
gratitude,daily affirmations gratitude affirmations,10,,,,5,informational,3.0,1,dataforseo
gratitude,daily gratitude affirmations by sandeep maheshwari,10,,,,,informational,3.2,1,dataforseo
gratitude,morning gratitude affirmations bob baker,10,,LOW,0.0,,informational,3.2,1,dataforseo
gratitude,birthday gratitude affirmations,10,,,,,informational,3.2,1,dataforseo
gratitude,gratitude love affirmations,10,,LOW,0.0,,informational,3.2,2,dataforseo
gratitude,20 gratitude affirmations,10,,LOW,0.0,,informational,3.2,1,dataforseo
gratitude,gratitude meditation affirmations,10,,LOW,0.0,,informational,3.2,2,dataforseo
gratitude,self gratitude affirmations,10,,LOW,0.03,47,informational,1.7,1,dataforseo
gratitude,you are creators gratitude affirmations,10,,,,40,informational,1.9,1,dataforseo
gratitude,5 minute morning gratitude affirmations,10,,LOW,0.0,,informational,3.2,1,dataforseo
gratitude,i am affirmations of gratitude self love and success,10,,,,5,informational,3.0,1,dataforseo
gratitude,gratitude affirmations rising higher,10,,,,,informational,3.2,1,dataforseo
gratitude,i am affirmations gratitude and self love,10,,,,18,informational,2.6,2,dataforseo
gratitude,attitude of gratitude affirmations,10,,LOW,0.0,,informational,3.2,1,dataforseo
gratitude,gratitude affirmations malayalam,10,,LOW,0.0,,informational,3.2,1,dataforseo
gratitude,subliminal gratitude affirmations,10,,,,,informational,3.2,1,dataforseo
gratitude,how to write gratitude affirmations,10,,LOW,0.0,,informational,3.2,1,dataforseo
gratitude,self love and gratitude affirmations,10,,LOW,0.09,,informational,3.2,3,dataforseo
gratitude,gratitude affirmations meaning,10,,,,,informational,3.2,1,dataforseo
gratitude,gratitude pregnancy affirmations,10,,HIGH,1.0,0,informational,3.2,1,dataforseo
gratitude,gratitude affirmations for success,10,,LOW,0.07,22,informational,2.5,1,dataforseo
gratitude,mary kate gratitude affirmations,10,,LOW,0.0,9,informational,2.9,1,dataforseo
gratitude,10 minute gratitude affirmations,10,,HIGH,1.0,,informational,3.2,1,dataforseo
gratitude,morning gratitude positive affirmations,10,,LOW,0.0,23,informational,2.4,2,dataforseo
gratitude,gratitude affirmations for relationships,10,,LOW,0.0,,informational,3.2,1,dataforseo
gratitude,sleep gratitude affirmations,10,,LOW,0.0,,informational,3.2,3,dataforseo
gratitude,gratitude affirmations raise your vibration,10,,,,,informational,3.2,1,dataforseo
gratitude,gratitude affirmations in hindi,10,,,,,informational,3.2,1,dataforseo
gratitude,gratitude affirmations for family,10,,,,,informational,3.2,1,dataforseo
gratitude,prosperity gratitude affirmations,10,,LOW,0.0,,informational,3.2,1,dataforseo
gratitude,i am gratitude affirmations,10,0.09,MEDIUM,0.44,5,informational,3.0,1,dataforseo
gratitude,night time gratitude affirmations,10,,LOW,0.0,22,informational,2.5,1,dataforseo
gratitude,gratitude manifestation affirmations,10,,LOW,0.23,8,informational,2.9,1,dataforseo
gratitude,gratitude affirmations for wealth,10,,LOW,0.0,44,informational,1.8,1,dataforseo
gratitude,affirmations visualization gratitude,10,,LOW,0.0,,informational,3.2,1,dataforseo
gratitude,bedtime gratitude affirmations,10,1.16,MEDIUM,0.48,,informational,3.2,1,dataforseo
gratitude,end of day gratitude affirmations,10,,LOW,0.21,,informational,3.2,1,dataforseo
gratitude,gratitude affirmations 21 days,10,,,,,informational,3.2,1,dataforseo
gratitude,10 minute morning gratitude affirmations,10,,LOW,0.0,,informational,3.2,1,dataforseo
gratitude,what is gratitude affirmations,10,,,,,informational,3.2,1,dataforseo
gratitude,body gratitude affirmations,10,0.13,HIGH,1.0,40,informational,1.9,1,dataforseo
gratitude,thankful gratitude affirmations,10,,,,27,informational,2.3,1,dataforseo
gratitude,5 minute gratitude affirmations,10,,LOW,0.0,,informational,3.2,1,dataforseo
gratitude,unlock your life morning gratitude affirmations,10,,LOW,0.0,54,informational,1.5,1,dataforseo
gratitude,50 gratitude affirmations,10,,LOW,0.0,,informational,3.2,1,dataforseo
gratitude,morning meditation gratitude affirmations,10,,,,,informational,3.2,1,dataforseo
healing,morning affirmations for healing,10,,LOW,0.0,27,informational,2.3,1,dataforseo
healing,scientific healing affirmations pdf free download,10,,,,0,informational,3.2,1,dataforseo
healing,deepak chopra soul of healing affirmations lyrics,10,,,,,informational,3.2,1,dataforseo
healing,affirmations for health and healing louise hay,10,,LOW,0.0,,informational,3.2,1,dataforseo
healing,daily affirmations healing affirmations,10,,,,3,informational,3.1,1,dataforseo
healing,scientific healing affirmations theory and practice of concentration,10,0.28,HIGH,0.93,,informational,3.2,1,dataforseo
healing,healing affirmations for pets,10,,,,23,informational,2.4,1,dataforseo
healing,prana violet healing forgiveness affirmations,10,,LOW,0.0,,informational,3.2,1,dataforseo
healing,healing from breakup affirmations,10,,LOW,0.0,,informational,3.2,1,dataforseo
healing,daily affirmations for healing stephan labossiere pdf,10,,,,,informational,3.2,1,dataforseo
healing,affirmations for healing codependency,10,,LOW,0.1,,informational,3.2,1,dataforseo
healing,subliminal affirmations healing,10,,LOW,0.0,0,informational,3.2,1,dataforseo
healing,healing affirmations book,10,,,,,informational,3.2,1,dataforseo
healing,positive affirmations quotes for healing,10,,,,58,informational,1.3,1,dataforseo
healing,divine healing affirmations,10,,,,,informational,3.2,1,dataforseo
spiritual,spiritual affirmations pdf,10,,MEDIUM,0.44,16,informational,2.7,1,dataforseo
spiritual,inspirational spiritual positive affirmations,10,,MEDIUM,0.54,0,informational,3.2,1,dataforseo
spiritual,affirmations for spiritual connection,10,,LOW,0.0,40,informational,1.9,2,dataforseo
spiritual,daily spiritual affirmations book,10,2.02,HIGH,1.0,,informational,3.2,1,dataforseo
spiritual,spiritual affirmations for christians,10,,,,,informational,3.2,1,dataforseo
spiritual,daily affirmations spiritual growth,10,,,,,informational,3.2,1,dataforseo
spiritual,prana violet healing spiritual affirmations,10,,,,,informational,3.2,1,dataforseo
spiritual,spiritual affirmations for weight loss,10,,LOW,0.0,17,informational,2.6,1,dataforseo
spiritual,spiritual affirmations strength,10,,,,39,informational,1.9,1,dataforseo
spiritual,positive spiritual affirmations for women,10,29.96,LOW,0.29,,informational,3.2,1,dataforseo
spiritual,positive spiritual daily affirmations,10,9.47,HIGH,0.94,,informational,3.2,1,dataforseo
spiritual,spiritual cleansing affirmations,10,,LOW,0.05,,informational,3.2,1,dataforseo
spiritual,best spiritual affirmations,10,1.75,MEDIUM,0.36,,informational,3.2,1,dataforseo
spiritual,spiritual prayers and affirmations,10,,,,,informational,3.2,1,dataforseo
spiritual,spiritual affirmations for success,10,,MEDIUM,0.5,0,informational,3.2,1,dataforseo
spiritual,affirmations for spiritual power,10,,LOW,0.0,17,informational,2.6,1,dataforseo
spiritual,spiritual affirmations for love,10,,,,,informational,3.2,1,dataforseo
spiritual,spiritual affirmations for prosperity,10,,,,21,informational,2.5,1,dataforseo
spiritual,spiritual money affirmations,10,,HIGH,1.0,,informational,3.2,1,dataforseo
spiritual,daily spiritual affirmations app,10,0.86,HIGH,0.69,43,navigational,1.8,1,dataforseo
spiritual,spiritual affirmations for husband success,10,,,,,informational,3.2,1,dataforseo
spiritual,spiritual affirmations quotes,10,0.04,HIGH,1.0,12,informational,2.8,1,dataforseo
spiritual,spiritual affirmations manifestation quotes,10,0.15,HIGH,1.0,,informational,3.2,1,dataforseo
spiritual,religious spiritual affirmations,10,0.39,HIGH,0.88,,informational,3.2,1,dataforseo
spiritual,spiritual beauty affirmations,10,0.11,HIGH,0.92,0,informational,3.2,1,dataforseo
spiritual,spiritual birth affirmations,10,,LOW,0.0,,informational,3.2,1,dataforseo
spiritual,powerful spiritual affirmations,10,,HIGH,1.0,17,informational,2.6,1,dataforseo
spiritual,spiritual affirmations sleep,10,,,,,informational,3.2,1,dataforseo
spiritual,spiritual business affirmations,10,,LOW,0.0,22,informational,2.5,1,dataforseo
spiritual,positive affirmations for spiritual growth,10,0.03,LOW,0.32,18,informational,2.6,1,dataforseo
spiritual,free spiritual affirmations,10,,LOW,0.14,,informational,3.2,1,dataforseo
spiritual,spiritual manifestation affirmations,10,,LOW,0.0,0,informational,3.2,1,dataforseo
spiritual,spiritual affirmations for couples,10,,LOW,0.0,,informational,3.2,1,dataforseo
spiritual,spiritual financial affirmations,10,,LOW,0.0,,informational,3.2,1,dataforseo
spiritual,positive affirmations spiritual healing,10,,HIGH,0.67,23,informational,2.4,1,dataforseo
spiritual,african spiritual affirmations,10,,LOW,0.0,27,informational,2.3,1,dataforseo
spiritual,what are spiritual affirmations,10,,LOW,0.14,40,informational,1.9,1,dataforseo
spiritual,spiritual new year affirmations,10,,,,0,informational,3.2,1,dataforseo
short,short affirmations for him to be obsessed with you,10,,LOW,0.0,,informational,3.2,1,dataforseo
short,short i am affirmations,10,0.13,MEDIUM,0.45,40,informational,1.9,1,dataforseo
short,short new year affirmations,10,,,,,informational,3.2,1,dataforseo
short,positive affirmations short video,10,,LOW,0.0,,informational,3.2,1,dataforseo
short,short affirmations for success,10,0.19,HIGH,1.0,30,informational,2.2,1,dataforseo
short,short motivational affirmations,10,14.1,HIGH,1.0,,informational,3.2,1,dataforseo
short,short sleep affirmations,10,,,,,informational,3.2,2,dataforseo
short,short affirmations for self-esteem,10,,HIGH,1.0,,informational,3.2,2,dataforseo
short,list of short affirmations,10,0.03,HIGH,0.98,,informational,3.2,1,dataforseo
short,short money affirmations,10,,LOW,0.29,39,informational,1.9,3,dataforseo
short,short inappropriate daily affirmations reddit,10,,LOW,0.0,,informational,3.2,1,dataforseo
short,short marriage affirmations for a specific person,10,,,,,informational,3.2,1,dataforseo
short,short christmas affirmations,10,,,,,informational,3.2,1,dataforseo
short,best short affirmations,10,0.04,HIGH,0.76,,informational,3.2,1,dataforseo
short,short morning affirmations for positive energy,10,0.2,HIGH,0.67,,informational,3.2,1,dataforseo
short,very short affirmations,10,0.15,HIGH,0.82,52,informational,1.5,1,dataforseo
short,short sarcastic affirmations,10,,LOW,0.22,,informational,3.2,1,dataforseo
short,short positive morning affirmations,10,,LOW,0.24,,informational,3.2,1,dataforseo
short,short negative affirmations funny,10,,MEDIUM,0.57,,informational,3.2,1,dataforseo
short,short positive affirmations for seniors,10,0.05,LOW,0.24,,informational,3.2,1,dataforseo
short,short love affirmations,10,0.04,HIGH,1.0,,informational,3.2,2,dataforseo
short,short positive affirmations for students from teachers,10,,HIGH,0.85,,informational,3.2,1,dataforseo
short,short funny sarcastic affirmations reddit,10,,LOW,0.0,,informational,3.2,1,dataforseo
short,short positive daily affirmations,10,0.05,HIGH,0.75,14,informational,2.7,1,dataforseo
short,affirmations examples and short guide,10,,,,,informational,3.2,1,dataforseo
short,short positive affirmations for self-love,10,0.19,MEDIUM,0.46,28,informational,2.3,2,dataforseo
short,short love affirmations to attract specific person,10,,,,,transactional,3.2,1,dataforseo
short,short new year affirmations 2026,10,,LOW,0.0,,informational,3.2,1,dataforseo
short,short affirmations for work,10,29.59,MEDIUM,0.47,,informational,3.2,1,dataforseo
funny,funny unhinged affirmations,10,,LOW,0.31,,informational,3.2,1,dataforseo
funny,be funny affirmations,10,,,,,informational,3.2,1,dataforseo
funny,i am funny affirmations,10,,LOW,0.0,1,informational,3.1,1,dataforseo
funny,funny positive affirmations quotes,10,0.01,MEDIUM,0.64,0,informational,3.2,1,dataforseo
funny,funny affirmations for self-esteem,10,,,,0,informational,3.2,2,dataforseo
funny,funny daily affirmations app,10,3.62,MEDIUM,0.43,27,navigational,2.3,1,dataforseo
funny,funny christmas affirmations,10,,,,,informational,3.2,1,dataforseo
funny,funny affirmations instagram,10,,LOW,0.0,,informational,3.2,1,dataforseo
funny,daily affirmations funny positive affirmations,10,,HIGH,0.75,,informational,3.2,1,dataforseo
funny,funny rhetorical affirmations,10,,LOW,0.0,50,informational,1.6,1,dataforseo
funny,funny daily affirmations book,10,,HIGH,1.0,,informational,3.2,1,dataforseo
funny,friday affirmations funny quotes,10,,,,,informational,3.2,1,dataforseo
autocomplete,affirmation manifestation difference,10,,,,,,3.2,2,apify-autocomplete
autocomplete,affirmations club,10,,0,LOW,,,3.2,1,apify-autocomplete
autocomplete,affirmations everything is working out for me,10,,0,LOW,,,3.2,1,apify-autocomplete
autocomplete,affirmations exercise worksheet,10,,14,LOW,,,3.2,1,apify-autocomplete
autocomplete,affirmations explained,10,,0,LOW,,,3.2,1,apify-autocomplete
autocomplete,affirmations female voice,10,,,,,,3.2,1,apify-autocomplete
autocomplete,affirmations for business women,10,,4,LOW,,,3.2,1,apify-autocomplete
autocomplete,affirmations for high value woman,10,,14,LOW,,,3.2,1,apify-autocomplete
autocomplete,affirmations for long healthy hair,10,,3,LOW,,,3.2,1,apify-autocomplete
autocomplete,affirmations for pregnant woman,10,,0,LOW,,,3.2,1,apify-autocomplete
autocomplete,affirmations for self love zanna keithley,10,,0,LOW,,,3.2,1,apify-autocomplete
autocomplete,affirmations for women empowerment,10,,11,LOW,,,3.2,1,apify-autocomplete
autocomplete,affirmations for women in business,10,0.64,29,LOW,,,3.2,1,apify-autocomplete
autocomplete,affirmations for women of color,10,0.16,94,HIGH,,,3.2,1,apify-autocomplete
autocomplete,affirmations for women over 50,10,0.17,34,MEDIUM,,,3.2,1,apify-autocomplete
autocomplete,affirmations for women quotes,10,,63,MEDIUM,,,3.2,2,apify-autocomplete
autocomplete,affirmations for women success,10,0.44,55,MEDIUM,,,3.2,1,apify-autocomplete
autocomplete,affirmations for women with adhd,10,,49,MEDIUM,,,3.2,1,apify-autocomplete
autocomplete,affirmations for women with low self esteem,10,0.14,87,HIGH,,,3.2,1,apify-autocomplete
autocomplete,affirmations god says about me,10,,100,HIGH,,,3.2,1,apify-autocomplete
autocomplete,affirmations handout,10,,18,LOW,,,3.2,1,apify-autocomplete
autocomplete,affirmations hannah diamond,10,,0,LOW,,,3.2,1,apify-autocomplete
autocomplete,affirmations home screen,10,,2,LOW,,,3.2,1,apify-autocomplete
autocomplete,affirmations in mi,10,,0,LOW,,,3.2,1,apify-autocomplete
autocomplete,affirmations job interview,10,,0,LOW,,,3.2,1,apify-autocomplete
autocomplete,affirmations joe dispenza,10,,0,LOW,,,3.2,1,apify-autocomplete
autocomplete,affirmations joel osteen,10,,0,LOW,,,3.2,1,apify-autocomplete
autocomplete,affirmations kassandra,10,,0,LOW,,,3.2,1,apify-autocomplete
autocomplete,affirmations kindergarten,10,0.03,74,HIGH,,,3.2,1,apify-autocomplete
autocomplete,affirmations manifestation technique,10,,0,LOW,,,3.2,1,apify-autocomplete
autocomplete,affirmations marlon riggs,10,,0,LOW,,,3.2,1,apify-autocomplete
autocomplete,affirmations new job,10,,0,LOW,,,3.2,1,apify-autocomplete
autocomplete,affirmations night of worship,10,,0,LOW,,,3.2,1,apify-autocomplete
autocomplete,affirmations night time,10,,0,LOW,,,3.2,1,apify-autocomplete
autocomplete,affirmations no ads,10,2.1,12,LOW,,,3.2,1,apify-autocomplete
autocomplete,affirmations not working,10,,0,LOW,,,3.2,1,apify-autocomplete
autocomplete,self love affirmations book,10,,100,HIGH,,,3.2,2,apify-autocomplete
autocomplete,affirmations on anxiety,10,,0,LOW,,,3.2,1,apify-autocomplete
autocomplete,affirmations quinn,10,,0,LOW,,,3.2,1,apify-autocomplete
autocomplete,affirmations really work,10,,57,MEDIUM,,,3.2,1,apify-autocomplete
autocomplete,affirmations remix lyrics,10,,0,LOW,,,3.2,1,apify-autocomplete
autocomplete,affirmations to attract beauty,10,,0,LOW,,,3.2,1,apify-autocomplete
autocomplete,manifest job affirmations,10,,0,LOW,,,3.2,2,apify-autocomplete
autocomplete,affirmations under pillow,10,,0,LOW,,,3.2,1,apify-autocomplete
autocomplete,affirmations universe,10,,0,LOW,,,3.2,1,apify-autocomplete
autocomplete,affirmations valentines,10,,,,,,3.2,1,apify-autocomplete
autocomplete,affirmations vs intentions,10,,0,LOW,,,3.2,1,apify-autocomplete
autocomplete,affirmations with greta the elephant,10,1.22,39,MEDIUM,,,3.2,1,apify-autocomplete
autocomplete,affirmations you are enough,10,0.09,100,HIGH,,,3.2,1,apify-autocomplete
autocomplete,bedtime affirmations hal elrod,10,,,,,,3.2,1,apify-autocomplete
autocomplete,bedtime affirmations kassandra,10,,,,,,3.2,1,apify-autocomplete
autocomplete,bedtime affirmations youtube,10,,0,LOW,,,3.2,1,apify-autocomplete
autocomplete,bedtime positive affirmations youtube,10,,,,,,3.2,1,apify-autocomplete
autocomplete,best sleep affirmations reddit,10,,0,LOW,,,3.2,1,apify-autocomplete
autocomplete,biblical affirmations for women with verses,10,,9,LOW,,,3.2,1,apify-autocomplete
autocomplete,bob proctor money affirmations youtube,10,,0,LOW,,,3.2,1,apify-autocomplete
autocomplete,daily affirmation chart,10,,,,,,3.2,1,apify-autocomplete
autocomplete,daily affirmation deck,10,0.02,100,HIGH,,,3.2,1,apify-autocomplete
autocomplete,daily affirmation diary,10,,100,HIGH,,,3.2,1,apify-autocomplete
autocomplete,daily affirmations about love,10,,0,LOW,,,3.2,1,apify-autocomplete
autocomplete,daily affirmations audio,10,,52,MEDIUM,,,3.2,1,apify-autocomplete
autocomplete,daily affirmations benefits,10,,,,,,3.2,1,apify-autocomplete
autocomplete,daily affirmations bot discord,10,,0,LOW,,,3.2,2,apify-autocomplete
autocomplete,daily affirmations doggyland,10,,0,LOW,,,3.2,1,apify-autocomplete
autocomplete,daily affirmations for zodiac signs,10,,0,LOW,,,3.2,1,apify-autocomplete
autocomplete,daily affirmations glow,10,,0,LOW,,,3.2,1,apify-autocomplete
autocomplete,daily affirmations hoodie,10,0.46,100,HIGH,,,3.2,1,apify-autocomplete
autocomplete,daily affirmations horoscope,10,,7,LOW,,,3.2,1,apify-autocomplete
autocomplete,daily affirmations host,10,,,,,,3.2,1,apify-autocomplete
autocomplete,daily affirmations hype me up,10,,0,LOW,,,3.2,1,apify-autocomplete
autocomplete,daily affirmations ideas,10,,69,HIGH,,,3.2,1,apify-autocomplete
autocomplete,daily affirmations images,10,,100,HIGH,,,3.2,1,apify-autocomplete
autocomplete,daily affirmations in hindi,10,,,,,,3.2,1,apify-autocomplete
autocomplete,daily affirmations instagram,10,,0,LOW,,,3.2,1,apify-autocomplete
autocomplete,daily affirmations iphone wallpaper,10,,0,LOW,,,3.2,1,apify-autocomplete
autocomplete,daily affirmations law of attraction,10,,36,MEDIUM,,,3.2,1,apify-autocomplete
autocomplete,daily affirmations lock screen,10,0.86,21,LOW,,,3.2,1,apify-autocomplete
autocomplete,daily affirmations manifestation quotes,10,,0,LOW,,,3.2,1,apify-autocomplete
autocomplete,daily affirmations night,10,,0,LOW,,,3.2,1,apify-autocomplete
autocomplete,daily affirmations notebook,10,0.39,100,HIGH,,,3.2,1,apify-autocomplete
autocomplete,daily affirmations on lock screen,10,0.33,43,MEDIUM,,,3.2,1,apify-autocomplete
autocomplete,daily affirmations online,10,2.46,19,LOW,,,3.2,1,apify-autocomplete
autocomplete,daily affirmations pinterest,10,,0,LOW,,,3.2,1,apify-autocomplete
autocomplete,daily affirmations rokelle lerner,10,0.25,100,HIGH,,,3.2,1,apify-autocomplete
autocomplete,daily affirmations self love affirmations lyrics,10,,,,,,3.2,1,apify-autocomplete
autocomplete,daily affirmations snl gif,10,,0,LOW,,,3.2,1,apify-autocomplete
autocomplete,daily affirmations snl skit,10,,0,LOW,,,3.2,1,apify-autocomplete
autocomplete,daily affirmations to build confidence,10,0.04,56,MEDIUM,,,3.2,1,apify-autocomplete
autocomplete,daily affirmations to help with anxiety,10,,30,LOW,,,3.2,1,apify-autocomplete
autocomplete,daily affirmations to tell someone,10,,6,LOW,,,3.2,1,apify-autocomplete
autocomplete,daily affirmations widget free,10,1.66,52,MEDIUM,,,3.2,1,apify-autocomplete
autocomplete,daily affirmations with stuart smalley michael jordan,10,,0,LOW,,,3.2,1,apify-autocomplete
autocomplete,daily uplifting affirmations,10,1.47,100,HIGH,,,3.2,1,apify-autocomplete
autocomplete,daily zen affirmations,10,,45,MEDIUM,,,3.2,1,apify-autocomplete
autocomplete,do affirmations help anxiety,10,,0,LOW,,,3.2,1,apify-autocomplete
autocomplete,do money affirmations really work,10,,0,LOW,,,3.2,1,apify-autocomplete
autocomplete,do sleep affirmations work reddit,10,,0,LOW,,,3.2,1,apify-autocomplete
autocomplete,easy money affirmations,10,,0,LOW,,,3.2,1,apify-autocomplete
autocomplete,effective money affirmations,10,,,,,,3.2,1,apify-autocomplete
autocomplete,eft affirmations for anxiety,10,,0,LOW,,,3.2,1,apify-autocomplete
autocomplete,empowering self love affirmations,10,,0,LOW,,,3.2,1,apify-autocomplete
autocomplete,get money affirmations,10,,7,LOW,,,3.2,1,apify-autocomplete
autocomplete,goal manifestation affirmations,10,,43,MEDIUM,,,3.2,1,apify-autocomplete
autocomplete,good money affirmations,10,0.28,17,LOW,,,3.2,1,apify-autocomplete
autocomplete,self esteem affirmations list,10,,14,LOW,,,3.2,1,apify-autocomplete
autocomplete,self esteem affirmations louise hay pdf,10,,0,LOW,,,3.2,1,apify-autocomplete
autocomplete,self esteem affirmations pdf,10,,100,HIGH,,,3.2,1,apify-autocomplete
autocomplete,self esteem affirmations youtube,10,,0,LOW,,,3.2,1,apify-autocomplete
autocomplete,self love affirmations after breakup,10,0.01,56,MEDIUM,,,3.2,1,apify-autocomplete
autocomplete,self love affirmations app,10,,0,LOW,,,3.2,1,apify-autocomplete
autocomplete,self love affirmations before bed,10,,0,LOW,,,3.2,1,apify-autocomplete
autocomplete,self love affirmations cards,10,,50,MEDIUM,,,3.2,1,apify-autocomplete
autocomplete,self love affirmations images,10,,,,,,3.2,1,apify-autocomplete
autocomplete,self love affirmations in english,10,,0,LOW,,,3.2,1,apify-autocomplete
autocomplete,self love affirmations in hindi,10,,,,,,3.2,1,apify-autocomplete
autocomplete,self love affirmations jessica heslop,10,,0,LOW,,,3.2,1,apify-autocomplete
autocomplete,self love affirmations lavendaire,10,,0,LOW,,,3.2,1,apify-autocomplete
autocomplete,self love affirmations malayalam,10,,,,,,3.2,1,apify-autocomplete
autocomplete,self love affirmations mp3 free download,10,,0,LOW,,,3.2,1,apify-autocomplete
autocomplete,self love affirmations poster,10,0.41,100,HIGH,,,3.2,1,apify-autocomplete
autocomplete,self love affirmations reddit,10,,0,LOW,,,3.2,1,apify-autocomplete
autocomplete,self love affirmations song,10,,0,LOW,,,3.2,1,apify-autocomplete
autocomplete,self love affirmations to say in the mirror,10,,,,,,3.2,1,apify-autocomplete
autocomplete,self love affirmations while you sleep,10,,0,LOW,,,3.2,1,apify-autocomplete
autocomplete,self love body affirmations,10,,100,HIGH,,,3.2,1,apify-autocomplete
autocomplete,self love shower affirmations,10,0.6,96,HIGH,,,3.2,1,apify-autocomplete
autocomplete,self self love positive affirmations inspirational quotes,10,,100,HIGH,,,3.2,1,apify-autocomplete
autocomplete,self worth affirmations louise hay,10,,0,LOW,,,3.2,1,apify-autocomplete
autocomplete,self worth affirmations pdf,10,,71,HIGH,,,3.2,1,apify-autocomplete
autocomplete,self worth affirmations quotes,10,,0,LOW,,,3.2,1,apify-autocomplete
autocomplete,self worth affirmations sleep,10,,0,LOW,,,3.2,1,apify-autocomplete
autocomplete,self worth affirmations youtube,10,,0,LOW,,,3.2,1,apify-autocomplete
autocomplete,self-love affirmations and reflections,10,0.36,100,HIGH,,,3.2,1,apify-autocomplete
autocomplete,self.love affirmations audio,10,,0,LOW,,,3.2,1,apify-autocomplete
autocomplete,sleep affirmation tapes,10,,14,LOW,,,3.2,1,apify-autocomplete
autocomplete,sleep affirmations app,10,,14,LOW,,,3.2,1,apify-autocomplete
autocomplete,sleep affirmations black screen,10,,,,,,3.2,1,apify-autocomplete
autocomplete,sleep affirmations book,10,,0,LOW,,,3.2,1,apify-autocomplete
autocomplete,sleep affirmations by jason stephenson,10,,0,LOW,,,3.2,1,apify-autocomplete
autocomplete,sleep affirmations do they work,10,,0,LOW,,,3.2,1,apify-autocomplete
autocomplete,sleep affirmations dylan james,10,,0,LOW,,,3.2,1,apify-autocomplete
autocomplete,sleep affirmations female voice,10,,0,LOW,,,3.2,1,apify-autocomplete
autocomplete,sleep affirmations for detachment,10,,,,,,3.2,1,apify-autocomplete
autocomplete,sleep affirmations for good health,10,,,,,,3.2,1,apify-autocomplete
autocomplete,sleep affirmations for weight loss,10,,2,LOW,,,3.2,2,apify-autocomplete
autocomplete,sleep affirmations happiness,10,,,,,,3.2,1,apify-autocomplete
autocomplete,sleep affirmations insomnia,10,,,,,,3.2,1,apify-autocomplete
autocomplete,sleep affirmations jennifer williamson,10,,29,LOW,,,3.2,1,apify-autocomplete
autocomplete,sleep affirmations list,10,,4,LOW,,,3.2,1,apify-autocomplete
autocomplete,sleep affirmations mp3 download,10,,,,,,3.2,1,apify-autocomplete
autocomplete,sleep affirmations reddit,10,,0,LOW,,,3.2,1,apify-autocomplete
autocomplete,sleep affirmations sp,10,,,,,,3.2,1,apify-autocomplete
autocomplete,sleep affirmations study,10,,,,,,3.2,1,apify-autocomplete
autocomplete,sleep affirmations wealth,10,,0,LOW,,,3.2,1,apify-autocomplete
autocomplete,sleep talk affirmations,10,,,,,,3.2,1,apify-autocomplete
autocomplete,sleep talk down affirmations,10,,,,,,3.2,1,apify-autocomplete
autocomplete,sleep time affirmations,10,,2,LOW,,,3.2,1,apify-autocomplete
autocomplete,sleeping affirmations in hindi,10,,,,,,3.2,1,apify-autocomplete
autocomplete,unexpected money affirmations,10,,0,LOW,,,3.2,1,apify-autocomplete
autocomplete,universe money affirmations,10,,0,LOW,,,3.2,1,apify-autocomplete
autocomplete,urgent money affirmations,10,,,,,,3.2,1,apify-autocomplete
autocomplete,wealth affirmations app rhonda byrne,10,,7,LOW,,,3.2,1,apify-autocomplete
autocomplete,wealth affirmations quotes,10,,0,LOW,,,3.2,1,apify-autocomplete
autocomplete,what are self love affirmations,10,0.06,29,LOW,,,3.2,1,apify-autocomplete
autocomplete,xhosa affirmations,10,,,,,,3.2,1,apify-autocomplete
autocomplete,xmas affirmations,10,,,,,,3.2,1,apify-autocomplete
autocomplete,zulu affirmations,10,,,,,,3.2,1,apify-autocomplete
men,positive affirmations for men with health issues,0,,,,,informational,0.0,1,dataforseo
biblical,bible affirmations tumblr,0,,,,,informational,0.0,1,dataforseo
biblical,spoken bible affirmations,0,,,,,informational,0.0,1,dataforseo
biblical,i am who god says affirmations from the bible,0,,,,,informational,0.0,1,dataforseo
biblical,the bible on affirmations,0,,,,0,informational,0.0,1,dataforseo
christian,positive christian affirmations scripture,0,,,,,informational,0.0,1,dataforseo
spiritual,spiritual pizza affirmations,0,,,,,informational,0.0,1,dataforseo
spiritual,spiritual teachers of our time daily affirmations,0,,,,,informational,0.0,1,dataforseo
spiritual,spiritual affirmations for 2024,0,,,,,informational,0.0,1,dataforseo
spiritual,spiritual affirmations for 2020,0,,,,,informational,0.0,1,dataforseo
spiritual,i am affirmations spiritual abundance prosperity and success,0,,,,0,informational,0.0,1,dataforseo
short,short affirmations before sleep,0,,,,,informational,0.0,1,dataforseo
funny,funny affirmations for 2023,0,,,,,informational,0.0,1,dataforseo
autocomplete,369 manifestation affirmations examples for money,0,,,,,,0.0,1,apify-autocomplete
autocomplete,369 manifestation method affirmations,0,,,,,,0.0,1,apify-autocomplete
autocomplete,affirmation cards for kids kmart,0,,,,,,0.0,1,apify-autocomplete
autocomplete,affirmation for health anxiety in night unable to sleep,0,,,,,,0.0,1,apify-autocomplete
autocomplete,affirmation for kids education,0,,,,,,0.0,1,apify-autocomplete
autocomplete,affirmation for kids in english,0,,,,,,0.0,1,apify-autocomplete
autocomplete,affirmation for kids study,0,,,,,,0.0,1,apify-autocomplete
autocomplete,affirmation money definition,0,,,,,,0.0,1,apify-autocomplete
autocomplete,affirmation zip hoodie bundle,0,,,,,,0.0,1,apify-autocomplete
autocomplete,affirmations and prayer,0,,,,,,0.0,1,apify-autocomplete
autocomplete,affirmations bedtime routine,0,,,,,,0.0,1,apify-autocomplete
autocomplete,affirmations coloring pages for kids,0,,,,,,0.0,2,apify-autocomplete
autocomplete,affirmations definition for kids,0,,,,,,0.0,2,apify-autocomplete
autocomplete,affirmations elephant tonie,0,,,,,,0.0,1,apify-autocomplete
autocomplete,affirmations examples for kids,0,,,,,,0.0,2,apify-autocomplete
autocomplete,affirmations examples for others,0,,,,,,0.0,1,apify-autocomplete
autocomplete,affirmations examples for women,0,,,,,,0.0,2,apify-autocomplete
autocomplete,affirmations for anxiety and low self esteem,0,,,,,,0.0,1,apify-autocomplete
autocomplete,affirmations for anxiety and ocd,0,,,,,,0.0,1,apify-autocomplete
autocomplete,affirmations for anxiety and panic,0,,,,,,0.0,1,apify-autocomplete
autocomplete,affirmations for anxiety and self esteem,0,,,,,,0.0,1,apify-autocomplete
autocomplete,affirmations for anxiety attacks,0,,,,,,0.0,1,apify-autocomplete
autocomplete,affirmations for anxiety before surgery,0,,,,,,0.0,1,apify-autocomplete
autocomplete,affirmations for anxiety during pregnancy,0,,,,,,0.0,1,apify-autocomplete
autocomplete,affirmations for anxiety kids,0,,,,,,0.0,3,apify-autocomplete
autocomplete,affirmations for anxiety teens,0,,,,,,0.0,2,apify-autocomplete
autocomplete,affirmations for anxiety in hindi,0,,,,,,0.0,1,apify-autocomplete
autocomplete,affirmations for anxiety in relationships,0,,,,,,0.0,1,apify-autocomplete
autocomplete,affirmations for anxiety jar,0,,,,,,0.0,1,apify-autocomplete
autocomplete,affirmations for anxiety journal,0,,,,,,0.0,1,apify-autocomplete
autocomplete,affirmations for anxiety journal prompts,0,,,,,,0.0,1,apify-autocomplete
autocomplete,affirmations for anxiety joy,0,,,,,,0.0,1,apify-autocomplete
autocomplete,affirmations for anxiety joyce meyer,0,,,,,,0.0,1,apify-autocomplete
autocomplete,affirmations for anxiety lavendaire,0,,,,,,0.0,1,apify-autocomplete
autocomplete,affirmations for anxiety pdf,0,,,,,,0.0,1,apify-autocomplete
autocomplete,affirmations for anxiety reddit,0,,,,,,0.0,1,apify-autocomplete
autocomplete,affirmations for anxiety with music,0,,,,,,0.0,1,apify-autocomplete
autocomplete,affirmations for anxiety with music short,0,,,,,,0.0,1,apify-autocomplete
autocomplete,affirmations for bad anxiety,0,,,,,,0.0,1,apify-autocomplete
autocomplete,affirmations for black women journal,0,,,,,,0.0,1,apify-autocomplete
autocomplete,affirmations for black women quotes,0,,,,,,0.0,1,apify-autocomplete
autocomplete,affirmations for boys of color,0,,,,,,0.0,1,apify-autocomplete
autocomplete,affirmations for career women,0,,,,,,0.0,1,apify-autocomplete
autocomplete,affirmations for children with anxiety,0,,,,,,0.0,1,apify-autocomplete
autocomplete,affirmations for college kids,0,,,,,,0.0,1,apify-autocomplete
autocomplete,affirmations for college women,0,,,,,,0.0,1,apify-autocomplete
autocomplete,affirmations for death anxiety,0,,,,,,0.0,1,apify-autocomplete
autocomplete,affirmations for dental anxiety,0,,,,,,0.0,1,apify-autocomplete
autocomplete,affirmations for depressed women,0,,,,,,0.0,1,apify-autocomplete
autocomplete,affirmations for divorced women,0,,,,,,0.0,1,apify-autocomplete
autocomplete,affirmations for early pregnancy anxiety,0,,,,,,0.0,1,apify-autocomplete
autocomplete,affirmations for eating anxiety,0,,,,,,0.0,1,apify-autocomplete
autocomplete,affirmations for elderly women,0,,,,,,0.0,1,apify-autocomplete
autocomplete,affirmations for elementary kids,0,,,,,,0.0,1,apify-autocomplete
autocomplete,affirmations for existential anxiety,0,,,,,,0.0,1,apify-autocomplete
autocomplete,affirmations for extreme anxiety,0,,,,,,0.0,1,apify-autocomplete
autocomplete,affirmations for fear and anxiety in hindi,0,,,,,,0.0,1,apify-autocomplete
autocomplete,affirmations for financial anxiety,0,,,,,,0.0,1,apify-autocomplete
autocomplete,affirmations for flight anxiety,0,,,,,,0.0,1,apify-autocomplete
autocomplete,affirmations for food anxiety,0,,,,,,0.0,1,apify-autocomplete
autocomplete,affirmations for future anxiety,0,,,,,,0.0,1,apify-autocomplete
autocomplete,affirmations for generalized anxiety disorder,0,,,,,,0.0,1,apify-autocomplete
autocomplete,affirmations for hangover anxiety,0,,,,,,0.0,1,apify-autocomplete
autocomplete,affirmations for healing anxiety,0,,,,,,0.0,1,apify-autocomplete
autocomplete,affirmations for health anxiety reddit,0,,,,,,0.0,1,apify-autocomplete
autocomplete,affirmations for high anxiety,0,,,,,,0.0,1,apify-autocomplete
autocomplete,affirmations for high functioning anxiety,0,,,,,,0.0,1,apify-autocomplete
autocomplete,affirmations for illness anxiety,0,,,,,,0.0,1,apify-autocomplete
autocomplete,affirmations for kids,0,,,,,,0.0,5,apify-autocomplete
autocomplete,affirmations for kids and parents,0,,,,,,0.0,1,apify-autocomplete
autocomplete,affirmations for kids and teens,0,,,,,,0.0,1,apify-autocomplete
autocomplete,affirmations for kids at bedtime,0,,,,,,0.0,1,apify-autocomplete
autocomplete,affirmations for kids at night,0,,,,,,0.0,1,apify-autocomplete
autocomplete,affirmations for kids at school,0,,,,,,0.0,1,apify-autocomplete
autocomplete,affirmations for kids bedroom,0,,,,,,0.0,1,apify-autocomplete
autocomplete,bedtime affirmations kids,0,,,,,,0.0,2,apify-autocomplete
autocomplete,affirmations for kids before a test,0,,,,,,0.0,1,apify-autocomplete
autocomplete,affirmations for kids before bed,0,,,,,,0.0,1,apify-autocomplete
autocomplete,affirmations for kids before school,0,,,,,,0.0,1,apify-autocomplete
autocomplete,affirmations for kids behavior,0,,,,,,0.0,1,apify-autocomplete
autocomplete,affirmations for kids being bullied,0,,,,,,0.0,1,apify-autocomplete
autocomplete,affirmations for kids benefits,0,,,,,,0.0,1,apify-autocomplete
autocomplete,affirmations for kids bible,0,,,,,,0.0,1,apify-autocomplete
autocomplete,affirmations for kids book,0,,,,,,0.0,1,apify-autocomplete
autocomplete,affirmations for kids cards,0,,,,,,0.0,1,apify-autocomplete
autocomplete,affirmations for kids christian,0,,,,,,0.0,1,apify-autocomplete
autocomplete,affirmations for kids classroom,0,,,,,,0.0,1,apify-autocomplete
autocomplete,affirmations for kids clipart,0,,,,,,0.0,1,apify-autocomplete
autocomplete,affirmations for kids confidence,0,,,,,,0.0,1,apify-autocomplete
autocomplete,daily affirmations for kids,0,,,,,,0.0,3,apify-autocomplete
autocomplete,affirmations for kids decor,0,,,,,,0.0,1,apify-autocomplete
autocomplete,affirmations for kids doggyland,0,,,,,,0.0,1,apify-autocomplete
autocomplete,affirmations for kids etsy,0,,,,,,0.0,1,apify-autocomplete
autocomplete,affirmations for kids school,0,,,,,,0.0,2,apify-autocomplete
autocomplete,affirmations for kids for studies,0,,,,,,0.0,1,apify-autocomplete
autocomplete,affirmations for kids testing,0,,,,,,0.0,2,apify-autocomplete
autocomplete,affirmations for kids free printable,0,,,,,,0.0,2,apify-autocomplete
autocomplete,affirmations for kids from parents,0,,,,,,0.0,1,apify-autocomplete
autocomplete,affirmations for kids from teachers,0,,,,,,0.0,1,apify-autocomplete
autocomplete,affirmations for kids from the bible,0,,,,,,0.0,1,apify-autocomplete
autocomplete,affirmations for kids girls,0,,,,,,0.0,1,apify-autocomplete
autocomplete,affirmations for kids going back to school,0,,,,,,0.0,1,apify-autocomplete
autocomplete,affirmations for kids going to school,0,,,,,,0.0,1,apify-autocomplete
autocomplete,affirmations for kids growth mindset,0,,,,,,0.0,1,apify-autocomplete
autocomplete,affirmations for kids health,0,,,,,,0.0,1,apify-autocomplete
autocomplete,affirmations for kids i am,0,,,,,,0.0,1,apify-autocomplete
autocomplete,affirmations for kids images,0,,,,,,0.0,1,apify-autocomplete
autocomplete,affirmations for kids in school,0,,,,,,0.0,1,apify-autocomplete
autocomplete,affirmations for kids in spanish,0,,,,,,0.0,1,apify-autocomplete
autocomplete,affirmations for kids in sports,0,,,,,,0.0,1,apify-autocomplete
autocomplete,affirmations for kids in the classroom,0,,,,,,0.0,1,apify-autocomplete
autocomplete,affirmations for kids in the morning,0,,,,,,0.0,1,apify-autocomplete
autocomplete,affirmations for kids learning,0,,,,,,0.0,1,apify-autocomplete
autocomplete,affirmations for kids list,0,,,,,,0.0,1,apify-autocomplete
autocomplete,affirmations for kids lunch,0,,,,,,0.0,1,apify-autocomplete
autocomplete,affirmations for kids lunch box,0,,,,,,0.0,1,apify-autocomplete
autocomplete,affirmations for kids meaning,0,,,,,,0.0,1,apify-autocomplete
autocomplete,affirmations for kids memory matching game,0,,,,,,0.0,1,apify-autocomplete
autocomplete,affirmations for kids mental health,0,,,,,,0.0,1,apify-autocomplete
autocomplete,affirmations for kids mirror,0,,,,,,0.0,1,apify-autocomplete
autocomplete,morning affirmations for kids,0,,,,,,0.0,3,apify-autocomplete
autocomplete,affirmations for kids night time,0,,,,,,0.0,1,apify-autocomplete
autocomplete,affirmations for kids on youtube,0,,,,,,0.0,1,apify-autocomplete
autocomplete,affirmations for kids one word,0,,,,,,0.0,1,apify-autocomplete
autocomplete,affirmations for kids pdf,0,,,,,,0.0,1,apify-autocomplete
autocomplete,affirmations for kids pinterest,0,,,,,,0.0,1,apify-autocomplete
autocomplete,affirmations for kids poster,0,,,,,,0.0,1,apify-autocomplete
autocomplete,affirmations for kids print,0,,,,,,0.0,2,apify-autocomplete
autocomplete,affirmations for kids printable,0,,,,,,0.0,1,apify-autocomplete
autocomplete,affirmations for kids printable pdf,0,,,,,,0.0,1,apify-autocomplete
autocomplete,affirmations for kids printable pdf free,0,,,,,,0.0,1,apify-autocomplete
autocomplete,affirmations for kids reddit,0,,,,,,0.0,1,apify-autocomplete
autocomplete,affirmations for kids room,0,,,,,,0.0,1,apify-autocomplete
autocomplete,self love affirmations for kids,0,,,,,,0.0,3,apify-autocomplete
autocomplete,sleep affirmations for kids,0,,,,,,0.0,4,apify-autocomplete
autocomplete,affirmations for kids snoop dogg,0,,,,,,0.0,1,apify-autocomplete
autocomplete,affirmations for kids spanish,0,,,,,,0.0,1,apify-autocomplete
autocomplete,affirmations for kids sports,0,,,,,,0.0,1,apify-autocomplete
autocomplete,affirmations for kids success,0,,,,,,0.0,1,apify-autocomplete
autocomplete,affirmations for kids taking tests,0,,,,,,0.0,1,apify-autocomplete
autocomplete,affirmations for kids to build confidence,0,,,,,,0.0,1,apify-autocomplete
autocomplete,affirmations for kids to say,0,,,,,,0.0,1,apify-autocomplete
autocomplete,affirmations for kids to say at night,0,,,,,,0.0,1,apify-autocomplete
autocomplete,affirmations for kids video,0,,,,,,0.0,2,apify-autocomplete
autocomplete,affirmations for kids wall,0,,,,,,0.0,1,apify-autocomplete
autocomplete,affirmations for kids wall art,0,,,,,,0.0,1,apify-autocomplete
autocomplete,affirmations for kids while sleeping,0,,,,,,0.0,1,apify-autocomplete
autocomplete,affirmations for kids who are bullied,0,,,,,,0.0,1,apify-autocomplete
autocomplete,affirmations for kids with adhd,0,,,,,,0.0,1,apify-autocomplete
autocomplete,affirmations for kids with anxiety,0,,,,,,0.0,1,apify-autocomplete
autocomplete,affirmations for kids with autism,0,,,,,,0.0,1,apify-autocomplete
autocomplete,affirmations for kids with low self esteem,0,,,,,,0.0,1,apify-autocomplete
autocomplete,affirmations for kids with pictures,0,,,,,,0.0,1,apify-autocomplete
autocomplete,affirmations for kids with separation anxiety,0,,,,,,0.0,1,apify-autocomplete
autocomplete,affirmations for kids worksheet,0,,,,,,0.0,2,apify-autocomplete
autocomplete,affirmations for kids you are,0,,,,,,0.0,1,apify-autocomplete
autocomplete,affirmations for kids youtube,0,,,,,,0.0,1,apify-autocomplete
autocomplete,affirmations for latina women,0,,,,,,0.0,1,apify-autocomplete
autocomplete,affirmations for less anxiety,0,,,,,,0.0,1,apify-autocomplete
autocomplete,affirmations for little kids,0,,,,,,0.0,1,apify-autocomplete
autocomplete,affirmations for managing anxiety,0,,,,,,0.0,1,apify-autocomplete
autocomplete,affirmations for married women,0,,,,,,0.0,1,apify-autocomplete
autocomplete,affirmations for medical anxiety,0,,,,,,0.0,1,apify-autocomplete
autocomplete,affirmations for menopausal women,0,,,,,,0.0,1,apify-autocomplete
autocomplete,affirmations for money anxiety,0,,,,,,0.0,1,apify-autocomplete
autocomplete,affirmations for muslim kids,0,,,,,,0.0,1,apify-autocomplete
autocomplete,affirmations for muslim women,0,,,,,,0.0,1,apify-autocomplete
autocomplete,affirmations for neurodivergent kids,0,,,,,,0.0,1,apify-autocomplete
autocomplete,affirmations for neurodivergent women,0,,,,,,0.0,1,apify-autocomplete
autocomplete,affirmations for nighttime anxiety,0,,,,,,0.0,1,apify-autocomplete
autocomplete,affirmations for nursery kids,0,,,,,,0.0,1,apify-autocomplete
autocomplete,affirmations for older kids,0,,,,,,0.0,1,apify-autocomplete
autocomplete,affirmations for overcoming anxiety,0,,,,,,0.0,1,apify-autocomplete
autocomplete,affirmations for perfectionism kids,0,,,,,,0.0,1,apify-autocomplete
autocomplete,affirmations for plane anxiety,0,,,,,,0.0,1,apify-autocomplete
autocomplete,affirmations for political anxiety,0,,,,,,0.0,1,apify-autocomplete
autocomplete,affirmations for postpartum anxiety,0,,,,,,0.0,1,apify-autocomplete
autocomplete,affirmations for preschool kids,0,,,,,,0.0,1,apify-autocomplete
autocomplete,affirmations for reducing anxiety,0,,,,,,0.0,1,apify-autocomplete
autocomplete,affirmations for school anxiety,0,,,,,,0.0,1,apify-autocomplete
autocomplete,affirmations for self love zanna,0,,,,,,0.0,1,apify-autocomplete
autocomplete,affirmations for separation anxiety,0,,,,,,0.0,1,apify-autocomplete
autocomplete,affirmations for severe anxiety,0,,,,,,0.0,1,apify-autocomplete
autocomplete,affirmations for sick kids,0,,,,,,0.0,1,apify-autocomplete
autocomplete,affirmations for small kids,0,,,,,,0.0,1,apify-autocomplete
autocomplete,affirmations for social anxiety,0,,,,,,0.0,1,apify-autocomplete
autocomplete,affirmations for social anxiety reddit,0,,,,,,0.0,1,apify-autocomplete
autocomplete,affirmations for social anxiety youtube,0,,,,,,0.0,1,apify-autocomplete
autocomplete,affirmations for teens with anxiety,0,,,,,,0.0,1,apify-autocomplete
autocomplete,affirmations for time anxiety,0,,,,,,0.0,1,apify-autocomplete
autocomplete,affirmations for toddler girls,0,,,,,,0.0,1,apify-autocomplete
autocomplete,affirmations for trans women,0,,,,,,0.0,1,apify-autocomplete
autocomplete,affirmations for unconditional self love,0,,,,,,0.0,1,apify-autocomplete
autocomplete,affirmations for women at work,0,,,,,,0.0,1,apify-autocomplete
autocomplete,affirmations for women audio,0,,,,,,0.0,1,apify-autocomplete
autocomplete,affirmations for women business owners,0,,,,,,0.0,1,apify-autocomplete
autocomplete,affirmations for women dating,0,,,,,,0.0,1,apify-autocomplete
autocomplete,affirmations for women entrepreneurs,0,,,,,,0.0,1,apify-autocomplete
autocomplete,affirmations for women friends,0,,,,,,0.0,1,apify-autocomplete
autocomplete,affirmations for women going through a breakup,0,,,,,,0.0,1,apify-autocomplete
autocomplete,affirmations for women in labor,0,,,,,,0.0,1,apify-autocomplete
autocomplete,affirmations for women in leadership,0,,,,,,0.0,1,apify-autocomplete
autocomplete,affirmations for women in relationships,0,,,,,,0.0,1,apify-autocomplete
autocomplete,affirmations for women in spanish,0,,,,,,0.0,1,apify-autocomplete
autocomplete,affirmations for women in the bible,0,,,,,,0.0,1,apify-autocomplete
autocomplete,affirmations for women in the workplace,0,,,,,,0.0,1,apify-autocomplete
autocomplete,affirmations for women leaders,0,,,,,,0.0,1,apify-autocomplete
autocomplete,affirmations for women love,0,,,,,,0.0,1,apify-autocomplete
autocomplete,affirmations for women meaning,0,,,,,,0.0,1,apify-autocomplete
autocomplete,affirmations for women mental health,0,,,,,,0.0,1,apify-autocomplete
autocomplete,money affirmations for women,0,,,,,,0.0,2,apify-autocomplete
autocomplete,affirmations for women over 60,0,,,,,,0.0,1,apify-autocomplete
autocomplete,affirmations for women pdf,0,,,,,,0.0,1,apify-autocomplete
autocomplete,affirmations for women to men,0,,,,,,0.0,1,apify-autocomplete
autocomplete,affirmations for women to say to men,0,,,,,,0.0,1,apify-autocomplete
autocomplete,affirmations for women today,0,,,,,,0.0,1,apify-autocomplete
autocomplete,affirmations for women trying to conceive,0,,,,,,0.0,1,apify-autocomplete
autocomplete,affirmations for women using bible verses,0,,,,,,0.0,1,apify-autocomplete
autocomplete,affirmations for women video,0,,,,,,0.0,1,apify-autocomplete
autocomplete,affirmations for women with depression,0,,,,,,0.0,1,apify-autocomplete
autocomplete,affirmations for young kids,0,,,,,,0.0,1,apify-autocomplete
autocomplete,affirmations girl,0,,,,,,0.0,1,apify-autocomplete
autocomplete,affirmations group activity,0,,,,,,0.0,1,apify-autocomplete
autocomplete,affirmations handout pdf,0,,,,,,0.0,1,apify-autocomplete
autocomplete,affirmations in sleep,0,,,,,,0.0,1,apify-autocomplete
autocomplete,affirmations jar for kids,0,,,,,,0.0,1,apify-autocomplete
autocomplete,affirmations job search,0,,,,,,0.0,1,apify-autocomplete
autocomplete,affirmations jobs,0,,,,,,0.0,1,apify-autocomplete
autocomplete,affirmations joyce meyer,0,,,,,,0.0,1,apify-autocomplete
autocomplete,affirmations kannada,0,,,,,,0.0,1,apify-autocomplete
autocomplete,affirmations ke fayde in hindi,0,,,,,,0.0,1,apify-autocomplete
autocomplete,affirmations kids need to hear,0,,,,,,0.0,1,apify-autocomplete
autocomplete,affirmations songs for kids,0,,,,,,0.0,2,apify-autocomplete
autocomplete,affirmations kinder,0,,,,,,0.0,1,apify-autocomplete
autocomplete,affirmations kmart,0,,,,,,0.0,1,apify-autocomplete
autocomplete,affirmations kya hota hai,0,,,,,,0.0,1,apify-autocomplete
autocomplete,manifest dreams affirmations,0,,,,,,0.0,2,apify-autocomplete
autocomplete,affirmations mental health,0,,,,,,0.0,1,apify-autocomplete
autocomplete,affirmations morning or night,0,,,,,,0.0,1,apify-autocomplete
autocomplete,affirmations neuroplasticity,0,,,,,,0.0,1,apify-autocomplete
autocomplete,affirmations neuroscience,0,,,,,,0.0,1,apify-autocomplete
autocomplete,affirmations notes,0,,,,,,0.0,1,apify-autocomplete
autocomplete,affirmations preschool,0,,,,,,0.0,1,apify-autocomplete
autocomplete,affirmations queer prom,0,,,,,,0.0,1,apify-autocomplete
autocomplete,affirmations quiz,0,,,,,,0.0,1,apify-autocomplete
autocomplete,affirmations quotes for kids,0,,,,,,0.0,1,apify-autocomplete
autocomplete,affirmations quotes of encouragement,0,,,,,,0.0,1,apify-autocomplete
autocomplete,affirmations rainbow,0,,,,,,0.0,1,apify-autocomplete
autocomplete,affirmations to get new job,0,,,,,,0.0,1,apify-autocomplete
autocomplete,affirmations to wake up to,0,,,,,,0.0,1,apify-autocomplete
autocomplete,affirmations uk,0,,,,,,0.0,1,apify-autocomplete
autocomplete,affirmations uncertainty,0,,,,,,0.0,1,apify-autocomplete
autocomplete,affirmations unicorn,0,,,,,,0.0,1,apify-autocomplete
autocomplete,affirmations unique,0,,,,,,0.0,1,apify-autocomplete
autocomplete,affirmations uplifting,0,,,,,,0.0,1,apify-autocomplete
autocomplete,affirmations urdu,0,,,,,,0.0,1,apify-autocomplete
autocomplete,affirmations used by michael jackson,0,,,,,,0.0,1,apify-autocomplete
autocomplete,affirmations used in a sentence,0,,,,,,0.0,1,apify-autocomplete
autocomplete,affirmations video snoop dogg,0,,,,,,0.0,1,apify-autocomplete
autocomplete,affirmations video youtube,0,,,,,,0.0,1,apify-autocomplete
autocomplete,affirmations you are loved,0,,,,,,0.0,1,apify-autocomplete
autocomplete,affirmations you can do it,0,,,,,,0.0,1,apify-autocomplete
autocomplete,affirmations youth prom,0,,,,,,0.0,1,apify-autocomplete
autocomplete,affirmations youtube louise hay,0,,,,,,0.0,1,apify-autocomplete
autocomplete,affirmations youtube snoop dogg,0,,,,,,0.0,1,apify-autocomplete
autocomplete,are self love affirmations haram,0,,,,,,0.0,1,apify-autocomplete
autocomplete,are sleep affirmations effective,0,,,,,,0.0,1,apify-autocomplete
autocomplete,attract money affirmations youtube,0,,,,,,0.0,1,apify-autocomplete
autocomplete,bedtime positive affirmations for kids,0,,,,,,0.0,2,apify-autocomplete
autocomplete,bedtime affirmations lavendaire,0,,,,,,0.0,1,apify-autocomplete
autocomplete,bedtime affirmations meditation,0,,,,,,0.0,1,apify-autocomplete
autocomplete,bedtime affirmations reddit,0,,,,,,0.0,1,apify-autocomplete
autocomplete,bedtime affirmations unlock your life,0,,,,,,0.0,1,apify-autocomplete
autocomplete,bedtime sleep affirmations for positive thinking,0,,,,,,0.0,1,apify-autocomplete
autocomplete,benefits of self love affirmations,0,,,,,,0.0,2,apify-autocomplete
autocomplete,best manifestation affirmations reddit,0,,,,,,0.0,1,apify-autocomplete
autocomplete,best positive affirmations for anxiety,0,,,,,,0.0,1,apify-autocomplete
autocomplete,best self love affirmations reddit,0,,,,,,0.0,1,apify-autocomplete
autocomplete,best sleep affirmations on spotify,0,,,,,,0.0,1,apify-autocomplete
autocomplete,bible quotes for women kjv,0,,,,,,0.0,1,apify-autocomplete
autocomplete,black girl self love affirmations,0,,,,,,0.0,1,apify-autocomplete
autocomplete,calming affirmations for anxiety youtube,0,,,,,,0.0,1,apify-autocomplete
autocomplete,charli xcx affirmations,0,,,,,,0.0,1,apify-autocomplete
autocomplete,christian affirmations for stress and anxiety youtube,0,,,,,,0.0,1,apify-autocomplete
autocomplete,daily affirmation exercise,0,,,,,,0.0,1,apify-autocomplete
autocomplete,daily affirmation kit,0,,,,,,0.0,1,apify-autocomplete
autocomplete,daily affirmation quote for today,0,,,,,,0.0,1,apify-autocomplete
autocomplete,daily affirmation quotes for students,0,,,,,,0.0,1,apify-autocomplete
autocomplete,daily affirmation video little girl,0,,,,,,0.0,1,apify-autocomplete
autocomplete,daily affirmation virgo,0,,,,,,0.0,1,apify-autocomplete
autocomplete,daily affirmation yup,0,,,,,,0.0,1,apify-autocomplete
autocomplete,daily affirmations adult children of alcoholics,0,,,,,,0.0,1,apify-autocomplete
autocomplete,daily affirmations api,0,,,,,,0.0,1,apify-autocomplete
autocomplete,daily affirmations at work,0,,,,,,0.0,1,apify-autocomplete
autocomplete,daily affirmations for black men,0,,,,,,0.0,2,apify-autocomplete
autocomplete,daily affirmations for black women,0,,,,,,0.0,2,apify-autocomplete
autocomplete,daily affirmations body positivity,0,,,,,,0.0,1,apify-autocomplete
autocomplete,daily affirmations catholic,0,,,,,,0.0,1,apify-autocomplete
autocomplete,daily affirmations christ embassy,0,,,,,,0.0,1,apify-autocomplete
autocomplete,daily affirmations coloring pages,0,,,,,,0.0,1,apify-autocomplete
autocomplete,daily affirmations define,0,,,,,,0.0,1,apify-autocomplete
autocomplete,daily affirmations depression,0,,,,,,0.0,1,apify-autocomplete
autocomplete,daily affirmations desk,0,,,,,,0.0,1,apify-autocomplete
autocomplete,daily affirmations ebook,0,,,,,,0.0,1,apify-autocomplete
autocomplete,daily affirmations elementary school,0,,,,,,0.0,1,apify-autocomplete
autocomplete,daily affirmations email sign up,0,,,,,,0.0,1,apify-autocomplete
autocomplete,daily affirmations energy,0,,,,,,0.0,1,apify-autocomplete
autocomplete,daily affirmations etsy,0,,,,,,0.0,1,apify-autocomplete
autocomplete,daily affirmations everyday,0,,,,,,0.0,1,apify-autocomplete
autocomplete,daily affirmations explained,0,,,,,,0.0,1,apify-autocomplete
autocomplete,daily affirmations for health anxiety,0,,,,,,0.0,1,apify-autocomplete
autocomplete,daily affirmations for kids youtube,0,,,,,,0.0,2,apify-autocomplete
autocomplete,daily affirmations for new beginnings,0,,,,,,0.0,1,apify-autocomplete
autocomplete,daily affirmations for teen girls,0,,,,,,0.0,2,apify-autocomplete
autocomplete,daily affirmations for women journal,0,,,,,,0.0,2,apify-autocomplete
autocomplete,daily affirmations for women video,0,,,,,,0.0,1,apify-autocomplete
autocomplete,daily affirmations for women youtube,0,,,,,,0.0,1,apify-autocomplete
autocomplete,daily affirmations girl,0,,,,,,0.0,1,apify-autocomplete
autocomplete,daily affirmations girl in mirror,0,,,,,,0.0,1,apify-autocomplete
autocomplete,daily affirmations glorilla song,0,,,,,,0.0,1,apify-autocomplete
autocomplete,daily affirmations hashtags,0,,,,,,0.0,1,apify-autocomplete
autocomplete,daily affirmations hindi,0,,,,,,0.0,1,apify-autocomplete
autocomplete,daily affirmations how to,0,,,,,,0.0,1,apify-autocomplete
autocomplete,daily affirmations humor,0,,,,,,0.0,1,apify-autocomplete
autocomplete,daily affirmations in christ,0,,,,,,0.0,1,apify-autocomplete
autocomplete,daily affirmations in cursive,0,,,,,,0.0,1,apify-autocomplete
autocomplete,daily affirmations in the bible,0,,,,,,0.0,1,apify-autocomplete
autocomplete,daily affirmations jesus,0,,,,,,0.0,1,apify-autocomplete
autocomplete,daily affirmations joe dispenza,0,,,,,,0.0,1,apify-autocomplete
autocomplete,daily affirmations joke,0,,,,,,0.0,1,apify-autocomplete
autocomplete,daily affirmations just for today,0,,,,,,0.0,1,apify-autocomplete
autocomplete,daily affirmations juvenile ha,0,,,,,,0.0,1,apify-autocomplete
autocomplete,daily affirmations kindergarten,0,,,,,,0.0,1,apify-autocomplete
autocomplete,daily affirmations kmart,0,,,,,,0.0,1,apify-autocomplete
autocomplete,daily affirmations little girl,0,,,,,,0.0,1,apify-autocomplete
autocomplete,daily affirmations little girl in mirror,0,,,,,,0.0,1,apify-autocomplete
autocomplete,daily affirmations lyrics shanin blake,0,,,,,,0.0,1,apify-autocomplete
autocomplete,daily affirmations michael jordan snl,0,,,,,,0.0,1,apify-autocomplete
autocomplete,daily affirmations na,0,,,,,,0.0,1,apify-autocomplete
autocomplete,daily affirmations near me,0,,,,,,0.0,1,apify-autocomplete
autocomplete,daily affirmations new year,0,,,,,,0.0,1,apify-autocomplete
autocomplete,daily affirmations newsletter,0,,,,,,0.0,1,apify-autocomplete
autocomplete,daily affirmations non religious,0,,,,,,0.0,1,apify-autocomplete
autocomplete,daily affirmations notes,0,,,,,,0.0,1,apify-autocomplete
autocomplete,daily affirmations notion,0,,,,,,0.0,1,apify-autocomplete
autocomplete,daily affirmations of success,0,,,,,,0.0,1,apify-autocomplete
autocomplete,daily affirmations on iphone,0,,,,,,0.0,1,apify-autocomplete
autocomplete,daily affirmations on saturday night live,0,,,,,,0.0,1,apify-autocomplete
autocomplete,daily affirmations on youtube,0,,,,,,0.0,1,apify-autocomplete
autocomplete,daily affirmations phone wallpaper,0,,,,,,0.0,1,apify-autocomplete
autocomplete,daily affirmations positive affirmations for anxiety lyrics,0,,,,,,0.0,1,apify-autocomplete
autocomplete,daily affirmations prayer,0,,,,,,0.0,1,apify-autocomplete
autocomplete,daily affirmations preschool,0,,,,,,0.0,1,apify-autocomplete
autocomplete,daily affirmations printable free,0,,,,,,0.0,1,apify-autocomplete
autocomplete,daily affirmations questions,0,,,,,,0.0,1,apify-autocomplete
autocomplete,daily affirmations quotes book,0,,,,,,0.0,1,apify-autocomplete
autocomplete,daily affirmations quotes for kids,0,,,,,,0.0,1,apify-autocomplete
autocomplete,daily affirmations quotes for men,0,,,,,,0.0,1,apify-autocomplete
autocomplete,daily affirmations quotes for work,0,,,,,,0.0,1,apify-autocomplete
autocomplete,daily affirmations random,0,,,,,,0.0,1,apify-autocomplete
autocomplete,daily affirmations rap,0,,,,,,0.0,1,apify-autocomplete
autocomplete,daily affirmations rapper,0,,,,,,0.0,1,apify-autocomplete
autocomplete,daily affirmations readings,0,,,,,,0.0,1,apify-autocomplete
autocomplete,daily affirmations recovery,0,,,,,,0.0,1,apify-autocomplete
autocomplete,daily affirmations research,0,,,,,,0.0,1,apify-autocomplete
autocomplete,daily affirmations sarcastic,0,,,,,,0.0,1,apify-autocomplete
autocomplete,daily affirmations to send him,0,,,,,,0.0,1,apify-autocomplete
autocomplete,daily affirmations to send to your girlfriend,0,,,,,,0.0,1,apify-autocomplete
autocomplete,daily affirmations to tell your girlfriend,0,,,,,,0.0,1,apify-autocomplete
autocomplete,daily affirmations to write down,0,,,,,,0.0,1,apify-autocomplete
autocomplete,daily affirmations uk,0,,,,,,0.0,1,apify-autocomplete
autocomplete,daily affirmations universe,0,,,,,,0.0,1,apify-autocomplete
autocomplete,daily affirmations verses,0,,,,,,0.0,1,apify-autocomplete
autocomplete,daily affirmations via text,0,,,,,,0.0,1,apify-autocomplete
autocomplete,daily affirmations video for kids,0,,,,,,0.0,1,apify-autocomplete
autocomplete,daily affirmations with michael jordan,0,,,,,,0.0,1,apify-autocomplete
autocomplete,daily affirmations yoga,0,,,,,,0.0,1,apify-autocomplete
autocomplete,daily affirmations you a paper chaser shirt,0,,,,,,0.0,1,apify-autocomplete
autocomplete,daily affirmations you are,0,,,,,,0.0,1,apify-autocomplete
autocomplete,daily calming affirmations for anxiety,0,,,,,,0.0,1,apify-autocomplete
autocomplete,daily daughter affirmations,0,,,,,,0.0,1,apify-autocomplete
autocomplete,daily kindness affirmations,0,,,,,,0.0,1,apify-autocomplete
autocomplete,daily quotes and affirmations app,0,,,,,,0.0,1,apify-autocomplete
autocomplete,do manifestation affirmations work,0,,,,,,0.0,1,apify-autocomplete
autocomplete,do self love affirmations work,0,,,,,,0.0,1,apify-autocomplete
autocomplete,do sleep affirmations really work,0,,,,,,0.0,1,apify-autocomplete
autocomplete,dylan james sleep affirmations reddit,0,,,,,,0.0,1,apify-autocomplete
autocomplete,easter quotes for kids jesus,0,,,,,,0.0,1,apify-autocomplete
autocomplete,eft tapping affirmations for anxiety,0,,,,,,0.0,1,apify-autocomplete
autocomplete,examples of affirmations for anxiety,0,,,,,,0.0,1,apify-autocomplete
autocomplete,examples of money affirmations,0,,,,,,0.0,2,apify-autocomplete
autocomplete,examples of positive affirmations for anxiety,0,,,,,,0.0,1,apify-autocomplete
autocomplete,examples of self love affirmations,0,,,,,,0.0,2,apify-autocomplete
autocomplete,gold manifestation affirmations,0,,,,,,0.0,1,apify-autocomplete
autocomplete,good self love affirmations,0,,,,,,0.0,1,apify-autocomplete
autocomplete,guided affirmations for anxiety,0,,,,,,0.0,1,apify-autocomplete
autocomplete,happify sleep affirmations pinterest,0,,,,,,0.0,1,apify-autocomplete
autocomplete,how do you write affirmations for manifestation,0,,,,,,0.0,1,apify-autocomplete
autocomplete,how to use affirmations for anxiety,0,,,,,,0.0,1,apify-autocomplete
autocomplete,husband manifestation affirmations quotes,0,,,,,,0.0,1,apify-autocomplete
autocomplete,hypno affirmations for combating anxiety,0,,,,,,0.0,1,apify-autocomplete
autocomplete,i am affirmations for anxiety,0,,,,,,0.0,1,apify-autocomplete
autocomplete,i am worthy sleep affirmations youtube,0,,,,,,0.0,1,apify-autocomplete
autocomplete,inspirational quotes for women job,0,,,,,,0.0,1,apify-autocomplete
autocomplete,january affirmations for kids,0,,,,,,0.0,1,apify-autocomplete
autocomplete,jesus affirmations for kids,0,,,,,,0.0,1,apify-autocomplete
autocomplete,job manifestation affirmations in hindi,0,,,,,,0.0,1,apify-autocomplete
autocomplete,kindness affirmations for kids,0,,,,,,0.0,1,apify-autocomplete
autocomplete,list of positive affirmations for self love,0,,,,,,0.0,1,apify-autocomplete
autocomplete,louise hay money affirmations youtube,0,,,,,,0.0,1,apify-autocomplete
autocomplete,louise hay self love affirmations youtube,0,,,,,,0.0,1,apify-autocomplete
autocomplete,louise hay sleep affirmations no ads,0,,,,,,0.0,1,apify-autocomplete
autocomplete,love manifestation affirmations reddit,0,,,,,,0.0,1,apify-autocomplete
autocomplete,manifest affirmations app review,0,,,,,,0.0,1,apify-autocomplete
autocomplete,manifest affirmations app review reddit,0,,,,,,0.0,1,apify-autocomplete
autocomplete,manifest affirmations cancel subscription,0,,,,,,0.0,1,apify-autocomplete
autocomplete,manifest affirmations com,0,,,,,,0.0,1,apify-autocomplete
autocomplete,manifest affirmations com reviews,0,,,,,,0.0,1,apify-autocomplete
autocomplete,manifest affirmations copia,0,,,,,,0.0,1,apify-autocomplete
autocomplete,manifest affirmations login,0,,,,,,0.0,1,apify-autocomplete
autocomplete,manifest affirmations reviews,0,,,,,,0.0,1,apify-autocomplete
autocomplete,manifest affirmations reviews reddit,0,,,,,,0.0,1,apify-autocomplete
autocomplete,manifest affirmations website,0,,,,,,0.0,1,apify-autocomplete
autocomplete,manifest beauty affirmations,0,,,,,,0.0,1,apify-autocomplete
autocomplete,manifest boyfriend affirmations,0,,,,,,0.0,1,apify-autocomplete
autocomplete,manifest crush affirmations,0,,,,,,0.0,1,apify-autocomplete
autocomplete,manifest destiny quotes,0,,,,,,0.0,1,apify-autocomplete
autocomplete,manifest health affirmations,0,,,,,,0.0,1,apify-autocomplete
autocomplete,manifest him affirmations,0,,,,,,0.0,1,apify-autocomplete
autocomplete,manifest house affirmations,0,,,,,,0.0,1,apify-autocomplete
autocomplete,manifest job mantra,0,,,,,,0.0,1,apify-autocomplete
autocomplete,manifest job quotes,0,,,,,,0.0,1,apify-autocomplete
autocomplete,manifest love mantra,0,,,,,,0.0,1,apify-autocomplete
autocomplete,manifest mantra cards,0,,,,,,0.0,1,apify-autocomplete
autocomplete,manifest money affirmations jessica heslop,0,,,,,,0.0,1,apify-autocomplete
autocomplete,manifest now affirmations,0,,,,,,0.0,1,apify-autocomplete
autocomplete,manifest now quotes,0,,,,,,0.0,1,apify-autocomplete
autocomplete,manifest overnight affirmations,0,,,,,,0.0,1,apify-autocomplete
autocomplete,manifest positive change,0,,,,,,0.0,1,apify-autocomplete
autocomplete,manifest positive day,0,,,,,,0.0,1,apify-autocomplete
autocomplete,manifest positive life,0,,,,,,0.0,1,apify-autocomplete
autocomplete,manifest pregnancy affirmations,0,,,,,,0.0,1,apify-autocomplete
autocomplete,manifest quotes netflix,0,,,,,,0.0,1,apify-autocomplete
autocomplete,manifest quotes netflix all good things,0,,,,,,0.0,1,apify-autocomplete
autocomplete,manifest relationship affirmations,0,,,,,,0.0,1,apify-autocomplete
autocomplete,manifest wealth affirmations,0,,,,,,0.0,1,apify-autocomplete
autocomplete,manifest with affirmations,0,,,,,,0.0,1,apify-autocomplete
autocomplete,manifest your affirmations,0,,,,,,0.0,1,apify-autocomplete
autocomplete,manifestation affirmation cards,0,,,,,,0.0,2,apify-autocomplete
autocomplete,manifestation affirmation generator,0,,,,,,0.0,1,apify-autocomplete
autocomplete,manifestation affirmation ideas,0,,,,,,0.0,1,apify-autocomplete
autocomplete,manifestation affirmation meditation,0,,,,,,0.0,1,apify-autocomplete
autocomplete,manifestation affirmation wallpaper,0,,,,,,0.0,1,apify-autocomplete
autocomplete,manifestation affirmation wallpaper iphone,0,,,,,,0.0,2,apify-autocomplete
autocomplete,manifestation affirmation words,0,,,,,,0.0,1,apify-autocomplete
autocomplete,manifestation affirmations app,0,,,,,,0.0,1,apify-autocomplete
autocomplete,manifestation affirmations before bed,0,,,,,,0.0,1,apify-autocomplete
autocomplete,manifestation affirmations book,0,,,,,,0.0,2,apify-autocomplete
autocomplete,manifestation affirmations examples,0,,,,,,0.0,1,apify-autocomplete
autocomplete,manifestation affirmations for baby,0,,,,,,0.0,1,apify-autocomplete
autocomplete,manifestation affirmations for business success,0,,,,,,0.0,1,apify-autocomplete
autocomplete,manifestation affirmations for ex,0,,,,,,0.0,1,apify-autocomplete
autocomplete,manifestation affirmations for good health,0,,,,,,0.0,1,apify-autocomplete
autocomplete,manifestation affirmations for health healing,0,,,,,,0.0,1,apify-autocomplete
autocomplete,manifestation affirmations for home,0,,,,,,0.0,1,apify-autocomplete
autocomplete,manifestation affirmations for kids,0,,,,,,0.0,1,apify-autocomplete
autocomplete,manifestation affirmations for love marriage,0,,,,,,0.0,1,apify-autocomplete
autocomplete,manifestation affirmations for partner,0,,,,,,0.0,1,apify-autocomplete
autocomplete,manifestation affirmations for self confidence,0,,,,,,0.0,1,apify-autocomplete
autocomplete,manifestation affirmations for students,0,,,,,,0.0,1,apify-autocomplete
autocomplete,manifestation affirmations for study,0,,,,,,0.0,1,apify-autocomplete
autocomplete,manifestation affirmations for winning money,0,,,,,,0.0,1,apify-autocomplete
autocomplete,manifestation affirmations hindi,0,,,,,,0.0,1,apify-autocomplete
autocomplete,manifestation affirmations in hindi,0,,,,,,0.0,1,apify-autocomplete
autocomplete,manifestation affirmations in marathi,0,,,,,,0.0,1,apify-autocomplete
autocomplete,manifestation affirmations in present tense,0,,,,,,0.0,1,apify-autocomplete
autocomplete,manifestation affirmations meaning,0,,,,,,0.0,2,apify-autocomplete
autocomplete,manifestation affirmations pdf,0,,,,,,0.0,1,apify-autocomplete
autocomplete,manifestation affirmations pinterest,0,,,,,,0.0,1,apify-autocomplete
autocomplete,manifestation affirmations reddit,0,,,,,,0.0,1,apify-autocomplete
autocomplete,manifestation affirmations tumblr,0,,,,,,0.0,1,apify-autocomplete
autocomplete,manifestation affirmations youtube,0,,,,,,0.0,1,apify-autocomplete
autocomplete,manifestation and affirmation meaning in hindi,0,,,,,,0.0,1,apify-autocomplete
autocomplete,manifestation babe affirmations,0,,,,,,0.0,1,apify-autocomplete
autocomplete,manifestation completed quotes,0,,,,,,0.0,1,apify-autocomplete
autocomplete,manifestation daily quotes,0,,,,,,0.0,1,apify-autocomplete
autocomplete,manifestation dream quotes,0,,,,,,0.0,1,apify-autocomplete
autocomplete,manifestation et affirmation,0,,,,,,0.0,1,apify-autocomplete
autocomplete,manifestation iphone positive affirmations phone wallpaper,0,,,,,,0.0,1,apify-autocomplete
autocomplete,manifestation journal quotes,0,,,,,,0.0,1,apify-autocomplete
autocomplete,manifestation life quotes,0,,,,,,0.0,1,apify-autocomplete
autocomplete,manifestation magic affirmations,0,,,,,,0.0,1,apify-autocomplete
autocomplete,manifestation mantra law of attraction,0,,,,,,0.0,1,apify-autocomplete
autocomplete,manifestation powerful gratitude affirmations,0,,,,,,0.0,1,apify-autocomplete
autocomplete,manifestation quotes for new year,0,,,,,,0.0,1,apify-autocomplete
autocomplete,manifestation quotes love,0,,,,,,0.0,1,apify-autocomplete
autocomplete,manifestation quotes neville goddard,0,,,,,,0.0,1,apify-autocomplete
autocomplete,manifestation sleep affirmations,0,,,,,,0.0,1,apify-autocomplete
autocomplete,manifestation through affirmations,0,,,,,,0.0,1,apify-autocomplete
autocomplete,manifestation to universe affirmations,0,,,,,,0.0,1,apify-autocomplete
autocomplete,manifestation und affirmation,0,,,,,,0.0,1,apify-autocomplete
autocomplete,manifestation vs affirmation examples,0,,,,,,0.0,1,apify-autocomplete
autocomplete,meditation affirmations for anxiety,0,,,,,,0.0,1,apify-autocomplete
autocomplete,money affirmation cards,0,,,,,,0.0,1,apify-autocomplete
autocomplete,money affirmation chant,0,,,,,,0.0,1,apify-autocomplete
autocomplete,money affirmation cup,0,,,,,,0.0,1,apify-autocomplete
autocomplete,money affirmation desktop wallpaper,0,,,,,,0.0,1,apify-autocomplete
autocomplete,money affirmation gif,0,,,,,,0.0,1,apify-autocomplete
autocomplete,money affirmation journal,0,,,,,,0.0,1,apify-autocomplete
autocomplete,money affirmation kannada,0,,,,,,0.0,1,apify-autocomplete
autocomplete,money affirmation of the day,0,,,,,,0.0,1,apify-autocomplete
autocomplete,money affirmation wallpaper for phone,0,,,,,,0.0,2,apify-autocomplete
autocomplete,money affirmation ringtone,0,,,,,,0.0,1,apify-autocomplete
autocomplete,money affirmation videos on youtube,0,,,,,,0.0,1,apify-autocomplete
autocomplete,money affirmation wallpaper hd,0,,,,,,0.0,2,apify-autocomplete
autocomplete,money affirmation water bottle,0,,,,,,0.0,1,apify-autocomplete
autocomplete,money affirmation words,0,,,,,,0.0,1,apify-autocomplete
autocomplete,money affirmations abraham hicks,0,,,,,,0.0,1,apify-autocomplete
autocomplete,money affirmations app,0,,,,,,0.0,1,apify-autocomplete
autocomplete,money affirmations attract abundance,0,,,,,,0.0,1,apify-autocomplete
autocomplete,money affirmations audio,0,,,,,,0.0,1,apify-autocomplete
autocomplete,money affirmations audio in hindi,0,,,,,,0.0,1,apify-autocomplete
autocomplete,money affirmations before sleep,0,,,,,,0.0,1,apify-autocomplete
autocomplete,money affirmations book,0,,,,,,0.0,1,apify-autocomplete
autocomplete,money affirmations by lavendaire,0,,,,,,0.0,1,apify-autocomplete
autocomplete,money affirmations by lavender,0,,,,,,0.0,1,apify-autocomplete
autocomplete,money affirmations by lavender on youtube,0,,,,,,0.0,1,apify-autocomplete
autocomplete,money affirmations by louise hay,0,,,,,,0.0,1,apify-autocomplete
autocomplete,money affirmations by mitesh khatri,0,,,,,,0.0,1,apify-autocomplete
autocomplete,money affirmations code,0,,,,,,0.0,1,apify-autocomplete
autocomplete,money affirmations english,0,,,,,,0.0,1,apify-autocomplete
autocomplete,money affirmations for kids,0,,,,,,0.0,1,apify-autocomplete
autocomplete,money affirmations for men,0,,,,,,0.0,1,apify-autocomplete
autocomplete,money affirmations for quick results,0,,,,,,0.0,1,apify-autocomplete
autocomplete,money affirmations frequency,0,,,,,,0.0,1,apify-autocomplete
autocomplete,money affirmations hindi,0,,,,,,0.0,1,apify-autocomplete
autocomplete,money affirmations hindi mp3 download,0,,,,,,0.0,1,apify-autocomplete
autocomplete,money affirmations images,0,,,,,,0.0,1,apify-autocomplete
autocomplete,money affirmations in english,0,,,,,,0.0,1,apify-autocomplete
autocomplete,money affirmations in gujarati,0,,,,,,0.0,1,apify-autocomplete
autocomplete,money affirmations in hindi,0,,,,,,0.0,1,apify-autocomplete
autocomplete,money affirmations in hindi mp3 free download,0,,,,,,0.0,1,apify-autocomplete
autocomplete,money affirmations in hindi pdf,0,,,,,,0.0,1,apify-autocomplete
autocomplete,money affirmations in kannada,0,,,,,,0.0,1,apify-autocomplete
autocomplete,money affirmations in malayalam,0,,,,,,0.0,1,apify-autocomplete
autocomplete,money affirmations in marathi,0,,,,,,0.0,1,apify-autocomplete
autocomplete,money affirmations in present tense,0,,,,,,0.0,1,apify-autocomplete
autocomplete,money affirmations in tamil,0,,,,,,0.0,1,apify-autocomplete
autocomplete,money affirmations in telugu,0,,,,,,0.0,1,apify-autocomplete
autocomplete,money affirmations in telugu pdf,0,,,,,,0.0,1,apify-autocomplete
autocomplete,money affirmations jessica heslop,0,,,,,,0.0,1,apify-autocomplete
autocomplete,money affirmations joseph murphy,0,,,,,,0.0,1,apify-autocomplete
autocomplete,money affirmations lavender,0,,,,,,0.0,1,apify-autocomplete
autocomplete,money affirmations law of assumption,0,,,,,,0.0,1,apify-autocomplete
autocomplete,money affirmations lottery,0,,,,,,0.0,1,apify-autocomplete
autocomplete,money affirmations lyrics,0,,,,,,0.0,1,apify-autocomplete
autocomplete,money affirmations malayalam,0,,,,,,0.0,1,apify-autocomplete
autocomplete,money affirmations marathi,0,,,,,,0.0,1,apify-autocomplete
autocomplete,money affirmations meaning,0,,,,,,0.0,1,apify-autocomplete
autocomplete,money affirmations meditation,0,,,,,,0.0,1,apify-autocomplete
autocomplete,money affirmations meme,0,,,,,,0.0,1,apify-autocomplete
autocomplete,money affirmations mitesh khatri,0,,,,,,0.0,1,apify-autocomplete
autocomplete,money affirmations mp3,0,,,,,,0.0,1,apify-autocomplete
autocomplete,money affirmations music,0,,,,,,0.0,1,apify-autocomplete
autocomplete,money affirmations number,0,,,,,,0.0,1,apify-autocomplete
autocomplete,money affirmations overnight,0,,,,,,0.0,1,apify-autocomplete
autocomplete,money affirmations pastor chris,0,,,,,,0.0,1,apify-autocomplete
autocomplete,money affirmations pdf,0,,,,,,0.0,1,apify-autocomplete
autocomplete,money affirmations pictures,0,,,,,,0.0,1,apify-autocomplete
autocomplete,money affirmations pinterest,0,,,,,,0.0,1,apify-autocomplete
autocomplete,money affirmations positive talk,0,,,,,,0.0,1,apify-autocomplete
autocomplete,money affirmations poster,0,,,,,,0.0,1,apify-autocomplete
autocomplete,money affirmations prayer,0,,,,,,0.0,1,apify-autocomplete
autocomplete,money affirmations present tense,0,,,,,,0.0,1,apify-autocomplete
autocomplete,money affirmations quora,0,,,,,,0.0,1,apify-autocomplete
autocomplete,money affirmations reddit,0,,,,,,0.0,1,apify-autocomplete
autocomplete,money affirmations repeat,0,,,,,,0.0,1,apify-autocomplete
autocomplete,money affirmations rhonda byrne,0,,,,,,0.0,1,apify-autocomplete
autocomplete,money affirmations ringtone download mp3,0,,,,,,0.0,1,apify-autocomplete
autocomplete,money affirmations script,0,,,,,,0.0,1,apify-autocomplete
autocomplete,money affirmations scriptures,0,,,,,,0.0,1,apify-autocomplete
autocomplete,money affirmations sinhala,0,,,,,,0.0,1,apify-autocomplete
autocomplete,money affirmations song lyrics,0,,,,,,0.0,1,apify-autocomplete
autocomplete,money affirmations success stories,0,,,,,,0.0,1,apify-autocomplete
autocomplete,money affirmations symbols,0,,,,,,0.0,1,apify-autocomplete
autocomplete,money affirmations tamil,0,,,,,,0.0,1,apify-autocomplete
autocomplete,money affirmations that work instantly in hindi,0,,,,,,0.0,1,apify-autocomplete
autocomplete,money affirmations that work instantly reddit,0,,,,,,0.0,1,apify-autocomplete
autocomplete,money affirmations that work instantly youtube,0,,,,,,0.0,1,apify-autocomplete
autocomplete,money affirmations to write down,0,,,,,,0.0,1,apify-autocomplete
autocomplete,money affirmations tumblr,0,,,,,,0.0,1,apify-autocomplete
autocomplete,money affirmations video,0,,,,,,0.0,1,apify-autocomplete
autocomplete,money affirmations wallpaper iphone,0,,,,,,0.0,1,apify-autocomplete
autocomplete,money affirmations while sleeping,0,,,,,,0.0,1,apify-autocomplete
autocomplete,money affirmations witchcraft,0,,,,,,0.0,1,apify-autocomplete
autocomplete,money affirmations work,0,,,,,,0.0,1,apify-autocomplete
autocomplete,money affirmations youtube bob baker,0,,,,,,0.0,1,apify-autocomplete
autocomplete,money ai daily affirmations,0,,,,,,0.0,1,apify-autocomplete
autocomplete,money ai daily affirmations app,0,,,,,,0.0,1,apify-autocomplete
autocomplete,money and job affirmations,0,,,,,,0.0,1,apify-autocomplete
autocomplete,money attraction affirmations in hindi,0,,,,,,0.0,1,apify-autocomplete
autocomplete,money bowl affirmations quotes,0,,,,,,0.0,1,apify-autocomplete
autocomplete,money candle affirmation,0,,,,,,0.0,1,apify-autocomplete
autocomplete,money chakra affirmations,0,,,,,,0.0,1,apify-autocomplete
autocomplete,money comes to me easily and effortlessly affirmations,0,,,,,,0.0,1,apify-autocomplete
autocomplete,money coming affirmations,0,,,,,,0.0,1,apify-autocomplete
autocomplete,money drawing affirmations,0,,,,,,0.0,1,apify-autocomplete
autocomplete,money earning affirmations,0,,,,,,0.0,1,apify-autocomplete
autocomplete,money energy affirmations,0,,,,,,0.0,1,apify-autocomplete
autocomplete,money goals affirmations,0,,,,,,0.0,1,apify-autocomplete
autocomplete,money growth affirmations,0,,,,,,0.0,1,apify-autocomplete
autocomplete,money healing affirmations,0,,,,,,0.0,1,apify-autocomplete
autocomplete,money health affirmations,0,,,,,,0.0,1,apify-autocomplete
autocomplete,money jar affirmations,0,,,,,,0.0,1,apify-autocomplete
autocomplete,money luck affirmations,0,,,,,,0.0,1,apify-autocomplete
autocomplete,money magnet affirmations in english,0,,,,,,0.0,1,apify-autocomplete
autocomplete,money manifestation affirmations hindi,0,,,,,,0.0,1,apify-autocomplete
autocomplete,money manifestation affirmations how many times,0,,,,,,0.0,1,apify-autocomplete
autocomplete,money manifestation affirmations in hindi,0,,,,,,0.0,1,apify-autocomplete
autocomplete,money manifestation affirmations in kannada,0,,,,,,0.0,1,apify-autocomplete
autocomplete,money manifestation affirmations in marathi,0,,,,,,0.0,1,apify-autocomplete
autocomplete,money manifestation affirmations lotto,0,,,,,,0.0,1,apify-autocomplete
autocomplete,money manifestation affirmations tamil,0,,,,,,0.0,1,apify-autocomplete
autocomplete,money manifestation affirmations that work,0,,,,,,0.0,1,apify-autocomplete
autocomplete,money oil affirmations,0,,,,,,0.0,1,apify-autocomplete
autocomplete,money rampage affirmations,0,,,,,,0.0,1,apify-autocomplete
autocomplete,money reiki affirmations,0,,,,,,0.0,1,apify-autocomplete
autocomplete,money related affirmations,0,,,,,,0.0,1,apify-autocomplete
autocomplete,money ritual affirmations,0,,,,,,0.0,1,apify-autocomplete
autocomplete,morning affirmation caption,0,,,,,,0.0,1,apify-autocomplete
autocomplete,morning affirmation energy,0,,,,,,0.0,1,apify-autocomplete
autocomplete,morning affirmation generator,0,,,,,,0.0,1,apify-autocomplete
autocomplete,morning affirmation hindi mein,0,,,,,,0.0,1,apify-autocomplete
autocomplete,morning affirmation of the day,0,,,,,,0.0,1,apify-autocomplete
autocomplete,morning affirmation questions,0,,,,,,0.0,1,apify-autocomplete
autocomplete,morning affirmation quotes in hindi,0,,,,,,0.0,1,apify-autocomplete
autocomplete,morning affirmation reading,0,,,,,,0.0,1,apify-autocomplete
autocomplete,morning affirmation ringtone,0,,,,,,0.0,1,apify-autocomplete
autocomplete,morning affirmation robert zink,0,,,,,,0.0,1,apify-autocomplete
autocomplete,morning affirmation routine,0,,,,,,0.0,1,apify-autocomplete
autocomplete,morning affirmation yoga,0,,,,,,0.0,1,apify-autocomplete
autocomplete,morning affirmations app,0,,,,,,0.0,1,apify-autocomplete
autocomplete,morning affirmations audio,0,,,,,,0.0,1,apify-autocomplete
autocomplete,morning affirmations before work,0,,,,,,0.0,1,apify-autocomplete
autocomplete,morning affirmations black woman,0,,,,,,0.0,1,apify-autocomplete
autocomplete,morning affirmations bruce lee 5 affirmations,0,,,,,,0.0,1,apify-autocomplete
autocomplete,morning affirmations by jess,0,,,,,,0.0,1,apify-autocomplete
autocomplete,morning affirmations by lavendaire,0,,,,,,0.0,1,apify-autocomplete
autocomplete,morning affirmations by lavender,0,,,,,,0.0,1,apify-autocomplete
autocomplete,morning affirmations candle,0,,,,,,0.0,1,apify-autocomplete
autocomplete,morning affirmations cards,0,,,,,,0.0,1,apify-autocomplete
autocomplete,morning affirmations catholic,0,,,,,,0.0,1,apify-autocomplete
autocomplete,morning affirmations children,0,,,,,,0.0,1,apify-autocomplete
autocomplete,morning affirmations cup,0,,,,,,0.0,1,apify-autocomplete
autocomplete,morning affirmations definition,0,,,,,,0.0,1,apify-autocomplete
autocomplete,morning affirmations dispenza,0,,,,,,0.0,1,apify-autocomplete
autocomplete,morning affirmations doggyland,0,,,,,,0.0,1,apify-autocomplete
autocomplete,morning affirmations download,0,,,,,,0.0,1,apify-autocomplete
autocomplete,morning affirmations dr joe dispenza,0,,,,,,0.0,1,apify-autocomplete
autocomplete,morning affirmations dr joe videos,0,,,,,,0.0,1,apify-autocomplete
autocomplete,morning affirmations dr vanda,0,,,,,,0.0,1,apify-autocomplete
autocomplete,morning affirmations en español,0,,,,,,0.0,1,apify-autocomplete
autocomplete,morning affirmations examples,0,,,,,,0.0,1,apify-autocomplete
autocomplete,morning affirmations for black women,0,,,,,,0.0,1,apify-autocomplete
autocomplete,morning affirmations for kids video,0,,,,,,0.0,2,apify-autocomplete
autocomplete,morning affirmations for kids youtube,0,,,,,,0.0,1,apify-autocomplete
autocomplete,morning affirmations for positive energy for him,0,,,,,,0.0,1,apify-autocomplete
autocomplete,morning affirmations for women youtube,0,,,,,,0.0,1,apify-autocomplete
autocomplete,morning affirmations gif,0,,,,,,0.0,1,apify-autocomplete
autocomplete,morning affirmations girl,0,,,,,,0.0,1,apify-autocomplete
autocomplete,morning affirmations god,0,,,,,,0.0,1,apify-autocomplete
autocomplete,morning affirmations godly ringing,0,,,,,,0.0,1,apify-autocomplete
autocomplete,morning affirmations good day,0,,,,,,0.0,1,apify-autocomplete
autocomplete,morning affirmations google search,0,,,,,,0.0,1,apify-autocomplete
autocomplete,morning affirmations guided,0,,,,,,0.0,1,apify-autocomplete
autocomplete,morning affirmations guided meditation,0,,,,,,0.0,1,apify-autocomplete
autocomplete,morning affirmations happiness,0,,,,,,0.0,1,apify-autocomplete
autocomplete,morning affirmations happy uplifting,0,,,,,,0.0,2,apify-autocomplete
autocomplete,morning affirmations hay,0,,,,,,0.0,1,apify-autocomplete
autocomplete,morning affirmations health,0,,,,,,0.0,1,apify-autocomplete
autocomplete,morning affirmations hendricks,0,,,,,,0.0,1,apify-autocomplete
autocomplete,morning affirmations hindi,0,,,,,,0.0,1,apify-autocomplete
autocomplete,morning affirmations images,0,,,,,,0.0,1,apify-autocomplete
autocomplete,morning affirmations in english,0,,,,,,0.0,1,apify-autocomplete
autocomplete,morning affirmations in gujarati,0,,,,,,0.0,1,apify-autocomplete
autocomplete,morning affirmations in hindi,0,,,,,,0.0,1,apify-autocomplete
autocomplete,morning affirmations in hindi by sandeep maheshwari,0,,,,,,0.0,1,apify-autocomplete
autocomplete,morning affirmations in kannada,0,,,,,,0.0,1,apify-autocomplete
autocomplete,morning affirmations in marathi,0,,,,,,0.0,1,apify-autocomplete
autocomplete,morning affirmations in spanish,0,,,,,,0.0,1,apify-autocomplete
autocomplete,morning affirmations in tamil,0,,,,,,0.0,1,apify-autocomplete
autocomplete,morning affirmations jennifer williamson,0,,,,,,0.0,1,apify-autocomplete
autocomplete,morning affirmations jessica heslop,0,,,,,,0.0,1,apify-autocomplete
autocomplete,morning affirmations jesus,0,,,,,,0.0,1,apify-autocomplete
autocomplete,morning affirmations joseph murphy,0,,,,,,0.0,1,apify-autocomplete
autocomplete,morning affirmations journal,0,,,,,,0.0,1,apify-autocomplete
autocomplete,morning affirmations kassandra,0,,,,,,0.0,1,apify-autocomplete
autocomplete,morning affirmations lavender,0,,,,,,0.0,1,apify-autocomplete
autocomplete,morning affirmations lavender youtube,0,,,,,,0.0,1,apify-autocomplete
autocomplete,morning affirmations law of attraction,0,,,,,,0.0,1,apify-autocomplete
autocomplete,morning affirmations list,0,,,,,,0.0,1,apify-autocomplete
autocomplete,morning affirmations louise,0,,,,,,0.0,1,apify-autocomplete
autocomplete,morning affirmations love,0,,,,,,0.0,1,apify-autocomplete
autocomplete,morning affirmations lucky girl,0,,,,,,0.0,1,apify-autocomplete
autocomplete,morning affirmations malayalam,0,,,,,,0.0,1,apify-autocomplete
autocomplete,morning affirmations mitesh khatri,0,,,,,,0.0,1,apify-autocomplete
autocomplete,morning affirmations mp3 download,0,,,,,,0.0,1,apify-autocomplete
autocomplete,morning affirmations mug,0,,,,,,0.0,1,apify-autocomplete
autocomplete,morning affirmations music,0,,,,,,0.0,1,apify-autocomplete
autocomplete,morning affirmations napoleon hill,0,,,,,,0.0,1,apify-autocomplete
autocomplete,morning affirmations neville goddard,0,,,,,,0.0,1,apify-autocomplete
autocomplete,morning affirmations of gratefulness,0,,,,,,0.0,1,apify-autocomplete
autocomplete,morning affirmations on youtube,0,,,,,,0.0,1,apify-autocomplete
autocomplete,morning affirmations pdf,0,,,,,,0.0,1,apify-autocomplete
autocomplete,morning affirmations peace,0,,,,,,0.0,1,apify-autocomplete
autocomplete,morning affirmations podcast,0,,,,,,0.0,1,apify-autocomplete
autocomplete,morning affirmations reddit,0,,,,,,0.0,1,apify-autocomplete
autocomplete,morning affirmations shivani,0,,,,,,0.0,1,apify-autocomplete
autocomplete,morning affirmations sinhala,0,,,,,,0.0,1,apify-autocomplete
autocomplete,morning affirmations song for kids,0,,,,,,0.0,1,apify-autocomplete
autocomplete,morning affirmations spotify,0,,,,,,0.0,1,apify-autocomplete
autocomplete,morning affirmations tamil,0,,,,,,0.0,1,apify-autocomplete
autocomplete,morning affirmations to attract money,0,,,,,,0.0,1,apify-autocomplete
autocomplete,morning affirmations to have a great day,0,,,,,,0.0,1,apify-autocomplete
autocomplete,morning affirmations to listen to,0,,,,,,0.0,1,apify-autocomplete
autocomplete,morning affirmations to manifest abundance youtube,0,,,,,,0.0,1,apify-autocomplete
autocomplete,morning affirmations to relieve stress and anxiety,0,,,,,,0.0,1,apify-autocomplete
autocomplete,morning affirmations to send her,0,,,,,,0.0,1,apify-autocomplete
autocomplete,morning affirmations to send to him,0,,,,,,0.0,1,apify-autocomplete
autocomplete,morning affirmations to start the day,0,,,,,,0.0,1,apify-autocomplete
autocomplete,morning affirmations tony robbins,0,,,,,,0.0,1,apify-autocomplete
autocomplete,morning affirmations uk,0,,,,,,0.0,1,apify-autocomplete
autocomplete,morning affirmations universe,0,,,,,,0.0,1,apify-autocomplete
autocomplete,morning affirmations uplifting,0,,,,,,0.0,1,apify-autocomplete
autocomplete,morning affirmations wake me up,0,,,,,,0.0,1,apify-autocomplete
autocomplete,morning affirmations wallpaper,0,,,,,,0.0,1,apify-autocomplete
autocomplete,morning affirmations wayne dyer,0,,,,,,0.0,1,apify-autocomplete
autocomplete,morning affirmations with god,0,,,,,,0.0,1,apify-autocomplete
autocomplete,morning affirmations with kassandra,0,,,,,,0.0,1,apify-autocomplete
autocomplete,morning affirmations with lavendaire,0,,,,,,0.0,1,apify-autocomplete
autocomplete,morning affirmations with lavender,0,,,,,,0.0,1,apify-autocomplete
autocomplete,morning affirmations with louise hay,0,,,,,,0.0,1,apify-autocomplete
autocomplete,morning affirmations with scriptures,0,,,,,,0.0,1,apify-autocomplete
autocomplete,morning affirmations youarecreators,0,,,,,,0.0,1,apify-autocomplete
autocomplete,morning affirmations youtube bob baker,0,,,,,,0.0,1,apify-autocomplete
autocomplete,morning christian affirmations for women,0,,,,,,0.0,1,apify-autocomplete
autocomplete,morning energizing affirmations,0,,,,,,0.0,1,apify-autocomplete
autocomplete,morning manifestation affirmations in hindi,0,,,,,,0.0,1,apify-autocomplete
autocomplete,morning nurse affirmations,0,,,,,,0.0,1,apify-autocomplete
autocomplete,morning religious affirmations,0,,,,,,0.0,1,apify-autocomplete
autocomplete,morning ritual affirmations,0,,,,,,0.0,1,apify-autocomplete
autocomplete,most powerful daily affirmations,0,,,,,,0.0,1,apify-autocomplete
autocomplete,most powerful money affirmations,0,,,,,,0.0,1,apify-autocomplete
autocomplete,most powerful morning affirmations,0,,,,,,0.0,1,apify-autocomplete
autocomplete,night money affirmations,0,,,,,,0.0,1,apify-autocomplete
autocomplete,night sleep affirmations,0,,,,,,0.0,1,apify-autocomplete
autocomplete,night time affirmations for anxiety,0,,,,,,0.0,1,apify-autocomplete
autocomplete,nighttime manifestation affirmations,0,,,,,,0.0,1,apify-autocomplete
autocomplete,overnight affirmations self love,0,,,,,,0.0,1,apify-autocomplete
autocomplete,positive affirmation anxiety for next morning,0,,,,,,0.0,1,apify-autocomplete
autocomplete,positive affirmations early pregnancy,0,,,,,,0.0,1,apify-autocomplete
autocomplete,positive affirmations english,0,,,,,,0.0,1,apify-autocomplete
autocomplete,positive affirmations evening,0,,,,,,0.0,1,apify-autocomplete
autocomplete,positive affirmations examples,0,,,,,,0.0,1,apify-autocomplete
autocomplete,positive affirmations exercise,0,,,,,,0.0,1,apify-autocomplete
autocomplete,positive affirmations for 10 year olds,0,,,,,,0.0,1,apify-autocomplete
autocomplete,positive affirmations for 6 year olds,0,,,,,,0.0,1,apify-autocomplete
autocomplete,positive affirmations for anxiety and depression youtube,0,,,,,,0.0,1,apify-autocomplete
autocomplete,positive affirmations for anxiety and overthinking,0,,,,,,0.0,1,apify-autocomplete
autocomplete,positive affirmations for anxiety before bed,0,,,,,,0.0,1,apify-autocomplete
autocomplete,positive affirmations for anxiety disorder,0,,,,,,0.0,1,apify-autocomplete
autocomplete,positive affirmations for anxiety in hindi,0,,,,,,0.0,1,apify-autocomplete
autocomplete,positive affirmations for anxiety kids,0,,,,,,0.0,1,apify-autocomplete
autocomplete,positive affirmations for anxiety lavender,0,,,,,,0.0,1,apify-autocomplete
autocomplete,positive affirmations for anxiety reddit,0,,,,,,0.0,1,apify-autocomplete
autocomplete,positive affirmations for anxiety uk,0,,,,,,0.0,1,apify-autocomplete
autocomplete,positive affirmations for anxiety video,0,,,,,,0.0,1,apify-autocomplete
autocomplete,positive affirmations for exam anxiety,0,,,,,,0.0,1,apify-autocomplete
autocomplete,positive affirmations for flight anxiety,0,,,,,,0.0,1,apify-autocomplete
autocomplete,positive affirmations for gym anxiety,0,,,,,,0.0,1,apify-autocomplete
autocomplete,positive affirmations for kids night,0,,,,,,0.0,1,apify-autocomplete
autocomplete,positive affirmations for kids video,0,,,,,,0.0,2,apify-autocomplete
autocomplete,positive affirmations for kids video snoop dogg,0,,,,,,0.0,1,apify-autocomplete
autocomplete,positive affirmations for kids yes we can yes i can lyrics,0,,,,,,0.0,1,apify-autocomplete
autocomplete,positive affirmations for kids youtube,0,,,,,,0.0,2,apify-autocomplete
autocomplete,positive affirmations for medical anxiety,0,,,,,,0.0,1,apify-autocomplete
autocomplete,positive affirmations for men anxiety,0,,,,,,0.0,1,apify-autocomplete
autocomplete,positive affirmations for morning anxiety,0,,,,,,0.0,1,apify-autocomplete
autocomplete,positive affirmations for ocd anxiety,0,,,,,,0.0,1,apify-autocomplete
autocomplete,positive affirmations for self love kids,0,,,,,,0.0,1,apify-autocomplete
autocomplete,positive affirmations for self love video,0,,,,,,0.0,1,apify-autocomplete
autocomplete,positive affirmations for sleep anxiety youtube,0,,,,,,0.0,1,apify-autocomplete
autocomplete,positive affirmations for stress and anxiety youtube,0,,,,,,0.0,1,apify-autocomplete
autocomplete,positive affirmations for travel anxiety,0,,,,,,0.0,1,apify-autocomplete
autocomplete,positive affirmations for women religious,0,,,,,,0.0,1,apify-autocomplete
autocomplete,positive affirmations for women uk,0,,,,,,0.0,1,apify-autocomplete
autocomplete,positive affirmations for women videos,0,,,,,,0.0,1,apify-autocomplete
autocomplete,positive affirmations happiness self love quotes,0,,,,,,0.0,1,apify-autocomplete
autocomplete,positive affirmations health,0,,,,,,0.0,1,apify-autocomplete
autocomplete,positive affirmations hindi,0,,,,,,0.0,1,apify-autocomplete
autocomplete,positive affirmations jar,0,,,,,,0.0,1,apify-autocomplete
autocomplete,positive affirmations jason stephenson,0,,,,,,0.0,1,apify-autocomplete
autocomplete,positive affirmations journal,0,,,,,,0.0,1,apify-autocomplete
autocomplete,positive affirmations kannada,0,,,,,,0.0,1,apify-autocomplete
autocomplete,positive affirmations ke fayde,0,,,,,,0.0,1,apify-autocomplete
autocomplete,positive affirmations kenneth soares,0,,,,,,0.0,1,apify-autocomplete
autocomplete,positive affirmations kids,0,,,,,,0.0,1,apify-autocomplete
autocomplete,positive affirmations kids printable,0,,,,,,0.0,1,apify-autocomplete
autocomplete,positive affirmations kids sleep,0,,,,,,0.0,2,apify-autocomplete
autocomplete,positive affirmations kindergarten,0,,,,,,0.0,1,apify-autocomplete
autocomplete,positive affirmations ks2,0,,,,,,0.0,1,apify-autocomplete
autocomplete,positive affirmations neuroscience,0,,,,,,0.0,1,apify-autocomplete
autocomplete,positive affirmations neville goddard,0,,,,,,0.0,1,apify-autocomplete
autocomplete,positive affirmations new job,0,,,,,,0.0,1,apify-autocomplete
autocomplete,positive affirmations new year,0,,,,,,0.0,1,apify-autocomplete
autocomplete,positive affirmations night,0,,,,,,0.0,1,apify-autocomplete
autocomplete,positive affirmations night time,0,,,,,,0.0,1,apify-autocomplete
autocomplete,positive affirmations notebook,0,,,,,,0.0,1,apify-autocomplete
autocomplete,positive affirmations on health,0,,,,,,0.0,1,apify-autocomplete
autocomplete,positive affirmations one word,0,,,,,,0.0,1,apify-autocomplete
autocomplete,positive affirmations pdf,0,,,,,,0.0,1,apify-autocomplete
autocomplete,positive affirmations poster,0,,,,,,0.0,1,apify-autocomplete
autocomplete,positive affirmations pregnancy,0,,,,,,0.0,1,apify-autocomplete
autocomplete,positive affirmations printable,0,,,,,,0.0,1,apify-autocomplete
autocomplete,positive affirmations quotes for kids,0,,,,,,0.0,1,apify-autocomplete
autocomplete,positive affirmations quotes for students,0,,,,,,0.0,1,apify-autocomplete
autocomplete,positive affirmations quotes for success,0,,,,,,0.0,1,apify-autocomplete
autocomplete,positive affirmations quotes for today,0,,,,,,0.0,1,apify-autocomplete
autocomplete,positive affirmations recovery,0,,,,,,0.0,1,apify-autocomplete
autocomplete,positive affirmations reddit,0,,,,,,0.0,1,apify-autocomplete
autocomplete,positive affirmations research,0,,,,,,0.0,1,apify-autocomplete
autocomplete,positive affirmations sleep jason stephenson,0,,,,,,0.0,1,apify-autocomplete
autocomplete,positive affirmations uk,0,,,,,,0.0,1,apify-autocomplete
autocomplete,positive affirmations unique,0,,,,,,0.0,1,apify-autocomplete
autocomplete,positive affirmations universe,0,,,,,,0.0,1,apify-autocomplete
autocomplete,positive affirmations unlock your life,0,,,,,,0.0,1,apify-autocomplete
autocomplete,positive affirmations uplift your life,0,,,,,,0.0,1,apify-autocomplete
autocomplete,positive affirmations using bible verses,0,,,,,,0.0,1,apify-autocomplete
autocomplete,positive affirmations verses,0,,,,,,0.0,1,apify-autocomplete
autocomplete,positive affirmations video,0,,,,,,0.0,1,apify-autocomplete
autocomplete,positive affirmations video for middle school students,0,,,,,,0.0,1,apify-autocomplete
autocomplete,positive affirmations video youtube,0,,,,,,0.0,2,apify-autocomplete
autocomplete,positive affirmations vision board,0,,,,,,0.0,1,apify-autocomplete
autocomplete,positive affirmations visualization,0,,,,,,0.0,1,apify-autocomplete
autocomplete,positive affirmations vs negative,0,,,,,,0.0,1,apify-autocomplete
autocomplete,positive affirmations you are,0,,,,,,0.0,1,apify-autocomplete
autocomplete,positive affirmations youtube louise hay,0,,,,,,0.0,1,apify-autocomplete
autocomplete,positive affirmations zen,0,,,,,,0.0,1,apify-autocomplete
autocomplete,positive manifestation cards,0,,,,,,0.0,1,apify-autocomplete
autocomplete,positive manifestation definition,0,,,,,,0.0,1,apify-autocomplete
autocomplete,positive manifestation during pregnancy,0,,,,,,0.0,1,apify-autocomplete
autocomplete,positive manifestation journal,0,,,,,,0.0,1,apify-autocomplete
autocomplete,positive manifestation love,0,,,,,,0.0,1,apify-autocomplete
autocomplete,positive manifestation new house,0,,,,,,0.0,1,apify-autocomplete
autocomplete,positive manifestation number,0,,,,,,0.0,1,apify-autocomplete
autocomplete,positive money affirmations youtube,0,,,,,,0.0,1,apify-autocomplete
autocomplete,positive sleep affirmations i am,0,,,,,,0.0,1,apify-autocomplete
autocomplete,positive sleep affirmations self concept,0,,,,,,0.0,1,apify-autocomplete
autocomplete,powerful manifestation affirmations reddit,0,,,,,,0.0,1,apify-autocomplete
autocomplete,powerful manifestation affirmations to get ex back,0,,,,,,0.0,1,apify-autocomplete
autocomplete,pray manifest affirmations routine,0,,,,,,0.0,1,apify-autocomplete
autocomplete,presentation anxiety affirmations,0,,,,,,0.0,1,apify-autocomplete
autocomplete,project 369 affirmations sleep google search,0,,,,,,0.0,1,apify-autocomplete
autocomplete,protest justice quotes,0,,,,,,0.0,1,apify-autocomplete
autocomplete,protest quotes no kings,0,,,,,,0.0,1,apify-autocomplete
autocomplete,qimen manifestation affirmations,0,,,,,,0.0,1,apify-autocomplete
autocomplete,quantum manifestation affirmations,0,,,,,,0.0,1,apify-autocomplete
autocomplete,quick affirmations for anxiety,0,,,,,,0.0,1,apify-autocomplete
autocomplete,quick manifestation affirmations,0,,,,,,0.0,1,apify-autocomplete
autocomplete,quick money affirmations,0,,,,,,0.0,1,apify-autocomplete
autocomplete,quotes for empowered women navigating the world,0,,,,,,0.0,1,apify-autocomplete
autocomplete,quotes for jealous women,0,,,,,,0.0,1,apify-autocomplete
autocomplete,quotes for kids about jesus,0,,,,,,0.0,1,apify-autocomplete
autocomplete,quotes for kids about joy,0,,,,,,0.0,1,apify-autocomplete
autocomplete,quotes for kids about kindness,0,,,,,,0.0,1,apify-autocomplete
autocomplete,quotes for kids about learning,0,,,,,,0.0,1,apify-autocomplete
autocomplete,quotes for kids about life,0,,,,,,0.0,1,apify-autocomplete
autocomplete,quotes for kids about reading,0,,,,,,0.0,1,apify-autocomplete
autocomplete,quotes for kids classroom,0,,,,,,0.0,1,apify-autocomplete
autocomplete,quotes for kids clothing,0,,,,,,0.0,1,apify-autocomplete
autocomplete,quotes for kids confidence,0,,,,,,0.0,1,apify-autocomplete
autocomplete,quotes for kids dance,0,,,,,,0.0,1,apify-autocomplete
autocomplete,quotes for kids dance performance,0,,,,,,0.0,1,apify-autocomplete
autocomplete,quotes for kids day out,0,,,,,,0.0,1,apify-autocomplete
autocomplete,quotes for kids dr seuss,0,,,,,,0.0,1,apify-autocomplete
autocomplete,quotes for kids drawing,0,,,,,,0.0,1,apify-autocomplete
autocomplete,quotes for kids dreams,0,,,,,,0.0,1,apify-autocomplete
autocomplete,quotes for kids education,0,,,,,,0.0,1,apify-autocomplete
autocomplete,quotes for kids encouragement,0,,,,,,0.0,1,apify-autocomplete
autocomplete,quotes for kids end of school year,0,,,,,,0.0,1,apify-autocomplete
autocomplete,quotes for kids enjoying,0,,,,,,0.0,1,apify-autocomplete
autocomplete,quotes for kids exam,0,,,,,,0.0,1,apify-autocomplete
autocomplete,quotes for kids exercise,0,,,,,,0.0,1,apify-autocomplete
autocomplete,quotes for kids first day of school,0,,,,,,0.0,1,apify-autocomplete
autocomplete,quotes for kids from mom,0,,,,,,0.0,1,apify-autocomplete
autocomplete,quotes for kids from parents,0,,,,,,0.0,1,apify-autocomplete
autocomplete,quotes for kids going to college,0,,,,,,0.0,1,apify-autocomplete
autocomplete,quotes for kids graduation,0,,,,,,0.0,1,apify-autocomplete
autocomplete,quotes for kids graduation day,0,,,,,,0.0,1,apify-autocomplete
autocomplete,quotes for kids growing up,0,,,,,,0.0,1,apify-autocomplete
autocomplete,quotes for kids growing up fast,0,,,,,,0.0,1,apify-autocomplete
autocomplete,quotes for kids growing up so fast,0,,,,,,0.0,1,apify-autocomplete
autocomplete,quotes for kids growing up tagalog,0,,,,,,0.0,1,apify-autocomplete
autocomplete,quotes for kids growing up too fast,0,,,,,,0.0,1,apify-autocomplete
autocomplete,quotes for kids haircut,0,,,,,,0.0,1,apify-autocomplete
autocomplete,quotes for kids halloween,0,,,,,,0.0,1,apify-autocomplete
autocomplete,quotes for kids handwriting,0,,,,,,0.0,1,apify-autocomplete
autocomplete,quotes for kids happiness,0,,,,,,0.0,1,apify-autocomplete
autocomplete,quotes for kids hard work,0,,,,,,0.0,1,apify-autocomplete
autocomplete,quotes for kids having fun,0,,,,,,0.0,1,apify-autocomplete
autocomplete,quotes for kids health,0,,,,,,0.0,1,apify-autocomplete
autocomplete,quotes for kids hindi,0,,,,,,0.0,1,apify-autocomplete
autocomplete,quotes for kids in school,0,,,,,,0.0,1,apify-autocomplete
autocomplete,quotes for kids in urdu,0,,,,,,0.0,1,apify-autocomplete
autocomplete,quotes for kids inspirational,0,,,,,,0.0,1,apify-autocomplete
autocomplete,quotes for kids journal,0,,,,,,0.0,1,apify-autocomplete
autocomplete,quotes for kids kindergarten,0,,,,,,0.0,1,apify-autocomplete
autocomplete,quotes for kids kindness,0,,,,,,0.0,1,apify-autocomplete
autocomplete,quotes for kids learning,0,,,,,,0.0,1,apify-autocomplete
autocomplete,quotes for kids love,0,,,,,,0.0,1,apify-autocomplete
autocomplete,quotes for kids love from mom,0,,,,,,0.0,1,apify-autocomplete
autocomplete,quotes for kids lunch box,0,,,,,,0.0,1,apify-autocomplete
autocomplete,quotes for kids lunches,0,,,,,,0.0,1,apify-autocomplete
autocomplete,quotes for kids memories,0,,,,,,0.0,1,apify-autocomplete
autocomplete,quotes for kids motivation,0,,,,,,0.0,1,apify-autocomplete
autocomplete,quotes for kids moving up,0,,,,,,0.0,1,apify-autocomplete
autocomplete,quotes for kids nature,0,,,,,,0.0,1,apify-autocomplete
autocomplete,quotes for kids new school year,0,,,,,,0.0,1,apify-autocomplete
autocomplete,quotes for kids new year,0,,,,,,0.0,1,apify-autocomplete
autocomplete,quotes for kids notebook,0,,,,,,0.0,1,apify-autocomplete
autocomplete,quotes for kids nursery,0,,,,,,0.0,1,apify-autocomplete
autocomplete,quotes for kids on christmas,0,,,,,,0.0,1,apify-autocomplete
autocomplete,quotes for kids on education,0,,,,,,0.0,1,apify-autocomplete
autocomplete,quotes for kids on independence day,0,,,,,,0.0,1,apify-autocomplete
autocomplete,quotes for kids on janmashtami,0,,,,,,0.0,1,apify-autocomplete
autocomplete,quotes for kids on kindness,0,,,,,,0.0,1,apify-autocomplete
autocomplete,quotes for kids on result day,0,,,,,,0.0,1,apify-autocomplete
autocomplete,quotes for kids reading,0,,,,,,0.0,1,apify-autocomplete
autocomplete,quotes for kids reading books,0,,,,,,0.0,1,apify-autocomplete
autocomplete,quotes for kids recognition,0,,,,,,0.0,1,apify-autocomplete
autocomplete,quotes for kids resilience,0,,,,,,0.0,1,apify-autocomplete
autocomplete,quotes for kids responsibility,0,,,,,,0.0,1,apify-autocomplete
autocomplete,quotes for kids rhymes,0,,,,,,0.0,1,apify-autocomplete
autocomplete,quotes for kids room,0,,,,,,0.0,1,apify-autocomplete
autocomplete,quotes for kids running,0,,,,,,0.0,1,apify-autocomplete
autocomplete,quotes for kids testing,0,,,,,,0.0,1,apify-autocomplete
autocomplete,quotes for kids to motivate,0,,,,,,0.0,1,apify-autocomplete
autocomplete,quotes for kids vacation,0,,,,,,0.0,1,apify-autocomplete
autocomplete,quotes for kids valentines,0,,,,,,0.0,1,apify-autocomplete
autocomplete,quotes for kids valentines day,0,,,,,,0.0,1,apify-autocomplete
autocomplete,quotes for kids video,0,,,,,,0.0,1,apify-autocomplete
autocomplete,quotes for kids yearbook,0,,,,,,0.0,1,apify-autocomplete
autocomplete,quotes for kids yoga,0,,,,,,0.0,1,apify-autocomplete
autocomplete,quotes for kind women,0,,,,,,0.0,1,apify-autocomplete
autocomplete,quotes for nasty women,0,,,,,,0.0,1,apify-autocomplete
autocomplete,quotes for real women,0,,,,,,0.0,1,apify-autocomplete
autocomplete,quotes for resilient women,0,,,,,,0.0,1,apify-autocomplete
autocomplete,quotes for rich women,0,,,,,,0.0,1,apify-autocomplete
autocomplete,quotes for ukg kids,0,,,,,,0.0,1,apify-autocomplete
autocomplete,quotes for unfaithful women,0,,,,,,0.0,1,apify-autocomplete
autocomplete,quotes for ungrateful kids,0,,,,,,0.0,1,apify-autocomplete
autocomplete,quotes for ungrateful women,0,,,,,,0.0,1,apify-autocomplete
autocomplete,quotes for unique women,0,,,,,,0.0,1,apify-autocomplete
autocomplete,quotes for unstoppable women,0,,,,,,0.0,1,apify-autocomplete
autocomplete,quotes for uplifting women,0,,,,,,0.0,1,apify-autocomplete
autocomplete,quotes for women about beauty,0,,,,,,0.0,1,apify-autocomplete
autocomplete,quotes for women about being strong,0,,,,,,0.0,1,apify-autocomplete
autocomplete,quotes for women about men,0,,,,,,0.0,1,apify-autocomplete
autocomplete,quotes for women about strength,0,,,,,,0.0,1,apify-autocomplete
autocomplete,quotes for women aesthetic,0,,,,,,0.0,1,apify-autocomplete
autocomplete,quotes for women at work,0,,,,,,0.0,1,apify-autocomplete
autocomplete,quotes for women attitude,0,,,,,,0.0,1,apify-autocomplete
autocomplete,quotes for women beauty,0,,,,,,0.0,1,apify-autocomplete
autocomplete,quotes for women bible,0,,,,,,0.0,1,apify-autocomplete
autocomplete,quotes for women birthday,0,,,,,,0.0,1,apify-autocomplete
autocomplete,quotes for women confidence,0,,,,,,0.0,1,apify-autocomplete
autocomplete,quotes for women cricket,0,,,,,,0.0,1,apify-autocomplete
autocomplete,quotes for women cricket team,0,,,,,,0.0,1,apify-autocomplete
autocomplete,quotes for women crush wednesday,0,,,,,,0.0,1,apify-autocomplete
autocomplete,quotes for women education,0,,,,,,0.0,1,apify-autocomplete
autocomplete,quotes for women empowerment,0,,,,,,0.0,1,apify-autocomplete
autocomplete,quotes for women empowerment in english,0,,,,,,0.0,1,apify-autocomplete
autocomplete,quotes for women empowerment in hindi,0,,,,,,0.0,1,apify-autocomplete
autocomplete,quotes for women entrepreneurs,0,,,,,,0.0,1,apify-autocomplete
autocomplete,quotes for women fitness,0,,,,,,0.0,1,apify-autocomplete
autocomplete,quotes for women freedom,0,,,,,,0.0,1,apify-autocomplete
autocomplete,quotes for women friendship,0,,,,,,0.0,1,apify-autocomplete
autocomplete,quotes for women from men,0,,,,,,0.0,1,apify-autocomplete
autocomplete,quotes for women from the bible,0,,,,,,0.0,1,apify-autocomplete
autocomplete,quotes for women funny,0,,,,,,0.0,1,apify-autocomplete
autocomplete,quotes for women gang,0,,,,,,0.0,1,apify-autocomplete
autocomplete,quotes for women getting older,0,,,,,,0.0,1,apify-autocomplete
autocomplete,quotes for women going through a breakup,0,,,,,,0.0,1,apify-autocomplete
autocomplete,quotes for women going through divorce,0,,,,,,0.0,1,apify-autocomplete
autocomplete,quotes for women going through hard times,0,,,,,,0.0,1,apify-autocomplete
autocomplete,quotes for women growth,0,,,,,,0.0,1,apify-autocomplete
autocomplete,quotes for women gym,0,,,,,,0.0,1,apify-autocomplete
autocomplete,quotes for women happiness,0,,,,,,0.0,1,apify-autocomplete
autocomplete,quotes for women harassment,0,,,,,,0.0,1,apify-autocomplete
autocomplete,quotes for women healing,0,,,,,,0.0,1,apify-autocomplete
autocomplete,quotes for women hindi,0,,,,,,0.0,1,apify-autocomplete
autocomplete,quotes for women in kannada,0,,,,,,0.0,1,apify-autocomplete
autocomplete,quotes for women in urdu,0,,,,,,0.0,1,apify-autocomplete
autocomplete,quotes for women justice,0,,,,,,0.0,1,apify-autocomplete
autocomplete,quotes for women lawyers,0,,,,,,0.0,1,apify-autocomplete
autocomplete,quotes for women lds,0,,,,,,0.0,1,apify-autocomplete
autocomplete,quotes for women leaders,0,,,,,,0.0,1,apify-autocomplete
autocomplete,quotes for women leadership,0,,,,,,0.0,1,apify-autocomplete
autocomplete,quotes for women life,0,,,,,,0.0,1,apify-autocomplete
autocomplete,quotes for women love,0,,,,,,0.0,1,apify-autocomplete
autocomplete,quotes for women motivation,0,,,,,,0.0,1,apify-autocomplete
autocomplete,quotes for women of faith,0,,,,,,0.0,1,apify-autocomplete
autocomplete,quotes for women of god,0,,,,,,0.0,1,apify-autocomplete
autocomplete,quotes for women of strength,0,,,,,,0.0,1,apify-autocomplete
autocomplete,quotes for women on instagram,0,,,,,,0.0,1,apify-autocomplete
autocomplete,quotes for women on saree,0,,,,,,0.0,1,apify-autocomplete
autocomplete,quotes for women picture,0,,,,,,0.0,1,apify-autocomplete
autocomplete,quotes for women pinterest,0,,,,,,0.0,1,apify-autocomplete
autocomplete,quotes for women positive,0,,,,,,0.0,1,apify-autocomplete
autocomplete,quotes for women power,0,,,,,,0.0,1,apify-autocomplete
autocomplete,quotes for women power in hindi,0,,,,,,0.0,1,apify-autocomplete
autocomplete,quotes for women respect,0,,,,,,0.0,1,apify-autocomplete
autocomplete,quotes for women rights,0,,,,,,0.0,1,apify-autocomplete
autocomplete,quotes for women tattoos,0,,,,,,0.0,1,apify-autocomplete
autocomplete,quotes for women to be strong,0,,,,,,0.0,1,apify-autocomplete
autocomplete,quotes for women to keep going,0,,,,,,0.0,1,apify-autocomplete
autocomplete,quotes for women to know their worth,0,,,,,,0.0,1,apify-autocomplete
autocomplete,quotes for women to stay strong,0,,,,,,0.0,1,apify-autocomplete
autocomplete,quotes for women turning 40,0,,,,,,0.0,1,apify-autocomplete
autocomplete,quotes for women turning 50,0,,,,,,0.0,1,apify-autocomplete
autocomplete,quotes for women unity,0,,,,,,0.0,1,apify-autocomplete
autocomplete,quotes for women upsc,0,,,,,,0.0,1,apify-autocomplete
autocomplete,quotes for women victory,0,,,,,,0.0,1,apify-autocomplete
autocomplete,quotes for women violence,0,,,,,,0.0,1,apify-autocomplete
autocomplete,quotes for women who are strong,0,,,,,,0.0,1,apify-autocomplete
autocomplete,quotes for women who are struggling,0,,,,,,0.0,1,apify-autocomplete
autocomplete,quotes for women who need strength,0,,,,,,0.0,1,apify-autocomplete
autocomplete,quotes for women with cancer,0,,,,,,0.0,1,apify-autocomplete
autocomplete,quotes for young women,0,,,,,,0.0,1,apify-autocomplete
autocomplete,quotes for young women lds,0,,,,,,0.0,1,apify-autocomplete
autocomplete,rhonda byrne wealth sleep affirmations youtube,0,,,,,,0.0,1,apify-autocomplete
autocomplete,rose quartz self love affirmations,0,,,,,,0.0,1,apify-autocomplete
autocomplete,self affirmation love cards for him,0,,,,,,0.0,1,apify-autocomplete
autocomplete,self affirmation love yourself,0,,,,,,0.0,1,apify-autocomplete
autocomplete,self esteem affirmation cards,0,,,,,,0.0,1,apify-autocomplete
autocomplete,self esteem affirmation meditation,0,,,,,,0.0,1,apify-autocomplete
autocomplete,self esteem affirmations audio,0,,,,,,0.0,1,apify-autocomplete
autocomplete,self esteem affirmations for kids,0,,,,,,0.0,1,apify-autocomplete
autocomplete,self esteem affirmations for teens,0,,,,,,0.0,1,apify-autocomplete
autocomplete,self esteem affirmations from the bible,0,,,,,,0.0,1,apify-autocomplete
autocomplete,self esteem affirmations in hindi,0,,,,,,0.0,1,apify-autocomplete
autocomplete,self esteem affirmations reddit,0,,,,,,0.0,1,apify-autocomplete
autocomplete,self love affirmation card deck,0,,,,,,0.0,1,apify-autocomplete
autocomplete,self love affirmation jar,0,,,,,,0.0,1,apify-autocomplete
autocomplete,self love affirmation of the day,0,,,,,,0.0,1,apify-autocomplete
autocomplete,self love affirmation spell,0,,,,,,0.0,1,apify-autocomplete
autocomplete,self love affirmation stickers,0,,,,,,0.0,1,apify-autocomplete
autocomplete,self love affirmations and reflections jule kim,0,,,,,,0.0,1,apify-autocomplete
autocomplete,self love affirmations black woman,0,,,,,,0.0,1,apify-autocomplete
autocomplete,self love affirmations by louise hay,0,,,,,,0.0,1,apify-autocomplete
autocomplete,self love affirmations by louise hay google search,0,,,,,,0.0,1,apify-autocomplete
autocomplete,self love affirmations by musings from the moon,0,,,,,,0.0,1,apify-autocomplete
autocomplete,self love affirmations cbt therapy,0,,,,,,0.0,1,apify-autocomplete
autocomplete,self love affirmations chart,0,,,,,,0.0,1,apify-autocomplete
autocomplete,self love affirmations deck,0,,,,,,0.0,1,apify-autocomplete
autocomplete,self love affirmations for anxiety,0,,,,,,0.0,1,apify-autocomplete
autocomplete,self love affirmations for black women,0,,,,,,0.0,1,apify-autocomplete
autocomplete,self love affirmations for childhood trauma,0,,,,,,0.0,1,apify-autocomplete
autocomplete,self love affirmations for deep sleep,0,,,,,,0.0,1,apify-autocomplete
autocomplete,self love affirmations for girls,0,,,,,,0.0,1,apify-autocomplete
autocomplete,self love affirmations for her,0,,,,,,0.0,1,apify-autocomplete
autocomplete,self love affirmations for relationships,0,,,,,,0.0,1,apify-autocomplete
autocomplete,self love affirmations for teen girls,0,,,,,,0.0,1,apify-autocomplete
autocomplete,self love affirmations for women pdf,0,,,,,,0.0,1,apify-autocomplete
autocomplete,self love affirmations for women quotes,0,,,,,,0.0,1,apify-autocomplete
autocomplete,self love affirmations guided meditation,0,,,,,,0.0,1,apify-autocomplete
autocomplete,self love affirmations hindi,0,,,,,,0.0,1,apify-autocomplete
autocomplete,self love affirmations in bengali,0,,,,,,0.0,1,apify-autocomplete
autocomplete,self love affirmations in marathi,0,,,,,,0.0,1,apify-autocomplete
autocomplete,self love affirmations in spanish,0,,,,,,0.0,1,apify-autocomplete
autocomplete,self love affirmations in tamil,0,,,,,,0.0,1,apify-autocomplete
autocomplete,self love affirmations in telugu,0,,,,,,0.0,1,apify-autocomplete
autocomplete,self love affirmations jessica,0,,,,,,0.0,1,apify-autocomplete
autocomplete,self love affirmations journal,0,,,,,,0.0,1,apify-autocomplete
autocomplete,self love affirmations jule kim,0,,,,,,0.0,1,apify-autocomplete
autocomplete,self love affirmations meaning,0,,,,,,0.0,1,apify-autocomplete
autocomplete,self love affirmations new,0,,,,,,0.0,1,apify-autocomplete
autocomplete,self love affirmations new age,0,,,,,,0.0,1,apify-autocomplete
autocomplete,self love affirmations new york times,0,,,,,,0.0,1,apify-autocomplete
autocomplete,self love affirmations non religious,0,,,,,,0.0,1,apify-autocomplete
autocomplete,self love affirmations npr,0,,,,,,0.0,1,apify-autocomplete
autocomplete,self love affirmations podcast,0,,,,,,0.0,1,apify-autocomplete
autocomplete,self love affirmations script,0,,,,,,0.0,1,apify-autocomplete
autocomplete,self love affirmations sinhala,0,,,,,,0.0,1,apify-autocomplete
autocomplete,self love affirmations tamil,0,,,,,,0.0,1,apify-autocomplete
autocomplete,self love affirmations tattoo,0,,,,,,0.0,1,apify-autocomplete
autocomplete,self love affirmations valntna,0,,,,,,0.0,1,apify-autocomplete
autocomplete,self love affirmations witchcraft,0,,,,,,0.0,1,apify-autocomplete
autocomplete,self love and growth affirmations,0,,,,,,0.0,1,apify-autocomplete
autocomplete,self love and respect affirmations,0,,,,,,0.0,1,apify-autocomplete
autocomplete,self love bedtime affirmations,0,,,,,,0.0,1,apify-autocomplete
autocomplete,self love club affirmation cards,0,,,,,,0.0,1,apify-autocomplete
autocomplete,self love daily affirmations app,0,,,,,,0.0,1,apify-autocomplete
autocomplete,self love positive affirmations youtube,0,,,,,,0.0,1,apify-autocomplete
autocomplete,self love rainbow affirmations,0,,,,,,0.0,1,apify-autocomplete
autocomplete,self love self esteem affirmations,0,,,,,,0.0,1,apify-autocomplete
autocomplete,self worth affirmation cards,0,,,,,,0.0,1,apify-autocomplete
autocomplete,self worth affirmations after breakup,0,,,,,,0.0,1,apify-autocomplete
autocomplete,self worth affirmations for kids,0,,,,,,0.0,1,apify-autocomplete
autocomplete,self worth affirmations reddit,0,,,,,,0.0,1,apify-autocomplete
autocomplete,self- love affirmations worksheets,0,,,,,,0.0,1,apify-autocomplete
autocomplete,self-love affirmations and reflections cards,0,,,,,,0.0,1,apify-autocomplete
autocomplete,self.love affirmations video,0,,,,,,0.0,1,apify-autocomplete
autocomplete,sleep affirmation cards,0,,,,,,0.0,1,apify-autocomplete
autocomplete,sleep affirmation goddess,0,,,,,,0.0,1,apify-autocomplete
autocomplete,sleep affirmation quotes,0,,,,,,0.0,1,apify-autocomplete
autocomplete,sleep affirmation tapes reddit,0,,,,,,0.0,2,apify-autocomplete
autocomplete,sleep affirmations 101,0,,,,,,0.0,1,apify-autocomplete
autocomplete,sleep affirmations all night,0,,,,,,0.0,1,apify-autocomplete
autocomplete,sleep affirmations attract miracles,0,,,,,,0.0,1,apify-autocomplete
autocomplete,sleep affirmations before sleep,0,,,,,,0.0,1,apify-autocomplete
autocomplete,sleep affirmations changed my life,0,,,,,,0.0,1,apify-autocomplete
autocomplete,sleep affirmations depression,0,,,,,,0.0,1,apify-autocomplete
autocomplete,sleep affirmations for anxious detachment,0,,,,,,0.0,1,apify-autocomplete
autocomplete,sleep affirmations for athletic performance,0,,,,,,0.0,1,apify-autocomplete
autocomplete,sleep affirmations for children,0,,,,,,0.0,1,apify-autocomplete
autocomplete,sleep affirmations for letting go,0,,,,,,0.0,1,apify-autocomplete
autocomplete,sleep affirmations for lucid dreaming,0,,,,,,0.0,1,apify-autocomplete
autocomplete,sleep affirmations for self esteem,0,,,,,,0.0,1,apify-autocomplete
autocomplete,sleep affirmations lavender,0,,,,,,0.0,1,apify-autocomplete
autocomplete,sleep affirmations manifesting,0,,,,,,0.0,1,apify-autocomplete
autocomplete,sleep affirmations meaning,0,,,,,,0.0,1,apify-autocomplete
autocomplete,sleep affirmations mind body soul,0,,,,,,0.0,1,apify-autocomplete
autocomplete,sleep affirmations pdf,0,,,,,,0.0,1,apify-autocomplete
autocomplete,sleep affirmations podcast,0,,,,,,0.0,1,apify-autocomplete
autocomplete,sleep affirmations results reddit,0,,,,,,0.0,1,apify-autocomplete
autocomplete,sleep affirmations science,0,,,,,,0.0,1,apify-autocomplete
autocomplete,sleep affirmations script,0,,,,,,0.0,1,apify-autocomplete
autocomplete,sleep affirmations spotify,0,,,,,,0.0,1,apify-autocomplete
autocomplete,sleep affirmations success stories,0,,,,,,0.0,1,apify-autocomplete
autocomplete,sleep affirmations to reprogram subconscious mind,0,,,,,,0.0,1,apify-autocomplete
autocomplete,sleep affirmations video,0,,,,,,0.0,1,apify-autocomplete
autocomplete,sleep affirmations while sleeping,0,,,,,,0.0,1,apify-autocomplete
autocomplete,sleep hertz affirmations,0,,,,,,0.0,1,apify-autocomplete
autocomplete,sleep hypnosis affirmations abundance,0,,,,,,0.0,1,apify-autocomplete
autocomplete,sleep paralysis affirmations,0,,,,,,0.0,1,apify-autocomplete
autocomplete,sleep talk affirmations for kids,0,,,,,,0.0,1,apify-autocomplete
autocomplete,sleep talk affirmations for toddlers,0,,,,,,0.0,1,apify-autocomplete
autocomplete,sleep time affirmations for kids,0,,,,,,0.0,1,apify-autocomplete
autocomplete,sleep training affirmations,0,,,,,,0.0,1,apify-autocomplete
autocomplete,sleep well affirmations,0,,,,,,0.0,1,apify-autocomplete
autocomplete,sleep.affirmations self love female,0,,,,,,0.0,1,apify-autocomplete
autocomplete,sleeping affirmations in tamil,0,,,,,,0.0,1,apify-autocomplete
autocomplete,sleeping affirmations to heal insecurity,0,,,,,,0.0,1,apify-autocomplete
autocomplete,sleeping with affirmations on,0,,,,,,0.0,1,apify-autocomplete
autocomplete,sleeping with affirmations reddit,0,,,,,,0.0,1,apify-autocomplete
autocomplete,sleeping with affirmations under pillow,0,,,,,,0.0,1,apify-autocomplete
autocomplete,subliminal affirmations with music for anxiety youtube,0,,,,,,0.0,1,apify-autocomplete
autocomplete,ten affirmations xi jinping,0,,,,,,0.0,1,apify-autocomplete
autocomplete,travel manifestation affirmations quotes,0,,,,,,0.0,1,apify-autocomplete
autocomplete,unique money affirmations,0,,,,,,0.0,1,apify-autocomplete
autocomplete,unique self love affirmations,0,,,,,,0.0,1,apify-autocomplete
autocomplete,unlimited money affirmations,0,,,,,,0.0,1,apify-autocomplete
autocomplete,unlock your life self love affirmations,0,,,,,,0.0,1,apify-autocomplete
autocomplete,unterschied affirmation manifestation,0,,,,,,0.0,1,apify-autocomplete
autocomplete,valntna self love affirmations lyrics,0,,,,,,0.0,1,apify-autocomplete
autocomplete,water manifestation affirmations in hindi,0,,,,,,0.0,1,apify-autocomplete
autocomplete,water manifestation technique affirmations,0,,,,,,0.0,1,apify-autocomplete
autocomplete,wealth affirmations countdown to riches,0,,,,,,0.0,1,apify-autocomplete
autocomplete,wealth affirmations download,0,,,,,,0.0,1,apify-autocomplete
autocomplete,wealth affirmations game,0,,,,,,0.0,1,apify-autocomplete
autocomplete,wealth affirmations on youtube,0,,,,,,0.0,1,apify-autocomplete
autocomplete,wealth affirmations outfit7 download,0,,,,,,0.0,1,apify-autocomplete
autocomplete,wealth affirmations outfit7 getjar,0,,,,,,0.0,1,apify-autocomplete
autocomplete,what are money affirmations,0,,,,,,0.0,1,apify-autocomplete
autocomplete,youtube self love affirmations jessica heslop,0,,,,,,0.0,1,apify-autocomplete
autocomplete,zig affirmations,0,,,,,,0.0,1,apify-autocomplete
autocomplete,ziglar affirmations,0,,,,,,0.0,1,apify-autocomplete
autocomplete,zodiac affirmations august 2025,0,,,,,,0.0,1,apify-autocomplete
autocomplete,zodiac daily affirmations,0,,,,,,0.0,1,apify-autocomplete
autocomplete,zox affirmations,0,,,,,,0.0,1,apify-autocomplete
